[17:02:57] Config: bench=['clawbench-official'], models=['qwen3.6-27b'], sample=all
[17:02:57] 
============================================================
[17:02:57] BENCHMARK: ClawBench Official (250 tasks)
[17:02:57] ============================================================
[17:02:57]   [clawbench-official×qwen3.6-27b] evaluating...
[17:03:06] [clawbench_acad-002-literature-review_qwen3.6-27b_20260520_090259] Container started
[17:03:06] [acad-002-literature-review] Harness detected, timeout adjusted: 3600 → 3780
[17:03:06] [clawbench_acad-001-citation-network_qwen3.6-27b_20260520_090259] Container started
[17:03:06] [acad-001-citation-network] Harness detected, timeout adjusted: 3600 → 3780
[17:04:27]   [container] [setup] 运行 setup.sh: /app/claw-bench/tasks/academic-research/acad-002-literature-review/environment/setup.sh
[17:04:27]   [container] [setup] setup.sh 成功
[17:04:27]   [container] [setup] 工作空间文件: ['abstracts.csv', 'instruction.md']
[17:04:27]   [container] DONE
[17:04:27]   [container-err] Loading weights:   0%|          | 0/103 [00:00<?, ?it/s]
[17:04:27]   [container-err] Loading weights: 100%|██████████| 103/103 [00:00<00:00, 5697.73it/s]
[17:04:27]   [container-err] [1mBertModel LOAD REPORT[0m from: sentence-transformers/all-MiniLM-L6-v2
[17:04:27]   [container-err] Key                     | Status     |  | 
[17:04:27]   [container-err] ------------------------+------------+--+-
[17:04:27]   [container-err] embeddings.position_ids | UNEXPECTED |  | 
[17:04:27]   [container-err] 
[17:04:27]   [container-err] Notes:
[17:04:27]   [container-err] - UNEXPECTED:	can be ignored when loading from different task/architecture; not ok if you expect identical arch.
[17:04:27] [clawbench_acad-002-literature-review_qwen3.6-27b_20260520_090259] Agent finished in 81.24s, returncode=0
[17:04:27] [clawbench_acad-002-literature-review_qwen3.6-27b_20260520_090259] Agent result: passed=True, score=1.0000
[17:04:28] [acad-002-literature-review] Result saved to /Volumes/F/work/ClawEvalkit-private-emnlp/outputs/harness/procedure/clawbench-official/qwen3.6-27b/acad-002-literature-review.json
[17:04:30] [clawbench_acad-003-statistical-analysis_qwen3.6-27b_20260520_090428] Container started
[17:04:30] [acad-003-statistical-analysis] Harness detected, timeout adjusted: 3600 → 3780
[17:04:37]   [container] [setup] 运行 setup.sh: /app/claw-bench/tasks/academic-research/acad-001-citation-network/environment/setup.sh
[17:04:37]   [container] [setup] setup.sh 成功
[17:04:37]   [container] [setup] 工作空间文件: ['references.bib', 'instruction.md']
[17:04:37]   [container] DONE
[17:04:37]   [container-err] Loading weights:   0%|          | 0/103 [00:00<?, ?it/s]
[17:04:37]   [container-err] Loading weights: 100%|██████████| 103/103 [00:00<00:00, 6651.68it/s]
[17:04:37]   [container-err] [1mBertModel LOAD REPORT[0m from: sentence-transformers/all-MiniLM-L6-v2
[17:04:37]   [container-err] Key                     | Status     |  | 
[17:04:37]   [container-err] ------------------------+------------+--+-
[17:04:37]   [container-err] embeddings.position_ids | UNEXPECTED |  | 
[17:04:37]   [container-err] 
[17:04:37]   [container-err] Notes:
[17:04:37]   [container-err] - UNEXPECTED:	can be ignored when loading from different task/architecture; not ok if you expect identical arch.
[17:04:37] [clawbench_acad-001-citation-network_qwen3.6-27b_20260520_090259] Agent finished in 91.28s, returncode=0
[17:04:37] [clawbench_acad-001-citation-network_qwen3.6-27b_20260520_090259] Agent result: passed=True, score=1.0000
[17:04:38] [acad-001-citation-network] Result saved to /Volumes/F/work/ClawEvalkit-private-emnlp/outputs/harness/procedure/clawbench-official/qwen3.6-27b/acad-001-citation-network.json
[17:04:41] [clawbench_acad-004-plagiarism-check_qwen3.6-27b_20260520_090438] Container started
[17:04:41] [acad-004-plagiarism-check] Harness detected, timeout adjusted: 3600 → 3780
[17:05:27]   [container] [setup] 运行 setup.sh: /app/claw-bench/tasks/academic-research/acad-003-statistical-analysis/environment/setup.sh
[17:05:27]   [container] [setup] setup.sh 成功
[17:05:27]   [container] [setup] 工作空间文件: ['instruction.md', 'experiment_data.csv']
[17:05:27]   [container] DONE
[17:05:27]   [container-err] Loading weights:   0%|          | 0/103 [00:00<?, ?it/s]
[17:05:27]   [container-err] Loading weights: 100%|██████████| 103/103 [00:00<00:00, 19404.12it/s]
[17:05:27]   [container-err] [1mBertModel LOAD REPORT[0m from: sentence-transformers/all-MiniLM-L6-v2
[17:05:27]   [container-err] Key                     | Status     |  | 
[17:05:27]   [container-err] ------------------------+------------+--+-
[17:05:27]   [container-err] embeddings.position_ids | UNEXPECTED |  | 
[17:05:27]   [container-err] 
[17:05:27]   [container-err] Notes:
[17:05:27]   [container-err] - UNEXPECTED:	can be ignored when loading from different task/architecture; not ok if you expect identical arch.
[17:05:27] [clawbench_acad-003-statistical-analysis_qwen3.6-27b_20260520_090428] Agent finished in 57.01s, returncode=0
[17:05:27] [clawbench_acad-003-statistical-analysis_qwen3.6-27b_20260520_090428] Agent result: passed=False, score=0.7500
[17:05:28] [acad-003-statistical-analysis] Result saved to /Volumes/F/work/ClawEvalkit-private-emnlp/outputs/harness/procedure/clawbench-official/qwen3.6-27b/acad-003-statistical-analysis.json
[17:05:30] [clawbench_acad-005-metadata-extraction_qwen3.6-27b_20260520_090528] Container started
[17:05:30] [acad-005-metadata-extraction] Harness detected, timeout adjusted: 3600 → 3780
[17:06:54]   [container] [setup] 运行 setup.sh: /app/claw-bench/tasks/academic-research/acad-005-metadata-extraction/environment/setup.sh
[17:06:54]   [container] [setup] setup.sh 成功
[17:06:54]   [container] [setup] 工作空间文件: ['instruction.md']
[17:06:54]   [container] DONE
[17:06:54]   [container-err] Loading weights:   0%|          | 0/103 [00:00<?, ?it/s]
[17:06:54]   [container-err] Loading weights: 100%|██████████| 103/103 [00:00<00:00, 39309.67it/s]
[17:06:54]   [container-err] [1mBertModel LOAD REPORT[0m from: sentence-transformers/all-MiniLM-L6-v2
[17:06:54]   [container-err] Key                     | Status     |  | 
[17:06:54]   [container-err] ------------------------+------------+--+-
[17:06:54]   [container-err] embeddings.position_ids | UNEXPECTED |  | 
[17:06:54]   [container-err] 
[17:06:54]   [container-err] Notes:
[17:06:54]   [container-err] - UNEXPECTED:	can be ignored when loading from different task/architecture; not ok if you expect identical arch.
[17:06:54] [clawbench_acad-005-metadata-extraction_qwen3.6-27b_20260520_090528] Agent finished in 84.23s, returncode=0
[17:06:54] [clawbench_acad-005-metadata-extraction_qwen3.6-27b_20260520_090528] Agent result: passed=True, score=1.0000
[17:06:55] [acad-005-metadata-extraction] Result saved to /Volumes/F/work/ClawEvalkit-private-emnlp/outputs/harness/procedure/clawbench-official/qwen3.6-27b/acad-005-metadata-extraction.json
[17:06:57] [clawbench_acct-001-journal-entries_qwen3.6-27b_20260520_090655] Container started
[17:06:57] [acct-001-journal-entries] Harness detected, timeout adjusted: 3600 → 3780
[17:07:35]   [container] [setup] 运行 setup.sh: /app/claw-bench/tasks/accounting/acct-001-journal-entries/environment/setup.sh
[17:07:35]   [container] [setup] setup.sh 成功
[17:07:35]   [container] [setup] 工作空间文件: ['instruction.md', 'transactions.csv']
[17:07:35]   [container] DONE
[17:07:35]   [container-err] Loading weights:   0%|          | 0/103 [00:00<?, ?it/s]
[17:07:35]   [container-err] Loading weights: 100%|██████████| 103/103 [00:00<00:00, 7793.01it/s]
[17:07:35]   [container-err] [1mBertModel LOAD REPORT[0m from: sentence-transformers/all-MiniLM-L6-v2
[17:07:35]   [container-err] Key                     | Status     |  | 
[17:07:35]   [container-err] ------------------------+------------+--+-
[17:07:35]   [container-err] embeddings.position_ids | UNEXPECTED |  | 
[17:07:35]   [container-err] 
[17:07:35]   [container-err] Notes:
[17:07:35]   [container-err] - UNEXPECTED:	can be ignored when loading from different task/architecture; not ok if you expect identical arch.
[17:07:35] [clawbench_acct-001-journal-entries_qwen3.6-27b_20260520_090655] Agent finished in 37.68s, returncode=0
[17:07:35] [clawbench_acct-001-journal-entries_qwen3.6-27b_20260520_090655] Agent result: passed=True, score=1.0000
[17:07:35] [acct-001-journal-entries] Result saved to /Volumes/F/work/ClawEvalkit-private-emnlp/outputs/harness/procedure/clawbench-official/qwen3.6-27b/acct-001-journal-entries.json
[17:07:40] [clawbench_acct-002-trial-balance_qwen3.6-27b_20260520_090735] Container started
[17:07:40] [acct-002-trial-balance] Harness detected, timeout adjusted: 3600 → 3780
[17:08:16]   [container] [setup] 运行 setup.sh: /app/claw-bench/tasks/accounting/acct-002-trial-balance/environment/setup.sh
[17:08:16]   [container] [setup] setup.sh 成功
[17:08:16]   [container] [setup] 工作空间文件: ['ledger.csv', 'instruction.md']
[17:08:16]   [container] DONE
[17:08:16]   [container-err] Loading weights:   0%|          | 0/103 [00:00<?, ?it/s]
[17:08:16]   [container-err] Loading weights: 100%|██████████| 103/103 [00:00<00:00, 16074.91it/s]
[17:08:16]   [container-err] [1mBertModel LOAD REPORT[0m from: sentence-transformers/all-MiniLM-L6-v2
[17:08:16]   [container-err] Key                     | Status     |  | 
[17:08:16]   [container-err] ------------------------+------------+--+-
[17:08:16]   [container-err] embeddings.position_ids | UNEXPECTED |  | 
[17:08:16]   [container-err] 
[17:08:16]   [container-err] Notes:
[17:08:16]   [container-err] - UNEXPECTED:	can be ignored when loading from different task/architecture; not ok if you expect identical arch.
[17:08:16] [clawbench_acct-002-trial-balance_qwen3.6-27b_20260520_090735] Agent finished in 35.93s, returncode=0
[17:08:16] [clawbench_acct-002-trial-balance_qwen3.6-27b_20260520_090735] Agent result: passed=True, score=1.0000
[17:08:17] [acct-002-trial-balance] Result saved to /Volumes/F/work/ClawEvalkit-private-emnlp/outputs/harness/procedure/clawbench-official/qwen3.6-27b/acct-002-trial-balance.json
[17:08:19] [clawbench_acct-003-depreciation_qwen3.6-27b_20260520_090817] Container started
[17:08:19] [acct-003-depreciation] Harness detected, timeout adjusted: 3600 → 3780
[17:09:31]   [container] [setup] 运行 setup.sh: /app/claw-bench/tasks/accounting/acct-003-depreciation/environment/setup.sh
[17:09:31]   [container] [setup] setup.sh 成功
[17:09:31]   [container] [setup] 工作空间文件: ['assets.csv', 'instruction.md']
[17:09:31]   [container] DONE
[17:09:31]   [container-err] Loading weights:   0%|          | 0/103 [00:00<?, ?it/s]
[17:09:31]   [container-err] Loading weights: 100%|██████████| 103/103 [00:00<00:00, 20511.50it/s]
[17:09:31]   [container-err] [1mBertModel LOAD REPORT[0m from: sentence-transformers/all-MiniLM-L6-v2
[17:09:31]   [container-err] Key                     | Status     |  | 
[17:09:31]   [container-err] ------------------------+------------+--+-
[17:09:31]   [container-err] embeddings.position_ids | UNEXPECTED |  | 
[17:09:31]   [container-err] 
[17:09:31]   [container-err] Notes:
[17:09:31]   [container-err] - UNEXPECTED:	can be ignored when loading from different task/architecture; not ok if you expect identical arch.
[17:09:31] [clawbench_acct-003-depreciation_qwen3.6-27b_20260520_090817] Agent finished in 71.51s, returncode=0
[17:09:31] [clawbench_acct-003-depreciation_qwen3.6-27b_20260520_090817] Agent result: passed=True, score=1.0000
[17:09:31] [acct-003-depreciation] Result saved to /Volumes/F/work/ClawEvalkit-private-emnlp/outputs/harness/procedure/clawbench-official/qwen3.6-27b/acct-003-depreciation.json
[17:09:34] [clawbench_acct-004-bank-reconciliation_qwen3.6-27b_20260520_090931] Container started
[17:09:34] [acct-004-bank-reconciliation] Harness detected, timeout adjusted: 3600 → 3780
[17:10:44]   [container] [setup] 运行 setup.sh: /app/claw-bench/tasks/accounting/acct-004-bank-reconciliation/environment/setup.sh
[17:10:44]   [container] [setup] setup.sh 成功
[17:10:44]   [container] [setup] 工作空间文件: ['bank_statement.csv', 'company_ledger.csv', 'instruction.md']
[17:10:44]   [container] DONE
[17:10:44]   [container-err] Loading weights:   0%|          | 0/103 [00:00<?, ?it/s]
[17:10:44]   [container-err] Loading weights: 100%|██████████| 103/103 [00:00<00:00, 25396.11it/s]
[17:10:44]   [container-err] [1mBertModel LOAD REPORT[0m from: sentence-transformers/all-MiniLM-L6-v2
[17:10:44]   [container-err] Key                     | Status     |  | 
[17:10:44]   [container-err] ------------------------+------------+--+-
[17:10:44]   [container-err] embeddings.position_ids | UNEXPECTED |  | 
[17:10:44]   [container-err] 
[17:10:44]   [container-err] Notes:
[17:10:44]   [container-err] - UNEXPECTED:	can be ignored when loading from different task/architecture; not ok if you expect identical arch.
[17:10:44] [clawbench_acct-004-bank-reconciliation_qwen3.6-27b_20260520_090931] Agent finished in 69.93s, returncode=0
[17:10:44] [clawbench_acct-004-bank-reconciliation_qwen3.6-27b_20260520_090931] Agent result: passed=True, score=1.0000
[17:10:45] [acct-004-bank-reconciliation] Result saved to /Volumes/F/work/ClawEvalkit-private-emnlp/outputs/harness/procedure/clawbench-official/qwen3.6-27b/acct-004-bank-reconciliation.json
[17:10:47] [clawbench_acct-005-financial-statements_qwen3.6-27b_20260520_091045] Container started
[17:10:47] [acct-005-financial-statements] Harness detected, timeout adjusted: 3600 → 3780
[17:11:54]   [container] [setup] 运行 setup.sh: /app/claw-bench/tasks/accounting/acct-005-financial-statements/environment/setup.sh
[17:11:54]   [container] [setup] setup.sh 成功
[17:11:54]   [container] [setup] 工作空间文件: ['trial_balance.csv', 'instruction.md']
[17:11:54]   [container] DONE
[17:11:54]   [container-err] Loading weights:   0%|          | 0/103 [00:00<?, ?it/s]
[17:11:54]   [container-err] Loading weights: 100%|██████████| 103/103 [00:00<00:00, 88219.99it/s]
[17:11:54]   [container-err] [1mBertModel LOAD REPORT[0m from: sentence-transformers/all-MiniLM-L6-v2
[17:11:54]   [container-err] Key                     | Status     |  | 
[17:11:54]   [container-err] ------------------------+------------+--+-
[17:11:54]   [container-err] embeddings.position_ids | UNEXPECTED |  | 
[17:11:54]   [container-err] 
[17:11:54]   [container-err] Notes:
[17:11:54]   [container-err] - UNEXPECTED:	can be ignored when loading from different task/architecture; not ok if you expect identical arch.
[17:11:54] [clawbench_acct-005-financial-statements_qwen3.6-27b_20260520_091045] Agent finished in 66.72s, returncode=0
[17:11:54] [clawbench_acct-005-financial-statements_qwen3.6-27b_20260520_091045] Agent result: passed=False, score=0.5000
[17:11:54] [acct-005-financial-statements] Result saved to /Volumes/F/work/ClawEvalkit-private-emnlp/outputs/harness/procedure/clawbench-official/qwen3.6-27b/acct-005-financial-statements.json
[17:11:57] [clawbench_bio-001-sequence-analysis_qwen3.6-27b_20260520_091154] Container started
[17:11:57] [bio-001-sequence-analysis] Harness detected, timeout adjusted: 3600 → 3780
[17:13:16]   [container] [setup] 运行 setup.sh: /app/claw-bench/tasks/bioinformatics/bio-001-sequence-analysis/environment/setup.sh
[17:13:16]   [container] [setup] setup.sh 成功
[17:13:16]   [container] [setup] 工作空间文件: ['instruction.md', 'sequences.fasta']
[17:13:16]   [container] DONE
[17:13:16]   [container-err] Loading weights:   0%|          | 0/103 [00:00<?, ?it/s]
[17:13:16]   [container-err] Loading weights: 100%|██████████| 103/103 [00:00<00:00, 6159.12it/s]
[17:13:16]   [container-err] [1mBertModel LOAD REPORT[0m from: sentence-transformers/all-MiniLM-L6-v2
[17:13:16]   [container-err] Key                     | Status     |  | 
[17:13:16]   [container-err] ------------------------+------------+--+-
[17:13:16]   [container-err] embeddings.position_ids | UNEXPECTED |  | 
[17:13:16]   [container-err] 
[17:13:16]   [container-err] Notes:
[17:13:16]   [container-err] - UNEXPECTED:	can be ignored when loading from different task/architecture; not ok if you expect identical arch.
[17:13:16] [clawbench_bio-001-sequence-analysis_qwen3.6-27b_20260520_091154] Agent finished in 79.04s, returncode=0
[17:13:16] [clawbench_bio-001-sequence-analysis_qwen3.6-27b_20260520_091154] Agent result: passed=True, score=1.0000
[17:13:16] [bio-001-sequence-analysis] Result saved to /Volumes/F/work/ClawEvalkit-private-emnlp/outputs/harness/procedure/clawbench-official/qwen3.6-27b/bio-001-sequence-analysis.json
[17:13:19] [clawbench_bio-002-protein-alignment_qwen3.6-27b_20260520_091316] Container started
[17:13:19] [bio-002-protein-alignment] Harness detected, timeout adjusted: 3600 → 3780
[17:15:08]   [container] num_seqs = 25
[17:15:08]   [container] min_len = 50
[17:15:08]   [container] max_len = 100
[17:15:08]   [container] 
[17:15:08]   [container] with open(f"{os.environ.get(\"WORKSPACE\", os.getcwd())}/proteins.fasta", "w") as f:
[17:15:08]   [container]     for i in range(1, num_seqs + 1):
[17:15:08]   [container]         length = random.randint(min_len, max_len)
[17:15:08]   [container]         seq = "".join(random.choices(amino_acids, k=length))
[17:15:08]   [container]         f.write(f">seq{i}\n")
[17:15:08]   [container]         # Write sequence in lines of max 60 chars
[17:15:08]   [container]         for j in range(0, length, 60):
[17:15:08]   [container]             f.write(seq[j:j+60] + "\n")
[17:15:08]   [container] '
[17:15:08]   [container]   File "<string>", line 10
[17:15:08]   [container]     with open(f"{os.environ.get(\"WORKSPACE\", os.getcwd())}/proteins.fasta", "w") as f:
[17:15:08]   [container]                                  ^
[17:15:08]   [container] SyntaxError: unexpected character after line continuation character
[17:15:08]   [container] 
[17:15:08]   [container] [setup] 工作空间文件: ['instruction.md']
[17:15:08]   [container] DONE
[17:15:08]   [container-err] Loading weights:   0%|          | 0/103 [00:00<?, ?it/s]
[17:15:08]   [container-err] Loading weights: 100%|██████████| 103/103 [00:00<00:00, 6666.87it/s]
[17:15:08]   [container-err] [1mBertModel LOAD REPORT[0m from: sentence-transformers/all-MiniLM-L6-v2
[17:15:08]   [container-err] Key                     | Status     |  | 
[17:15:08]   [container-err] ------------------------+------------+--+-
[17:15:08]   [container-err] embeddings.position_ids | UNEXPECTED |  | 
[17:15:08]   [container-err] 
[17:15:08]   [container-err] Notes:
[17:15:08]   [container-err] - UNEXPECTED:	can be ignored when loading from different task/architecture; not ok if you expect identical arch.
[17:15:08] [clawbench_bio-002-protein-alignment_qwen3.6-27b_20260520_091316] Agent finished in 109.46s, returncode=0
[17:15:08] [clawbench_bio-002-protein-alignment_qwen3.6-27b_20260520_091316] Agent result: passed=True, score=1.0000
[17:15:09] [bio-002-protein-alignment] Result saved to /Volumes/F/work/ClawEvalkit-private-emnlp/outputs/harness/procedure/clawbench-official/qwen3.6-27b/bio-002-protein-alignment.json
[17:15:11] [clawbench_bio-003-gene-expression_qwen3.6-27b_20260520_091509] Container started
[17:15:11] [bio-003-gene-expression] Harness detected, timeout adjusted: 3600 → 3780
[17:16:33]   [container] [setup] 运行 setup.sh: /app/claw-bench/tasks/bioinformatics/bio-003-gene-expression/environment/setup.sh
[17:16:33]   [container] [setup] setup.sh 成功
[17:16:33]   [container] [setup] 工作空间文件: ['instruction.md', 'expression_matrix.csv']
[17:16:33]   [container] DONE
[17:16:33]   [container-err] Loading weights:   0%|          | 0/103 [00:00<?, ?it/s]
[17:16:33]   [container-err] Loading weights: 100%|██████████| 103/103 [00:00<00:00, 27703.82it/s]
[17:16:33]   [container-err] [1mBertModel LOAD REPORT[0m from: sentence-transformers/all-MiniLM-L6-v2
[17:16:33]   [container-err] Key                     | Status     |  | 
[17:16:33]   [container-err] ------------------------+------------+--+-
[17:16:33]   [container-err] embeddings.position_ids | UNEXPECTED |  | 
[17:16:33]   [container-err] 
[17:16:33]   [container-err] Notes:
[17:16:33]   [container-err] - UNEXPECTED:	can be ignored when loading from different task/architecture; not ok if you expect identical arch.
[17:16:33] [clawbench_bio-003-gene-expression_qwen3.6-27b_20260520_091509] Agent finished in 81.69s, returncode=0
[17:16:33] [clawbench_bio-003-gene-expression_qwen3.6-27b_20260520_091509] Agent result: passed=True, score=1.0000
[17:16:34] [bio-003-gene-expression] Result saved to /Volumes/F/work/ClawEvalkit-private-emnlp/outputs/harness/procedure/clawbench-official/qwen3.6-27b/bio-003-gene-expression.json
[17:16:36] [clawbench_bio-004-phylogenetic_qwen3.6-27b_20260520_091634] Container started
[17:16:36] [bio-004-phylogenetic] Harness detected, timeout adjusted: 3600 → 3780
[17:18:49]   [container] [setup] 运行 setup.sh: /app/claw-bench/tasks/bioinformatics/bio-004-phylogenetic/environment/setup.sh
[17:18:49]   [container] [setup] setup.sh 成功
[17:18:49]   [container] [setup] 工作空间文件: ['instruction.md', 'species_sequences.fasta']
[17:18:49]   [container] DONE
[17:18:49]   [container-err] Loading weights:   0%|          | 0/103 [00:00<?, ?it/s]
[17:18:49]   [container-err] Loading weights: 100%|██████████| 103/103 [00:00<00:00, 6899.74it/s]
[17:18:49]   [container-err] [1mBertModel LOAD REPORT[0m from: sentence-transformers/all-MiniLM-L6-v2
[17:18:49]   [container-err] Key                     | Status     |  | 
[17:18:49]   [container-err] ------------------------+------------+--+-
[17:18:49]   [container-err] embeddings.position_ids | UNEXPECTED |  | 
[17:18:49]   [container-err] 
[17:18:49]   [container-err] Notes:
[17:18:49]   [container-err] - UNEXPECTED:	can be ignored when loading from different task/architecture; not ok if you expect identical arch.
[17:18:49] [clawbench_bio-004-phylogenetic_qwen3.6-27b_20260520_091634] Agent finished in 133.36s, returncode=0
[17:18:49] [clawbench_bio-004-phylogenetic_qwen3.6-27b_20260520_091634] Agent result: passed=True, score=1.0000
[17:18:50] [bio-004-phylogenetic] Result saved to /Volumes/F/work/ClawEvalkit-private-emnlp/outputs/harness/procedure/clawbench-official/qwen3.6-27b/bio-004-phylogenetic.json
[17:18:53] [clawbench_bio-005-variant-annotation_qwen3.6-27b_20260520_091850] Container started
[17:18:53] [bio-005-variant-annotation] Harness detected, timeout adjusted: 3600 → 3780
[17:21:22]   [container]         length = random.randint(5000, 20000)
[17:21:22]   [container]         end = start + length
[17:21:22]   [container]         func = random.choice(functions)
[17:21:22]   [container]         regions.append([gene, chrom, start, end, func])
[17:21:22]   [container]         # Next gene region start with some gap
[17:21:22]   [container]         start = end + random.randint(1000, 5000)
[17:21:22]   [container] 
[17:21:22]   [container] with open(f"{os.environ.get(\"WORKSPACE\", os.getcwd())}/gene_regions.csv", "w", newline="") as f:
[17:21:22]   [container]     writer = csv.writer(f)
[17:21:22]   [container]     writer.writerow(["gene", "chrom", "start", "end", "function"])
[17:21:22]   [container]     for row in regions:
[17:21:22]   [container]         writer.writerow(row)
[17:21:22]   [container] '
[17:21:22]   [container]   File "<string>", line 21
[17:21:22]   [container]     with open(f"{os.environ.get(\"WORKSPACE\", os.getcwd())}/gene_regions.csv", "w", newline="") as f:
[17:21:22]   [container]                                  ^
[17:21:22]   [container] SyntaxError: unexpected character after line continuation character
[17:21:22]   [container] 
[17:21:22]   [container] [setup] 工作空间文件: ['instruction.md']
[17:21:22]   [container] DONE
[17:21:22]   [container-err] Loading weights:   0%|          | 0/103 [00:00<?, ?it/s]
[17:21:22]   [container-err] Loading weights: 100%|██████████| 103/103 [00:00<00:00, 19670.95it/s]
[17:21:22]   [container-err] [1mBertModel LOAD REPORT[0m from: sentence-transformers/all-MiniLM-L6-v2
[17:21:22]   [container-err] Key                     | Status     |  | 
[17:21:22]   [container-err] ------------------------+------------+--+-
[17:21:22]   [container-err] embeddings.position_ids | UNEXPECTED |  | 
[17:21:22]   [container-err] 
[17:21:22]   [container-err] Notes:
[17:21:22]   [container-err] - UNEXPECTED:	can be ignored when loading from different task/architecture; not ok if you expect identical arch.
[17:21:22] [clawbench_bio-005-variant-annotation_qwen3.6-27b_20260520_091850] Agent finished in 148.75s, returncode=0
[17:21:22] [clawbench_bio-005-variant-annotation_qwen3.6-27b_20260520_091850] Agent result: passed=False, score=0.6667
[17:21:22] [bio-005-variant-annotation] Result saved to /Volumes/F/work/ClawEvalkit-private-emnlp/outputs/harness/procedure/clawbench-official/qwen3.6-27b/bio-005-variant-annotation.json
[17:21:26] [clawbench_cal-001_qwen3.6-27b_20260520_092122] Container started
[17:21:26] [cal-001] Harness detected, timeout adjusted: 120 → 300
[17:21:49]   [container] [setup] 运行 setup.sh: /app/claw-bench/tasks/calendar/cal-001-create-meeting/environment/setup.sh
[17:21:49]   [container] [setup] setup.sh 成功
[17:21:49]   [container] [setup] 工作空间文件: ['instruction.md']
[17:21:49]   [container] DONE
[17:21:49]   [container-err] Loading weights:   0%|          | 0/103 [00:00<?, ?it/s]
[17:21:49]   [container-err] Loading weights: 100%|██████████| 103/103 [00:00<00:00, 9359.04it/s]
[17:21:49]   [container-err] [1mBertModel LOAD REPORT[0m from: sentence-transformers/all-MiniLM-L6-v2
[17:21:49]   [container-err] Key                     | Status     |  | 
[17:21:49]   [container-err] ------------------------+------------+--+-
[17:21:49]   [container-err] embeddings.position_ids | UNEXPECTED |  | 
[17:21:49]   [container-err] 
[17:21:49]   [container-err] Notes:
[17:21:49]   [container-err] - UNEXPECTED:	can be ignored when loading from different task/architecture; not ok if you expect identical arch.
[17:21:49] [clawbench_cal-001_qwen3.6-27b_20260520_092122] Agent finished in 22.80s, returncode=0
[17:21:49] [clawbench_cal-001_qwen3.6-27b_20260520_092122] Agent result: passed=True, score=1.0000
[17:21:49] [cal-001] Result saved to /Volumes/F/work/ClawEvalkit-private-emnlp/outputs/harness/procedure/clawbench-official/qwen3.6-27b/cal-001.json
[17:21:52] [clawbench_cal-002_qwen3.6-27b_20260520_092149] Container started
[17:21:52] [cal-002] Harness detected, timeout adjusted: 120 → 300
[17:22:15]   [container] [setup] 运行 setup.sh: /app/claw-bench/tasks/calendar/cal-002-delete-meeting/environment/setup.sh
[17:22:15]   [container] [setup] setup.sh 成功
[17:22:15]   [container] [setup] 工作空间文件: ['.gitkeep', 'instruction.md', 'calendar.json']
[17:22:15]   [container] DONE
[17:22:15]   [container-err] Loading weights:   0%|          | 0/103 [00:00<?, ?it/s]
[17:22:15]   [container-err] Loading weights: 100%|██████████| 103/103 [00:00<00:00, 18968.75it/s]
[17:22:15]   [container-err] [1mBertModel LOAD REPORT[0m from: sentence-transformers/all-MiniLM-L6-v2
[17:22:15]   [container-err] Key                     | Status     |  | 
[17:22:15]   [container-err] ------------------------+------------+--+-
[17:22:15]   [container-err] embeddings.position_ids | UNEXPECTED |  | 
[17:22:15]   [container-err] 
[17:22:15]   [container-err] Notes:
[17:22:15]   [container-err] - UNEXPECTED:	can be ignored when loading from different task/architecture; not ok if you expect identical arch.
[17:22:15] [clawbench_cal-002_qwen3.6-27b_20260520_092149] Agent finished in 22.41s, returncode=0
[17:22:15] [clawbench_cal-002_qwen3.6-27b_20260520_092149] Agent result: passed=True, score=1.0000
[17:22:15] [cal-002] Result saved to /Volumes/F/work/ClawEvalkit-private-emnlp/outputs/harness/procedure/clawbench-official/qwen3.6-27b/cal-002.json
[17:22:18] [clawbench_cal-003_qwen3.6-27b_20260520_092215] Container started
[17:22:18] [cal-003] Harness detected, timeout adjusted: 120 → 300
[17:23:00]   [container] [setup] 运行 setup.sh: /app/claw-bench/tasks/calendar/cal-003-list-today-schedule/environment/setup.sh
[17:23:00]   [container] [setup] setup.sh 成功
[17:23:00]   [container] [setup] 工作空间文件: ['.gitkeep', 'instruction.md', 'calendar.json']
[17:23:00]   [container] DONE
[17:23:00]   [container-err] Loading weights:   0%|          | 0/103 [00:00<?, ?it/s]
[17:23:00]   [container-err] Loading weights: 100%|██████████| 103/103 [00:00<00:00, 6398.96it/s]
[17:23:00]   [container-err] [1mBertModel LOAD REPORT[0m from: sentence-transformers/all-MiniLM-L6-v2
[17:23:00]   [container-err] Key                     | Status     |  | 
[17:23:00]   [container-err] ------------------------+------------+--+-
[17:23:00]   [container-err] embeddings.position_ids | UNEXPECTED |  | 
[17:23:00]   [container-err] 
[17:23:00]   [container-err] Notes:
[17:23:00]   [container-err] - UNEXPECTED:	can be ignored when loading from different task/architecture; not ok if you expect identical arch.
[17:23:00] [clawbench_cal-003_qwen3.6-27b_20260520_092215] Agent finished in 41.87s, returncode=0
[17:23:00] [clawbench_cal-003_qwen3.6-27b_20260520_092215] Agent result: passed=True, score=1.0000
[17:23:00] [cal-003] Result saved to /Volumes/F/work/ClawEvalkit-private-emnlp/outputs/harness/procedure/clawbench-official/qwen3.6-27b/cal-003.json
[17:23:02] [clawbench_cal-004_qwen3.6-27b_20260520_092300] Container started
[17:23:02] [cal-004] Harness detected, timeout adjusted: 120 → 300
[17:23:23]   [container] [setup] 运行 setup.sh: /app/claw-bench/tasks/calendar/cal-004-set-reminder/environment/setup.sh
[17:23:23]   [container] [setup] setup.sh 成功
[17:23:23]   [container] [setup] 工作空间文件: ['.gitkeep', 'instruction.md', 'calendar.json']
[17:23:23]   [container] DONE
[17:23:23]   [container-err] Loading weights:   0%|          | 0/103 [00:00<?, ?it/s]
[17:23:23]   [container-err] Loading weights: 100%|██████████| 103/103 [00:00<00:00, 44879.84it/s]
[17:23:23]   [container-err] [1mBertModel LOAD REPORT[0m from: sentence-transformers/all-MiniLM-L6-v2
[17:23:23]   [container-err] Key                     | Status     |  | 
[17:23:23]   [container-err] ------------------------+------------+--+-
[17:23:23]   [container-err] embeddings.position_ids | UNEXPECTED |  | 
[17:23:23]   [container-err] 
[17:23:23]   [container-err] Notes:
[17:23:23]   [container-err] - UNEXPECTED:	can be ignored when loading from different task/architecture; not ok if you expect identical arch.
[17:23:23] [clawbench_cal-004_qwen3.6-27b_20260520_092300] Agent finished in 20.32s, returncode=0
[17:23:23] [clawbench_cal-004_qwen3.6-27b_20260520_092300] Agent result: passed=True, score=1.0000
[17:23:23] [cal-004] Result saved to /Volumes/F/work/ClawEvalkit-private-emnlp/outputs/harness/procedure/clawbench-official/qwen3.6-27b/cal-004.json
[17:23:25] [clawbench_cal-005_qwen3.6-27b_20260520_092323] Container started
[17:23:25] [cal-005] Harness detected, timeout adjusted: 120 → 300
[17:23:47]   [container] [setup] 运行 setup.sh: /app/claw-bench/tasks/calendar/cal-005-change-meeting-time/environment/setup.sh
[17:23:47]   [container] [setup] setup.sh 成功
[17:23:47]   [container] [setup] 工作空间文件: ['.gitkeep', 'instruction.md', 'calendar.json']
[17:23:47]   [container] DONE
[17:23:47]   [container-err] Loading weights:   0%|          | 0/103 [00:00<?, ?it/s]
[17:23:47]   [container-err] Loading weights: 100%|██████████| 103/103 [00:00<00:00, 23078.87it/s]
[17:23:47]   [container-err] [1mBertModel LOAD REPORT[0m from: sentence-transformers/all-MiniLM-L6-v2
[17:23:47]   [container-err] Key                     | Status     |  | 
[17:23:47]   [container-err] ------------------------+------------+--+-
[17:23:47]   [container-err] embeddings.position_ids | UNEXPECTED |  | 
[17:23:47]   [container-err] 
[17:23:47]   [container-err] Notes:
[17:23:47]   [container-err] - UNEXPECTED:	can be ignored when loading from different task/architecture; not ok if you expect identical arch.
[17:23:47] [clawbench_cal-005_qwen3.6-27b_20260520_092323] Agent finished in 21.60s, returncode=0
[17:23:47] [clawbench_cal-005_qwen3.6-27b_20260520_092323] Agent result: passed=True, score=1.0000
[17:23:47] [cal-005] Result saved to /Volumes/F/work/ClawEvalkit-private-emnlp/outputs/harness/procedure/clawbench-official/qwen3.6-27b/cal-005.json
[17:23:49] [clawbench_cal-006_qwen3.6-27b_20260520_092347] Container started
[17:23:49] [cal-006] Harness detected, timeout adjusted: 180 → 360
[17:24:21]   [container] [setup] 运行 setup.sh: /app/claw-bench/tasks/calendar/cal-006-create-recurring-meeting/environment/setup.sh
[17:24:21]   [container] [setup] setup.sh 成功
[17:24:21]   [container] [setup] 工作空间文件: ['.gitkeep', 'instruction.md']
[17:24:21]   [container] DONE
[17:24:21]   [container-err] Loading weights:   0%|          | 0/103 [00:00<?, ?it/s]
[17:24:21]   [container-err] Loading weights: 100%|██████████| 103/103 [00:00<00:00, 12283.23it/s]
[17:24:21]   [container-err] [1mBertModel LOAD REPORT[0m from: sentence-transformers/all-MiniLM-L6-v2
[17:24:21]   [container-err] Key                     | Status     |  | 
[17:24:21]   [container-err] ------------------------+------------+--+-
[17:24:21]   [container-err] embeddings.position_ids | UNEXPECTED |  | 
[17:24:21]   [container-err] 
[17:24:21]   [container-err] Notes:
[17:24:21]   [container-err] - UNEXPECTED:	can be ignored when loading from different task/architecture; not ok if you expect identical arch.
[17:24:21] [clawbench_cal-006_qwen3.6-27b_20260520_092347] Agent finished in 31.34s, returncode=0
[17:24:21] [clawbench_cal-006_qwen3.6-27b_20260520_092347] Agent result: passed=True, score=1.0000
[17:24:21] [cal-006] Result saved to /Volumes/F/work/ClawEvalkit-private-emnlp/outputs/harness/procedure/clawbench-official/qwen3.6-27b/cal-006.json
[17:24:24] [clawbench_cal-007_qwen3.6-27b_20260520_092421] Container started
[17:24:24] [cal-007] Harness detected, timeout adjusted: 180 → 360
[17:25:03]   [container] [setup] 运行 setup.sh: /app/claw-bench/tasks/calendar/cal-007-timezone-conversion/environment/setup.sh
[17:25:03]   [container] [setup] setup.sh 成功
[17:25:03]   [container] [setup] 工作空间文件: ['.gitkeep', 'instruction.md', 'calendar.json']
[17:25:03]   [container] DONE
[17:25:03]   [container-err] Loading weights:   0%|          | 0/103 [00:00<?, ?it/s]
[17:25:03]   [container-err] Loading weights: 100%|██████████| 103/103 [00:00<00:00, 23730.48it/s]
[17:25:03]   [container-err] [1mBertModel LOAD REPORT[0m from: sentence-transformers/all-MiniLM-L6-v2
[17:25:03]   [container-err] Key                     | Status     |  | 
[17:25:03]   [container-err] ------------------------+------------+--+-
[17:25:03]   [container-err] embeddings.position_ids | UNEXPECTED |  | 
[17:25:03]   [container-err] 
[17:25:03]   [container-err] Notes:
[17:25:03]   [container-err] - UNEXPECTED:	can be ignored when loading from different task/architecture; not ok if you expect identical arch.
[17:25:03] [clawbench_cal-007_qwen3.6-27b_20260520_092421] Agent finished in 39.20s, returncode=0
[17:25:03] [clawbench_cal-007_qwen3.6-27b_20260520_092421] Agent result: passed=True, score=1.0000
[17:25:03] [cal-007] Result saved to /Volumes/F/work/ClawEvalkit-private-emnlp/outputs/harness/procedure/clawbench-official/qwen3.6-27b/cal-007.json
[17:25:06] [clawbench_cal-008_qwen3.6-27b_20260520_092503] Container started
[17:25:06] [cal-008] Harness detected, timeout adjusted: 180 → 360
[17:25:43]   [container] [setup] 运行 setup.sh: /app/claw-bench/tasks/calendar/cal-008-batch-invite-participants/environment/setup.sh
[17:25:43]   [container] [setup] setup.sh 成功
[17:25:43]   [container] [setup] 工作空间文件: ['.gitkeep', 'instruction.md', 'calendar.json', 'contacts.json']
[17:25:43]   [container] DONE
[17:25:43]   [container-err] Loading weights:   0%|          | 0/103 [00:00<?, ?it/s]
[17:25:43]   [container-err] Loading weights: 100%|██████████| 103/103 [00:00<00:00, 31529.22it/s]
[17:25:43]   [container-err] [1mBertModel LOAD REPORT[0m from: sentence-transformers/all-MiniLM-L6-v2
[17:25:43]   [container-err] Key                     | Status     |  | 
[17:25:43]   [container-err] ------------------------+------------+--+-
[17:25:43]   [container-err] embeddings.position_ids | UNEXPECTED |  | 
[17:25:43]   [container-err] 
[17:25:43]   [container-err] Notes:
[17:25:43]   [container-err] - UNEXPECTED:	can be ignored when loading from different task/architecture; not ok if you expect identical arch.
[17:25:43] [clawbench_cal-008_qwen3.6-27b_20260520_092503] Agent finished in 36.90s, returncode=0
[17:25:43] [clawbench_cal-008_qwen3.6-27b_20260520_092503] Agent result: passed=True, score=1.0000
[17:25:43] [cal-008] Result saved to /Volumes/F/work/ClawEvalkit-private-emnlp/outputs/harness/procedure/clawbench-official/qwen3.6-27b/cal-008.json
[17:25:46] [clawbench_cal-009_qwen3.6-27b_20260520_092543] Container started
[17:25:46] [cal-009] Harness detected, timeout adjusted: 180 → 360
[17:26:35]   [container] [setup] 运行 setup.sh: /app/claw-bench/tasks/calendar/cal-009-find-free-slots/environment/setup.sh
[17:26:35]   [container] [setup] setup.sh 成功
[17:26:35]   [container] [setup] 工作空间文件: ['.gitkeep', 'instruction.md', 'calendar.json']
[17:26:35]   [container] DONE
[17:26:35]   [container-err] Loading weights:   0%|          | 0/103 [00:00<?, ?it/s]
[17:26:35]   [container-err] Loading weights: 100%|██████████| 103/103 [00:00<00:00, 26318.20it/s]
[17:26:35]   [container-err] [1mBertModel LOAD REPORT[0m from: sentence-transformers/all-MiniLM-L6-v2
[17:26:35]   [container-err] Key                     | Status     |  | 
[17:26:35]   [container-err] ------------------------+------------+--+-
[17:26:35]   [container-err] embeddings.position_ids | UNEXPECTED |  | 
[17:26:35]   [container-err] 
[17:26:35]   [container-err] Notes:
[17:26:35]   [container-err] - UNEXPECTED:	can be ignored when loading from different task/architecture; not ok if you expect identical arch.
[17:26:35] [clawbench_cal-009_qwen3.6-27b_20260520_092543] Agent finished in 49.70s, returncode=0
[17:26:35] [clawbench_cal-009_qwen3.6-27b_20260520_092543] Agent result: passed=True, score=1.0000
[17:26:36] [cal-009] Result saved to /Volumes/F/work/ClawEvalkit-private-emnlp/outputs/harness/procedure/clawbench-official/qwen3.6-27b/cal-009.json
[17:26:39] [clawbench_cal-010_qwen3.6-27b_20260520_092636] Container started
[17:26:39] [cal-010] Harness detected, timeout adjusted: 180 → 360
[17:27:10]   [container] [setup] 运行 setup.sh: /app/claw-bench/tasks/calendar/cal-010-meeting-duration-stats/environment/setup.sh
[17:27:10]   [container] [setup] setup.sh 成功
[17:27:10]   [container] [setup] 工作空间文件: ['.gitkeep', 'instruction.md', 'calendar.json']
[17:27:10]   [container] DONE
[17:27:10]   [container-err] Loading weights:   0%|          | 0/103 [00:00<?, ?it/s]
[17:27:10]   [container-err] Loading weights: 100%|██████████| 103/103 [00:00<00:00, 50729.60it/s]
[17:27:10]   [container-err] [1mBertModel LOAD REPORT[0m from: sentence-transformers/all-MiniLM-L6-v2
[17:27:10]   [container-err] Key                     | Status     |  | 
[17:27:10]   [container-err] ------------------------+------------+--+-
[17:27:10]   [container-err] embeddings.position_ids | UNEXPECTED |  | 
[17:27:10]   [container-err] 
[17:27:10]   [container-err] Notes:
[17:27:10]   [container-err] - UNEXPECTED:	can be ignored when loading from different task/architecture; not ok if you expect identical arch.
[17:27:10] [clawbench_cal-010_qwen3.6-27b_20260520_092636] Agent finished in 30.91s, returncode=0
[17:27:10] [clawbench_cal-010_qwen3.6-27b_20260520_092636] Agent result: passed=True, score=1.0000
[17:27:11] [cal-010] Result saved to /Volumes/F/work/ClawEvalkit-private-emnlp/outputs/harness/procedure/clawbench-official/qwen3.6-27b/cal-010.json
[17:27:13] [clawbench_cal-011_qwen3.6-27b_20260520_092711] Container started
[17:27:13] [cal-011] Harness detected, timeout adjusted: 240 → 420
[17:28:20]   [container] [setup] 运行 setup.sh: /app/claw-bench/tasks/calendar/cal-011-conflict-detection/environment/setup.sh
[17:28:20]   [container] [setup] setup.sh 成功
[17:28:20]   [container] [setup] 工作空间文件: ['.gitkeep', 'instruction.md', 'calendar.json']
[17:28:20]   [container] DONE
[17:28:20]   [container-err] Loading weights:   0%|          | 0/103 [00:00<?, ?it/s]
[17:28:20]   [container-err] Loading weights: 100%|██████████| 103/103 [00:00<00:00, 35410.93it/s]
[17:28:20]   [container-err] [1mBertModel LOAD REPORT[0m from: sentence-transformers/all-MiniLM-L6-v2
[17:28:20]   [container-err] Key                     | Status     |  | 
[17:28:20]   [container-err] ------------------------+------------+--+-
[17:28:20]   [container-err] embeddings.position_ids | UNEXPECTED |  | 
[17:28:20]   [container-err] 
[17:28:20]   [container-err] Notes:
[17:28:20]   [container-err] - UNEXPECTED:	can be ignored when loading from different task/architecture; not ok if you expect identical arch.
[17:28:20] [clawbench_cal-011_qwen3.6-27b_20260520_092711] Agent finished in 67.19s, returncode=0
[17:28:20] [clawbench_cal-011_qwen3.6-27b_20260520_092711] Agent result: passed=True, score=1.0000
[17:28:20] [cal-011] Result saved to /Volumes/F/work/ClawEvalkit-private-emnlp/outputs/harness/procedure/clawbench-official/qwen3.6-27b/cal-011.json
[17:28:23] [clawbench_cal-012_qwen3.6-27b_20260520_092820] Container started
[17:28:23] [cal-012] Harness detected, timeout adjusted: 240 → 420
[17:28:40]   [container] [setup] 运行 setup.sh: /app/claw-bench/tasks/academic-research/acad-004-plagiarism-check/environment/setup.sh
[17:28:40]   [container] [setup] setup.sh 成功
[17:28:40]   [container] [setup] 工作空间文件: ['instruction.md']
[17:28:40]   [container] DONE
[17:28:40]   [container-err] Loading weights:   0%|          | 0/103 [00:00<?, ?it/s]
[17:28:40]   [container-err] Loading weights: 100%|██████████| 103/103 [00:00<00:00, 52276.54it/s]
[17:28:40]   [container-err] [1mBertModel LOAD REPORT[0m from: sentence-transformers/all-MiniLM-L6-v2
[17:28:40]   [container-err] Key                     | Status     |  | 
[17:28:40]   [container-err] ------------------------+------------+--+-
[17:28:40]   [container-err] embeddings.position_ids | UNEXPECTED |  | 
[17:28:40]   [container-err] 
[17:28:40]   [container-err] Notes:
[17:28:40]   [container-err] - UNEXPECTED:	can be ignored when loading from different task/architecture; not ok if you expect identical arch.
[17:28:40] [clawbench_acad-004-plagiarism-check_qwen3.6-27b_20260520_090438] Agent finished in 1439.59s, returncode=0
[17:28:40] [clawbench_acad-004-plagiarism-check_qwen3.6-27b_20260520_090438] Agent result: passed=True, score=1.0000
[17:28:41] [acad-004-plagiarism-check] Result saved to /Volumes/F/work/ClawEvalkit-private-emnlp/outputs/harness/procedure/clawbench-official/qwen3.6-27b/acad-004-plagiarism-check.json
[17:28:45] [clawbench_cal-013_qwen3.6-27b_20260520_092841] Container started
[17:28:45] [cal-013] Harness detected, timeout adjusted: 240 → 420
[17:29:15]   [container] [setup] 运行 setup.sh: /app/claw-bench/tasks/calendar/cal-012-calendar-merge/environment/setup.sh
[17:29:15]   [container] [setup] setup.sh 成功
[17:29:15]   [container] [setup] 工作空间文件: ['personal_calendar.json', '.gitkeep', 'work_calendar.json', 'instruction.md']
[17:29:15]   [container] DONE
[17:29:15]   [container-err] Loading weights:   0%|          | 0/103 [00:00<?, ?it/s]
[17:29:15]   [container-err] Loading weights: 100%|██████████| 103/103 [00:00<00:00, 26239.88it/s]
[17:29:15]   [container-err] [1mBertModel LOAD REPORT[0m from: sentence-transformers/all-MiniLM-L6-v2
[17:29:15]   [container-err] Key                     | Status     |  | 
[17:29:15]   [container-err] ------------------------+------------+--+-
[17:29:15]   [container-err] embeddings.position_ids | UNEXPECTED |  | 
[17:29:15]   [container-err] 
[17:29:15]   [container-err] Notes:
[17:29:15]   [container-err] - UNEXPECTED:	can be ignored when loading from different task/architecture; not ok if you expect identical arch.
[17:29:15] [clawbench_cal-012_qwen3.6-27b_20260520_092820] Agent finished in 51.88s, returncode=0
[17:29:15] [clawbench_cal-012_qwen3.6-27b_20260520_092820] Agent result: passed=True, score=1.0000
[17:29:15] [cal-012] Result saved to /Volumes/F/work/ClawEvalkit-private-emnlp/outputs/harness/procedure/clawbench-official/qwen3.6-27b/cal-012.json
[17:29:18] [clawbench_cal-014_qwen3.6-27b_20260520_092915] Container started
[17:29:18] [cal-014] Harness detected, timeout adjusted: 300 → 480
[17:29:20]   [container] [setup] 运行 setup.sh: /app/claw-bench/tasks/calendar/cal-013-meeting-notes-generator/environment/setup.sh
[17:29:20]   [container] [setup] setup.sh 成功
[17:29:20]   [container] [setup] 工作空间文件: ['attendees.json', '.gitkeep', 'instruction.md', 'meeting.json']
[17:29:20]   [container] DONE
[17:29:20]   [container-err] Loading weights:   0%|          | 0/103 [00:00<?, ?it/s]
[17:29:20]   [container-err] Loading weights: 100%|██████████| 103/103 [00:00<00:00, 23307.97it/s]
[17:29:20]   [container-err] [1mBertModel LOAD REPORT[0m from: sentence-transformers/all-MiniLM-L6-v2
[17:29:20]   [container-err] Key                     | Status     |  | 
[17:29:20]   [container-err] ------------------------+------------+--+-
[17:29:20]   [container-err] embeddings.position_ids | UNEXPECTED |  | 
[17:29:20]   [container-err] 
[17:29:20]   [container-err] Notes:
[17:29:20]   [container-err] - UNEXPECTED:	can be ignored when loading from different task/architecture; not ok if you expect identical arch.
[17:29:20] [clawbench_cal-013_qwen3.6-27b_20260520_092841] Agent finished in 34.95s, returncode=0
[17:29:20] [clawbench_cal-013_qwen3.6-27b_20260520_092841] Agent result: passed=True, score=1.0000
[17:29:20] [cal-013] Result saved to /Volumes/F/work/ClawEvalkit-private-emnlp/outputs/harness/procedure/clawbench-official/qwen3.6-27b/cal-013.json
[17:29:22] [clawbench_cal-015_qwen3.6-27b_20260520_092920] Container started
[17:29:22] [cal-015] Harness detected, timeout adjusted: 300 → 480
[17:31:56]   [container] [setup] 运行 setup.sh: /app/claw-bench/tasks/calendar/cal-015-multi-person-availability/environment/setup.sh
[17:31:56]   [container] [setup] setup.sh 成功
[17:31:56]   [container] [setup] 工作空间文件: ['.gitkeep', 'instruction.md']
[17:31:56]   [container] DONE
[17:31:56]   [container-err] Loading weights:   0%|          | 0/103 [00:00<?, ?it/s]
[17:31:56]   [container-err] Loading weights: 100%|██████████| 103/103 [00:00<00:00, 37313.29it/s]
[17:31:56]   [container-err] [1mBertModel LOAD REPORT[0m from: sentence-transformers/all-MiniLM-L6-v2
[17:31:56]   [container-err] Key                     | Status     |  | 
[17:31:56]   [container-err] ------------------------+------------+--+-
[17:31:56]   [container-err] embeddings.position_ids | UNEXPECTED |  | 
[17:31:56]   [container-err] 
[17:31:56]   [container-err] Notes:
[17:31:56]   [container-err] - UNEXPECTED:	can be ignored when loading from different task/architecture; not ok if you expect identical arch.
[17:31:56] [clawbench_cal-015_qwen3.6-27b_20260520_092920] Agent finished in 153.54s, returncode=0
[17:31:56] [clawbench_cal-015_qwen3.6-27b_20260520_092920] Agent result: passed=True, score=1.0000
[17:31:56] [cal-015] Result saved to /Volumes/F/work/ClawEvalkit-private-emnlp/outputs/harness/procedure/clawbench-official/qwen3.6-27b/cal-015.json
[17:32:00] [clawbench_med-001-patient-deidentify_qwen3.6-27b_20260520_093156] Container started
[17:32:00] [med-001-patient-deidentify] Harness detected, timeout adjusted: 3600 → 3780
[17:33:17]   [container] [setup] 运行 setup.sh: /app/claw-bench/tasks/clinical-data/med-001-patient-deidentify/environment/setup.sh
[17:33:17]   [container] [setup] setup.sh 成功
[17:33:17]   [container] [setup] 工作空间文件: ['patient_records.csv', 'instruction.md']
[17:33:17]   [container] DONE
[17:33:17]   [container-err] Loading weights:   0%|          | 0/103 [00:00<?, ?it/s]
[17:33:17]   [container-err] Loading weights: 100%|██████████| 103/103 [00:00<00:00, 22123.90it/s]
[17:33:17]   [container-err] [1mBertModel LOAD REPORT[0m from: sentence-transformers/all-MiniLM-L6-v2
[17:33:17]   [container-err] Key                     | Status     |  | 
[17:33:17]   [container-err] ------------------------+------------+--+-
[17:33:17]   [container-err] embeddings.position_ids | UNEXPECTED |  | 
[17:33:17]   [container-err] 
[17:33:17]   [container-err] Notes:
[17:33:17]   [container-err] - UNEXPECTED:	can be ignored when loading from different task/architecture; not ok if you expect identical arch.
[17:33:17] [clawbench_med-001-patient-deidentify_qwen3.6-27b_20260520_093156] Agent finished in 76.74s, returncode=0
[17:33:17] [clawbench_med-001-patient-deidentify_qwen3.6-27b_20260520_093156] Agent result: passed=True, score=1.0000
[17:33:18] [med-001-patient-deidentify] Result saved to /Volumes/F/work/ClawEvalkit-private-emnlp/outputs/harness/procedure/clawbench-official/qwen3.6-27b/med-001-patient-deidentify.json
[17:33:22] [clawbench_med-002-lab-abnormality_qwen3.6-27b_20260520_093318] Container started
[17:33:22] [med-002-lab-abnormality] Harness detected, timeout adjusted: 3600 → 3780
[17:33:27]   [container] [setup] 运行 setup.sh: /app/claw-bench/tasks/calendar/cal-014-weekly-schedule-optimization/environment/setup.sh
[17:33:27]   [container] [setup] setup.sh 成功
[17:33:27]   [container] [setup] 工作空间文件: ['.gitkeep', 'draft_schedule.json', 'instruction.md', 'preferences.json']
[17:33:27]   [container] DONE
[17:33:27]   [container-err] Loading weights:   0%|          | 0/103 [00:00<?, ?it/s]
[17:33:27]   [container-err] Loading weights: 100%|██████████| 103/103 [00:00<00:00, 33814.44it/s]
[17:33:27]   [container-err] [1mBertModel LOAD REPORT[0m from: sentence-transformers/all-MiniLM-L6-v2
[17:33:27]   [container-err] Key                     | Status     |  | 
[17:33:27]   [container-err] ------------------------+------------+--+-
[17:33:27]   [container-err] embeddings.position_ids | UNEXPECTED |  | 
[17:33:27]   [container-err] 
[17:33:27]   [container-err] Notes:
[17:33:27]   [container-err] - UNEXPECTED:	can be ignored when loading from different task/architecture; not ok if you expect identical arch.
[17:33:27] [clawbench_cal-014_qwen3.6-27b_20260520_092915] Agent finished in 248.52s, returncode=0
[17:33:27] [clawbench_cal-014_qwen3.6-27b_20260520_092915] Agent result: passed=True, score=1.0000
[17:33:27] [cal-014] Result saved to /Volumes/F/work/ClawEvalkit-private-emnlp/outputs/harness/procedure/clawbench-official/qwen3.6-27b/cal-014.json
[17:33:31] [clawbench_med-003-drug-interaction_qwen3.6-27b_20260520_093327] Container started
[17:33:31] [med-003-drug-interaction] Harness detected, timeout adjusted: 3600 → 3780
[17:34:03]   [container] [setup] 运行 setup.sh: /app/claw-bench/tasks/clinical-data/med-002-lab-abnormality/environment/setup.sh
[17:34:03]   [container] [setup] setup.sh 成功
[17:34:03]   [container] [setup] 工作空间文件: ['lab_results.csv', 'instruction.md']
[17:34:03]   [container] DONE
[17:34:03]   [container-err] Loading weights:   0%|          | 0/103 [00:00<?, ?it/s]
[17:34:03]   [container-err] Loading weights: 100%|██████████| 103/103 [00:00<00:00, 22296.31it/s]
[17:34:03]   [container-err] [1mBertModel LOAD REPORT[0m from: sentence-transformers/all-MiniLM-L6-v2
[17:34:03]   [container-err] Key                     | Status     |  | 
[17:34:03]   [container-err] ------------------------+------------+--+-
[17:34:03]   [container-err] embeddings.position_ids | UNEXPECTED |  | 
[17:34:03]   [container-err] 
[17:34:03]   [container-err] Notes:
[17:34:03]   [container-err] - UNEXPECTED:	can be ignored when loading from different task/architecture; not ok if you expect identical arch.
[17:34:03] [clawbench_med-002-lab-abnormality_qwen3.6-27b_20260520_093318] Agent finished in 41.66s, returncode=0
[17:34:03] [clawbench_med-002-lab-abnormality_qwen3.6-27b_20260520_093318] Agent result: passed=True, score=1.0000
[17:34:04] [med-002-lab-abnormality] Result saved to /Volumes/F/work/ClawEvalkit-private-emnlp/outputs/harness/procedure/clawbench-official/qwen3.6-27b/med-002-lab-abnormality.json
[17:34:06] [clawbench_med-004-icd-coding_qwen3.6-27b_20260520_093404] Container started
[17:34:06] [med-004-icd-coding] Harness detected, timeout adjusted: 3600 → 3780
[17:34:25]   [container] [setup] 运行 setup.sh: /app/claw-bench/tasks/clinical-data/med-003-drug-interaction/environment/setup.sh
[17:34:25]   [container] [setup] setup.sh 成功
[17:34:25]   [container] [setup] 工作空间文件: ['interaction_db.csv', 'instruction.md', 'patient_medications.csv']
[17:34:25]   [container] DONE
[17:34:25]   [container-err] Loading weights:   0%|          | 0/103 [00:00<?, ?it/s]
[17:34:25]   [container-err] Loading weights: 100%|██████████| 103/103 [00:00<00:00, 44263.66it/s]
[17:34:25]   [container-err] [1mBertModel LOAD REPORT[0m from: sentence-transformers/all-MiniLM-L6-v2
[17:34:25]   [container-err] Key                     | Status     |  | 
[17:34:25]   [container-err] ------------------------+------------+--+-
[17:34:25]   [container-err] embeddings.position_ids | UNEXPECTED |  | 
[17:34:25]   [container-err] 
[17:34:25]   [container-err] Notes:
[17:34:25]   [container-err] - UNEXPECTED:	can be ignored when loading from different task/architecture; not ok if you expect identical arch.
[17:34:25] [clawbench_med-003-drug-interaction_qwen3.6-27b_20260520_093327] Agent finished in 53.88s, returncode=0
[17:34:25] [clawbench_med-003-drug-interaction_qwen3.6-27b_20260520_093327] Agent result: passed=True, score=1.0000
[17:34:25] [med-003-drug-interaction] Result saved to /Volumes/F/work/ClawEvalkit-private-emnlp/outputs/harness/procedure/clawbench-official/qwen3.6-27b/med-003-drug-interaction.json
[17:34:29] [clawbench_med-005-trial-eligibility_qwen3.6-27b_20260520_093425] Container started
[17:34:29] [med-005-trial-eligibility] Harness detected, timeout adjusted: 3600 → 3780
[17:35:30]   [container] [setup] 运行 setup.sh: /app/claw-bench/tasks/clinical-data/med-005-trial-eligibility/environment/setup.sh
[17:35:30]   [container] [setup] setup.sh 成功
[17:35:30]   [container] [setup] 工作空间文件: ['trial_criteria.json', 'instruction.md', 'patients.csv']
[17:35:30]   [container] DONE
[17:35:30]   [container-err] Loading weights:   0%|          | 0/103 [00:00<?, ?it/s]
[17:35:30]   [container-err] Loading weights: 100%|██████████| 103/103 [00:00<00:00, 22026.89it/s]
[17:35:30]   [container-err] [1mBertModel LOAD REPORT[0m from: sentence-transformers/all-MiniLM-L6-v2
[17:35:30]   [container-err] Key                     | Status     |  | 
[17:35:30]   [container-err] ------------------------+------------+--+-
[17:35:30]   [container-err] embeddings.position_ids | UNEXPECTED |  | 
[17:35:30]   [container-err] 
[17:35:30]   [container-err] Notes:
[17:35:30]   [container-err] - UNEXPECTED:	can be ignored when loading from different task/architecture; not ok if you expect identical arch.
[17:35:30] [clawbench_med-005-trial-eligibility_qwen3.6-27b_20260520_093425] Agent finished in 61.39s, returncode=0
[17:35:30] [clawbench_med-005-trial-eligibility_qwen3.6-27b_20260520_093425] Agent result: passed=False, score=0.6667
[17:35:31] [med-005-trial-eligibility] Result saved to /Volumes/F/work/ClawEvalkit-private-emnlp/outputs/harness/procedure/clawbench-official/qwen3.6-27b/med-005-trial-eligibility.json
[17:35:33] [clawbench_code-001_qwen3.6-27b_20260520_093531] Container started
[17:35:33] [code-001] Harness detected, timeout adjusted: 180 → 360
[17:36:09]   [container] [setup] 运行 setup.sh: /app/claw-bench/tasks/code-assistance/code-001-write-unittest/environment/setup.sh
[17:36:09]   [container] [setup] setup.sh 成功
[17:36:09]   [container] [setup] 工作空间文件: ['instruction.md', 'calculator.py']
[17:36:09]   [container] DONE
[17:36:09]   [container-err] Loading weights:   0%|          | 0/103 [00:00<?, ?it/s]
[17:36:09]   [container-err] Loading weights: 100%|██████████| 103/103 [00:00<00:00, 10903.37it/s]
[17:36:09]   [container-err] [1mBertModel LOAD REPORT[0m from: sentence-transformers/all-MiniLM-L6-v2
[17:36:09]   [container-err] Key                     | Status     |  | 
[17:36:09]   [container-err] ------------------------+------------+--+-
[17:36:09]   [container-err] embeddings.position_ids | UNEXPECTED |  | 
[17:36:09]   [container-err] 
[17:36:09]   [container-err] Notes:
[17:36:09]   [container-err] - UNEXPECTED:	can be ignored when loading from different task/architecture; not ok if you expect identical arch.
[17:36:09] [clawbench_code-001_qwen3.6-27b_20260520_093531] Agent finished in 35.39s, returncode=0
[17:36:09] [clawbench_code-001_qwen3.6-27b_20260520_093531] Agent result: passed=False, score=0.9000
[17:36:10] [code-001] Result saved to /Volumes/F/work/ClawEvalkit-private-emnlp/outputs/harness/procedure/clawbench-official/qwen3.6-27b/code-001.json
[17:36:13] [clawbench_code-002_qwen3.6-27b_20260520_093610] Container started
[17:36:13] [code-002] Harness detected, timeout adjusted: 120 → 300
[17:36:35]   [container] [setup] 运行 setup.sh: /app/claw-bench/tasks/code-assistance/code-002-implement-palindrome/environment/setup.sh
[17:36:35]   [container] [setup] setup.sh 成功
[17:36:35]   [container] [setup] 工作空间文件: ['instruction.md']
[17:36:35]   [container] DONE
[17:36:35]   [container-err] Loading weights:   0%|          | 0/103 [00:00<?, ?it/s]
[17:36:35]   [container-err] Loading weights: 100%|██████████| 103/103 [00:00<00:00, 26600.17it/s]
[17:36:35]   [container-err] [1mBertModel LOAD REPORT[0m from: sentence-transformers/all-MiniLM-L6-v2
[17:36:35]   [container-err] Key                     | Status     |  | 
[17:36:35]   [container-err] ------------------------+------------+--+-
[17:36:35]   [container-err] embeddings.position_ids | UNEXPECTED |  | 
[17:36:35]   [container-err] 
[17:36:35]   [container-err] Notes:
[17:36:35]   [container-err] - UNEXPECTED:	can be ignored when loading from different task/architecture; not ok if you expect identical arch.
[17:36:35] [clawbench_code-002_qwen3.6-27b_20260520_093610] Agent finished in 22.51s, returncode=0
[17:36:35] [clawbench_code-002_qwen3.6-27b_20260520_093610] Agent result: passed=False, score=0.9000
[17:36:36] [code-002] Result saved to /Volumes/F/work/ClawEvalkit-private-emnlp/outputs/harness/procedure/clawbench-official/qwen3.6-27b/code-002.json
[17:36:38] [clawbench_code-003_qwen3.6-27b_20260520_093636] Container started
[17:36:38] [code-003] Harness detected, timeout adjusted: 120 → 300
[17:37:31]   [container] [setup] 运行 setup.sh: /app/claw-bench/tasks/code-assistance/code-003-add-type-annotations/environment/setup.sh
[17:37:31]   [container] [setup] setup.sh 成功
[17:37:31]   [container] [setup] 工作空间文件: ['instruction.md', 'utils.py']
[17:37:31]   [container] DONE
[17:37:31]   [container-err] Loading weights:   0%|          | 0/103 [00:00<?, ?it/s]
[17:37:31]   [container-err] Loading weights: 100%|██████████| 103/103 [00:00<00:00, 4187.19it/s]
[17:37:31]   [container-err] [1mBertModel LOAD REPORT[0m from: sentence-transformers/all-MiniLM-L6-v2
[17:37:31]   [container-err] Key                     | Status     |  | 
[17:37:31]   [container-err] ------------------------+------------+--+-
[17:37:31]   [container-err] embeddings.position_ids | UNEXPECTED |  | 
[17:37:31]   [container-err] 
[17:37:31]   [container-err] Notes:
[17:37:31]   [container-err] - UNEXPECTED:	can be ignored when loading from different task/architecture; not ok if you expect identical arch.
[17:37:31] [clawbench_code-003_qwen3.6-27b_20260520_093636] Agent finished in 52.59s, returncode=0
[17:37:31] [clawbench_code-003_qwen3.6-27b_20260520_093636] Agent result: passed=False, score=0.9231
[17:37:31] [code-003] Result saved to /Volumes/F/work/ClawEvalkit-private-emnlp/outputs/harness/procedure/clawbench-official/qwen3.6-27b/code-003.json
[17:37:34] [clawbench_code-004_qwen3.6-27b_20260520_093731] Container started
[17:37:34] [code-004] Harness detected, timeout adjusted: 120 → 300
[17:38:13]   [container] [setup] 运行 setup.sh: /app/claw-bench/tasks/code-assistance/code-004-fix-syntax-errors/environment/setup.sh
[17:38:13]   [container] [setup] setup.sh 成功
[17:38:13]   [container] [setup] 工作空间文件: ['instruction.md', 'broken.py']
[17:38:13]   [container] DONE
[17:38:13]   [container-err] Loading weights:   0%|          | 0/103 [00:00<?, ?it/s]
[17:38:13]   [container-err] Loading weights: 100%|██████████| 103/103 [00:00<00:00, 22889.34it/s]
[17:38:13]   [container-err] [1mBertModel LOAD REPORT[0m from: sentence-transformers/all-MiniLM-L6-v2
[17:38:13]   [container-err] Key                     | Status     |  | 
[17:38:13]   [container-err] ------------------------+------------+--+-
[17:38:13]   [container-err] embeddings.position_ids | UNEXPECTED |  | 
[17:38:13]   [container-err] 
[17:38:13]   [container-err] Notes:
[17:38:13]   [container-err] - UNEXPECTED:	can be ignored when loading from different task/architecture; not ok if you expect identical arch.
[17:38:13] [clawbench_code-004_qwen3.6-27b_20260520_093731] Agent finished in 39.22s, returncode=0
[17:38:13] [clawbench_code-004_qwen3.6-27b_20260520_093731] Agent result: passed=False, score=0.9167
[17:38:14] [code-004] Result saved to /Volumes/F/work/ClawEvalkit-private-emnlp/outputs/harness/procedure/clawbench-official/qwen3.6-27b/code-004.json
[17:38:16] [clawbench_code-005_qwen3.6-27b_20260520_093814] Container started
[17:38:16] [code-005] Harness detected, timeout adjusted: 150 → 330
[17:38:51]   [container] [setup] 运行 setup.sh: /app/claw-bench/tasks/code-assistance/code-005-implement-stack/environment/setup.sh
[17:38:51]   [container] [setup] setup.sh 成功
[17:38:51]   [container] [setup] 工作空间文件: ['instruction.md']
[17:38:51]   [container] DONE
[17:38:51]   [container-err] Loading weights:   0%|          | 0/103 [00:00<?, ?it/s]
[17:38:51]   [container-err] Loading weights: 100%|██████████| 103/103 [00:00<00:00, 22947.70it/s]
[17:38:51]   [container-err] [1mBertModel LOAD REPORT[0m from: sentence-transformers/all-MiniLM-L6-v2
[17:38:51]   [container-err] Key                     | Status     |  | 
[17:38:51]   [container-err] ------------------------+------------+--+-
[17:38:51]   [container-err] embeddings.position_ids | UNEXPECTED |  | 
[17:38:51]   [container-err] 
[17:38:51]   [container-err] Notes:
[17:38:51]   [container-err] - UNEXPECTED:	can be ignored when loading from different task/architecture; not ok if you expect identical arch.
[17:38:51] [clawbench_code-005_qwen3.6-27b_20260520_093814] Agent finished in 34.52s, returncode=0
[17:38:51] [clawbench_code-005_qwen3.6-27b_20260520_093814] Agent result: passed=False, score=0.9286
[17:38:51] [code-005] Result saved to /Volumes/F/work/ClawEvalkit-private-emnlp/outputs/harness/procedure/clawbench-official/qwen3.6-27b/code-005.json
[17:38:54] [clawbench_code-006_qwen3.6-27b_20260520_093851] Container started
[17:38:54] [code-006] Harness detected, timeout adjusted: 150 → 330
[17:39:25]   [container] [setup] 运行 setup.sh: /app/claw-bench/tasks/code-assistance/code-006-refactor-comprehensions/environment/setup.sh
[17:39:25]   [container] [setup] setup.sh 成功
[17:39:25]   [container] [setup] 工作空间文件: ['instruction.md', 'process.py']
[17:39:25]   [container] DONE
[17:39:25]   [container-err] Loading weights:   0%|          | 0/103 [00:00<?, ?it/s]
[17:39:25]   [container-err] Loading weights: 100%|██████████| 103/103 [00:00<00:00, 37979.19it/s]
[17:39:25]   [container-err] [1mBertModel LOAD REPORT[0m from: sentence-transformers/all-MiniLM-L6-v2
[17:39:25]   [container-err] Key                     | Status     |  | 
[17:39:25]   [container-err] ------------------------+------------+--+-
[17:39:25]   [container-err] embeddings.position_ids | UNEXPECTED |  | 
[17:39:25]   [container-err] 
[17:39:25]   [container-err] Notes:
[17:39:25]   [container-err] - UNEXPECTED:	can be ignored when loading from different task/architecture; not ok if you expect identical arch.
[17:39:25] [clawbench_code-006_qwen3.6-27b_20260520_093851] Agent finished in 31.17s, returncode=0
[17:39:25] [clawbench_code-006_qwen3.6-27b_20260520_093851] Agent result: passed=False, score=0.9286
[17:39:26] [code-006] Result saved to /Volumes/F/work/ClawEvalkit-private-emnlp/outputs/harness/procedure/clawbench-official/qwen3.6-27b/code-006.json
[17:39:28] [clawbench_code-007_qwen3.6-27b_20260520_093926] Container started
[17:39:28] [code-007] Harness detected, timeout adjusted: 150 → 330
[17:39:54]   [container] [setup] 运行 setup.sh: /app/claw-bench/tasks/code-assistance/code-007-cli-argument-parser/environment/setup.sh
[17:39:54]   [container] [setup] setup.sh 成功
[17:39:54]   [container] [setup] 工作空间文件: ['instruction.md']
[17:39:54]   [container] DONE
[17:39:54]   [container-err] Loading weights:   0%|          | 0/103 [00:00<?, ?it/s]
[17:39:54]   [container-err] Loading weights: 100%|██████████| 103/103 [00:00<00:00, 45218.06it/s]
[17:39:54]   [container-err] [1mBertModel LOAD REPORT[0m from: sentence-transformers/all-MiniLM-L6-v2
[17:39:54]   [container-err] Key                     | Status     |  | 
[17:39:54]   [container-err] ------------------------+------------+--+-
[17:39:54]   [container-err] embeddings.position_ids | UNEXPECTED |  | 
[17:39:54]   [container-err] 
[17:39:54]   [container-err] Notes:
[17:39:54]   [container-err] - UNEXPECTED:	can be ignored when loading from different task/architecture; not ok if you expect identical arch.
[17:39:54] [clawbench_code-007_qwen3.6-27b_20260520_093926] Agent finished in 25.98s, returncode=0
[17:39:54] [clawbench_code-007_qwen3.6-27b_20260520_093926] Agent result: passed=False, score=0.7778
[17:39:55] [code-007] Result saved to /Volumes/F/work/ClawEvalkit-private-emnlp/outputs/harness/procedure/clawbench-official/qwen3.6-27b/code-007.json
[17:39:57] [clawbench_code-008_qwen3.6-27b_20260520_093955] Container started
[17:39:57] [code-008] Harness detected, timeout adjusted: 150 → 330
[17:40:32]   [container] [setup] 运行 setup.sh: /app/claw-bench/tasks/code-assistance/code-008-implement-merge-sort/environment/setup.sh
[17:40:32]   [container] [setup] setup.sh 成功
[17:40:32]   [container] [setup] 工作空间文件: ['instruction.md']
[17:40:32]   [container] DONE
[17:40:32]   [container-err] Loading weights:   0%|          | 0/103 [00:00<?, ?it/s]
[17:40:32]   [container-err] Loading weights: 100%|██████████| 103/103 [00:00<00:00, 42188.80it/s]
[17:40:32]   [container-err] [1mBertModel LOAD REPORT[0m from: sentence-transformers/all-MiniLM-L6-v2
[17:40:32]   [container-err] Key                     | Status     |  | 
[17:40:32]   [container-err] ------------------------+------------+--+-
[17:40:32]   [container-err] embeddings.position_ids | UNEXPECTED |  | 
[17:40:32]   [container-err] 
[17:40:32]   [container-err] Notes:
[17:40:32]   [container-err] - UNEXPECTED:	can be ignored when loading from different task/architecture; not ok if you expect identical arch.
[17:40:32] [clawbench_code-008_qwen3.6-27b_20260520_093955] Agent finished in 35.05s, returncode=0
[17:40:32] [clawbench_code-008_qwen3.6-27b_20260520_093955] Agent result: passed=False, score=0.9375
[17:40:32] [code-008] Result saved to /Volumes/F/work/ClawEvalkit-private-emnlp/outputs/harness/procedure/clawbench-official/qwen3.6-27b/code-008.json
[17:40:34] [clawbench_code-009_qwen3.6-27b_20260520_094032] Container started
[17:40:34] [code-009] Harness detected, timeout adjusted: 150 → 330
[17:41:13]   [container] [setup] 运行 setup.sh: /app/claw-bench/tasks/code-assistance/code-009-debug-calculator/environment/setup.sh
[17:41:13]   [container] [setup] setup.sh 成功
[17:41:13]   [container] [setup] 工作空间文件: ['instruction.md', 'calculator.py']
[17:41:13]   [container] DONE
[17:41:13]   [container-err] Loading weights:   0%|          | 0/103 [00:00<?, ?it/s]
[17:41:13]   [container-err] Loading weights: 100%|██████████| 103/103 [00:00<00:00, 18242.26it/s]
[17:41:13]   [container-err] [1mBertModel LOAD REPORT[0m from: sentence-transformers/all-MiniLM-L6-v2
[17:41:13]   [container-err] Key                     | Status     |  | 
[17:41:13]   [container-err] ------------------------+------------+--+-
[17:41:13]   [container-err] embeddings.position_ids | UNEXPECTED |  | 
[17:41:13]   [container-err] 
[17:41:13]   [container-err] Notes:
[17:41:13]   [container-err] - UNEXPECTED:	can be ignored when loading from different task/architecture; not ok if you expect identical arch.
[17:41:13] [clawbench_code-009_qwen3.6-27b_20260520_094032] Agent finished in 38.08s, returncode=0
[17:41:13] [clawbench_code-009_qwen3.6-27b_20260520_094032] Agent result: passed=False, score=0.9444
[17:41:13] [code-009] Result saved to /Volumes/F/work/ClawEvalkit-private-emnlp/outputs/harness/procedure/clawbench-official/qwen3.6-27b/code-009.json
[17:41:16] [clawbench_code-010_qwen3.6-27b_20260520_094113] Container started
[17:41:16] [code-010] Harness detected, timeout adjusted: 180 → 360
[17:42:07]   [container] [setup] 运行 setup.sh: /app/claw-bench/tasks/clinical-data/med-004-icd-coding/environment/setup.sh
[17:42:07]   [container] [setup] setup.sh 失败 (rc=1)
[17:42:07]   [container] [setup] stderr: Traceback (most recent call last):
[17:42:07]   [container]   File "<stdin>", line 28, in <module>
[17:42:07]   [container] FileNotFoundError: [Errno 2] No such file or directory: '$WORKSPACE/icd_mapping.csv'
[17:42:07]   [container] 
[17:42:07]   [container] [setup] 重试 (bash -x) ...
[17:42:07]   [container] [setup] 重试也失败 (rc=1)
[17:42:07]   [container] [setup] stderr: + set -euo pipefail
[17:42:07]   [container] + WORKSPACE=/tmp/clawbench_workspace
[17:42:07]   [container] + mkdir -p /tmp/clawbench_workspace/clinical_notes
[17:42:07]   [container] + python3 -
[17:42:07]   [container] Traceback (most recent call last):
[17:42:07]   [container]   File "<stdin>", line 28, in <module>
[17:42:07]   [container] FileNotFoundError: [Errno 2] No such file or directory: '$WORKSPACE/icd_mapping.csv'
[17:42:07]   [container] 
[17:42:07]   [container] [setup] 工作空间文件: ['instruction.md']
[17:42:07]   [container] [_run_loop] Empty response at iteration 18, retrying once
[17:42:07]   [container] [_run_loop] Retry got tool_calls at iteration 18
[17:42:07]   [container] DONE
[17:42:07]   [container-err] Loading weights:   0%|          | 0/103 [00:00<?, ?it/s]
[17:42:07]   [container-err] Loading weights: 100%|██████████| 103/103 [00:00<00:00, 36574.10it/s]
[17:42:07]   [container-err] [1mBertModel LOAD REPORT[0m from: sentence-transformers/all-MiniLM-L6-v2
[17:42:07]   [container-err] Key                     | Status     |  | 
[17:42:07]   [container-err] ------------------------+------------+--+-
[17:42:07]   [container-err] embeddings.position_ids | UNEXPECTED |  | 
[17:42:07]   [container-err] 
[17:42:07]   [container-err] Notes:
[17:42:07]   [container-err] - UNEXPECTED:	can be ignored when loading from different task/architecture; not ok if you expect identical arch.
[17:42:07] [clawbench_med-004-icd-coding_qwen3.6-27b_20260520_093404] Agent finished in 480.66s, returncode=0
[17:42:07] [clawbench_med-004-icd-coding_qwen3.6-27b_20260520_093404] Agent result: passed=False, score=0.0000
[17:42:07] [med-004-icd-coding] Result saved to /Volumes/F/work/ClawEvalkit-private-emnlp/outputs/harness/procedure/clawbench-official/qwen3.6-27b/med-004-icd-coding.json
[17:42:10] [clawbench_code-011_qwen3.6-27b_20260520_094207] Container started
[17:42:10] [code-011] Harness detected, timeout adjusted: 180 → 360
[17:42:38]   [container] [setup] 运行 setup.sh: /app/claw-bench/tasks/code-assistance/code-010-rest-api-client/environment/setup.sh
[17:42:38]   [container] [setup] setup.sh 成功
[17:42:38]   [container] [setup] 工作空间文件: ['instruction.md']
[17:42:38]   [container] DONE
[17:42:38]   [container-err] Loading weights:   0%|          | 0/103 [00:00<?, ?it/s]
[17:42:38]   [container-err] Loading weights: 100%|██████████| 103/103 [00:00<00:00, 4109.48it/s]
[17:42:38]   [container-err] [1mBertModel LOAD REPORT[0m from: sentence-transformers/all-MiniLM-L6-v2
[17:42:38]   [container-err] Key                     | Status     |  | 
[17:42:38]   [container-err] ------------------------+------------+--+-
[17:42:38]   [container-err] embeddings.position_ids | UNEXPECTED |  | 
[17:42:38]   [container-err] 
[17:42:38]   [container-err] Notes:
[17:42:38]   [container-err] - UNEXPECTED:	can be ignored when loading from different task/architecture; not ok if you expect identical arch.
[17:42:38] [clawbench_code-010_qwen3.6-27b_20260520_094113] Agent finished in 82.53s, returncode=0
[17:42:38] [clawbench_code-010_qwen3.6-27b_20260520_094113] Agent result: passed=False, score=0.9412
[17:42:39] [code-010] Result saved to /Volumes/F/work/ClawEvalkit-private-emnlp/outputs/harness/procedure/clawbench-official/qwen3.6-27b/code-010.json
[17:42:42] [clawbench_code-012_qwen3.6-27b_20260520_094239] Container started
[17:42:42] [code-012] Harness detected, timeout adjusted: 180 → 360
[17:43:29]   [container] [setup] 运行 setup.sh: /app/claw-bench/tasks/code-assistance/code-011-data-validation/environment/setup.sh
[17:43:29]   [container] [setup] setup.sh 成功
[17:43:29]   [container] [setup] 工作空间文件: ['instruction.md']
[17:43:29]   [container] DONE
[17:43:29]   [container-err] Loading weights:   0%|          | 0/103 [00:00<?, ?it/s]
[17:43:29]   [container-err] Loading weights: 100%|██████████| 103/103 [00:00<00:00, 29376.67it/s]
[17:43:29]   [container-err] [1mBertModel LOAD REPORT[0m from: sentence-transformers/all-MiniLM-L6-v2
[17:43:29]   [container-err] Key                     | Status     |  | 
[17:43:29]   [container-err] ------------------------+------------+--+-
[17:43:29]   [container-err] embeddings.position_ids | UNEXPECTED |  | 
[17:43:29]   [container-err] 
[17:43:29]   [container-err] Notes:
[17:43:29]   [container-err] - UNEXPECTED:	can be ignored when loading from different task/architecture; not ok if you expect identical arch.
[17:43:29] [clawbench_code-011_qwen3.6-27b_20260520_094207] Agent finished in 79.55s, returncode=0
[17:43:29] [clawbench_code-011_qwen3.6-27b_20260520_094207] Agent result: passed=False, score=0.9667
[17:43:30] [code-011] Result saved to /Volumes/F/work/ClawEvalkit-private-emnlp/outputs/harness/procedure/clawbench-official/qwen3.6-27b/code-011.json
[17:43:32] [clawbench_code-013_qwen3.6-27b_20260520_094330] Container started
[17:43:32] [code-013] Harness detected, timeout adjusted: 180 → 360
[17:44:31]   [container] [setup] 运行 setup.sh: /app/claw-bench/tasks/code-assistance/code-013-file-parser/environment/setup.sh
[17:44:31]   [container] [setup] setup.sh 成功
[17:44:31]   [container] [setup] 工作空间文件: ['instruction.md', 'sample.conf']
[17:44:31]   [container] DONE
[17:44:31]   [container-err] Loading weights:   0%|          | 0/103 [00:00<?, ?it/s]
[17:44:31]   [container-err] Loading weights: 100%|██████████| 103/103 [00:00<00:00, 40717.56it/s]
[17:44:31]   [container-err] [1mBertModel LOAD REPORT[0m from: sentence-transformers/all-MiniLM-L6-v2
[17:44:31]   [container-err] Key                     | Status     |  | 
[17:44:31]   [container-err] ------------------------+------------+--+-
[17:44:31]   [container-err] embeddings.position_ids | UNEXPECTED |  | 
[17:44:31]   [container-err] 
[17:44:31]   [container-err] Notes:
[17:44:31]   [container-err] - UNEXPECTED:	can be ignored when loading from different task/architecture; not ok if you expect identical arch.
[17:44:31] [clawbench_code-013_qwen3.6-27b_20260520_094330] Agent finished in 58.34s, returncode=0
[17:44:31] [clawbench_code-013_qwen3.6-27b_20260520_094330] Agent result: passed=False, score=0.9474
[17:44:31] [code-013] Result saved to /Volumes/F/work/ClawEvalkit-private-emnlp/outputs/harness/procedure/clawbench-official/qwen3.6-27b/code-013.json
[17:44:34] [clawbench_code-014_qwen3.6-27b_20260520_094431] Container started
[17:44:34] [code-014] Harness detected, timeout adjusted: 300 → 480
[17:45:04]   [container] [setup] 运行 setup.sh: /app/claw-bench/tasks/code-assistance/code-012-design-patterns/environment/setup.sh
[17:45:04]   [container] [setup] setup.sh 成功
[17:45:04]   [container] [setup] 工作空间文件: ['instruction.md']
[17:45:04]   [container] DONE
[17:45:04]   [container-err] Loading weights:   0%|          | 0/103 [00:00<?, ?it/s]
[17:45:04]   [container-err] Loading weights: 100%|██████████| 103/103 [00:00<00:00, 38019.30it/s]
[17:45:04]   [container-err] [1mBertModel LOAD REPORT[0m from: sentence-transformers/all-MiniLM-L6-v2
[17:45:04]   [container-err] Key                     | Status     |  | 
[17:45:04]   [container-err] ------------------------+------------+--+-
[17:45:04]   [container-err] embeddings.position_ids | UNEXPECTED |  | 
[17:45:04]   [container-err] 
[17:45:04]   [container-err] Notes:
[17:45:04]   [container-err] - UNEXPECTED:	can be ignored when loading from different task/architecture; not ok if you expect identical arch.
[17:45:04] [clawbench_code-012_qwen3.6-27b_20260520_094239] Agent finished in 141.69s, returncode=0
[17:45:04] [clawbench_code-012_qwen3.6-27b_20260520_094239] Agent result: passed=False, score=0.9412
[17:45:05] [code-012] Result saved to /Volumes/F/work/ClawEvalkit-private-emnlp/outputs/harness/procedure/clawbench-official/qwen3.6-27b/code-012.json
[17:45:07] [clawbench_code-015_qwen3.6-27b_20260520_094505] Container started
[17:45:07] [code-015] Harness detected, timeout adjusted: 300 → 480
[17:46:08]   [container] [setup] 运行 setup.sh: /app/claw-bench/tasks/code-assistance/code-015-performance-optimization/environment/setup.sh
[17:46:08]   [container] [setup] setup.sh 成功
[17:46:08]   [container] [setup] 工作空间文件: ['instruction.md', 'slow.py']
[17:46:08]   [container] DONE
[17:46:08]   [container-err] Loading weights:   0%|          | 0/103 [00:00<?, ?it/s]
[17:46:08]   [container-err] Loading weights: 100%|██████████| 103/103 [00:00<00:00, 25679.92it/s]
[17:46:08]   [container-err] [1mBertModel LOAD REPORT[0m from: sentence-transformers/all-MiniLM-L6-v2
[17:46:08]   [container-err] Key                     | Status     |  | 
[17:46:08]   [container-err] ------------------------+------------+--+-
[17:46:08]   [container-err] embeddings.position_ids | UNEXPECTED |  | 
[17:46:08]   [container-err] 
[17:46:08]   [container-err] Notes:
[17:46:08]   [container-err] - UNEXPECTED:	can be ignored when loading from different task/architecture; not ok if you expect identical arch.
[17:46:08] [clawbench_code-015_qwen3.6-27b_20260520_094505] Agent finished in 61.17s, returncode=0
[17:46:08] [clawbench_code-015_qwen3.6-27b_20260520_094505] Agent result: passed=False, score=0.9474
[17:46:09] [code-015] Result saved to /Volumes/F/work/ClawEvalkit-private-emnlp/outputs/harness/procedure/clawbench-official/qwen3.6-27b/code-015.json
[17:46:12] [clawbench_comm-001_qwen3.6-27b_20260520_094609] Container started
[17:46:12] [comm-001] Harness detected, timeout adjusted: 120 → 300
[17:47:00]   [container] [setup] 运行 setup.sh: /app/claw-bench/tasks/code-assistance/code-014-multi-file-refactor/environment/setup.sh
[17:47:00]   [container] [setup] setup.sh 成功
[17:47:00]   [container] [setup] 工作空间文件: ['instruction.md']
[17:47:00]   [container] DONE
[17:47:00]   [container-err] Loading weights:   0%|          | 0/103 [00:00<?, ?it/s]
[17:47:00]   [container-err] Loading weights: 100%|██████████| 103/103 [00:00<00:00, 25808.79it/s]
[17:47:00]   [container-err] [1mBertModel LOAD REPORT[0m from: sentence-transformers/all-MiniLM-L6-v2
[17:47:00]   [container-err] Key                     | Status     |  | 
[17:47:00]   [container-err] ------------------------+------------+--+-
[17:47:00]   [container-err] embeddings.position_ids | UNEXPECTED |  | 
[17:47:00]   [container-err] 
[17:47:00]   [container-err] Notes:
[17:47:00]   [container-err] - UNEXPECTED:	can be ignored when loading from different task/architecture; not ok if you expect identical arch.
[17:47:00] [clawbench_code-014_qwen3.6-27b_20260520_094431] Agent finished in 146.61s, returncode=0
[17:47:00] [clawbench_code-014_qwen3.6-27b_20260520_094431] Agent result: passed=False, score=0.9524
[17:47:01] [code-014] Result saved to /Volumes/F/work/ClawEvalkit-private-emnlp/outputs/harness/procedure/clawbench-official/qwen3.6-27b/code-014.json
[17:47:05] [clawbench_comm-002_qwen3.6-27b_20260520_094701] Container started
[17:47:05] [comm-002] Harness detected, timeout adjusted: 120 → 300
[17:47:15]   [container] [setup] 运行 setup.sh: /app/claw-bench/tasks/communication/comm-001-format-message/environment/setup.sh
[17:47:15]   [container] [setup] setup.sh 成功
[17:47:15]   [container] [setup] 工作空间文件: ['instruction.md', 'message.json']
[17:47:15]   [container] DONE
[17:47:15]   [container-err] Loading weights:   0%|          | 0/103 [00:00<?, ?it/s]
[17:47:15]   [container-err] Loading weights: 100%|██████████| 103/103 [00:00<00:00, 19336.38it/s]
[17:47:15]   [container-err] [1mBertModel LOAD REPORT[0m from: sentence-transformers/all-MiniLM-L6-v2
[17:47:15]   [container-err] Key                     | Status     |  | 
[17:47:15]   [container-err] ------------------------+------------+--+-
[17:47:15]   [container-err] embeddings.position_ids | UNEXPECTED |  | 
[17:47:15]   [container-err] 
[17:47:15]   [container-err] Notes:
[17:47:15]   [container-err] - UNEXPECTED:	can be ignored when loading from different task/architecture; not ok if you expect identical arch.
[17:47:15] [clawbench_comm-001_qwen3.6-27b_20260520_094609] Agent finished in 62.97s, returncode=0
[17:47:15] [clawbench_comm-001_qwen3.6-27b_20260520_094609] Agent result: passed=True, score=1.0000
[17:47:15] [comm-001] Result saved to /Volumes/F/work/ClawEvalkit-private-emnlp/outputs/harness/procedure/clawbench-official/qwen3.6-27b/comm-001.json
[17:47:19] [clawbench_comm-003_qwen3.6-27b_20260520_094715] Container started
[17:47:19] [comm-003] Harness detected, timeout adjusted: 120 → 300
[17:47:37]   [container] [setup] 运行 setup.sh: /app/claw-bench/tasks/communication/comm-002-contact-list/environment/setup.sh
[17:47:37]   [container] [setup] setup.sh 成功
[17:47:37]   [container] [setup] 工作空间文件: ['contacts_a.json', 'instruction.md', 'contacts_b.json']
[17:47:37]   [container] DONE
[17:47:37]   [container-err] Loading weights:   0%|          | 0/103 [00:00<?, ?it/s]
[17:47:37]   [container-err] Loading weights: 100%|██████████| 103/103 [00:00<00:00, 24305.91it/s]
[17:47:37]   [container-err] [1mBertModel LOAD REPORT[0m from: sentence-transformers/all-MiniLM-L6-v2
[17:47:37]   [container-err] Key                     | Status     |  | 
[17:47:37]   [container-err] ------------------------+------------+--+-
[17:47:37]   [container-err] embeddings.position_ids | UNEXPECTED |  | 
[17:47:37]   [container-err] 
[17:47:37]   [container-err] Notes:
[17:47:37]   [container-err] - UNEXPECTED:	can be ignored when loading from different task/architecture; not ok if you expect identical arch.
[17:47:37] [clawbench_comm-002_qwen3.6-27b_20260520_094701] Agent finished in 32.13s, returncode=0
[17:47:37] [clawbench_comm-002_qwen3.6-27b_20260520_094701] Agent result: passed=True, score=1.0000
[17:47:37] [comm-002] Result saved to /Volumes/F/work/ClawEvalkit-private-emnlp/outputs/harness/procedure/clawbench-official/qwen3.6-27b/comm-002.json
[17:47:40] [clawbench_comm-004_qwen3.6-27b_20260520_094737] Container started
[17:47:40] [comm-004] Harness detected, timeout adjusted: 180 → 360
[17:47:42]   [container] [setup] 运行 setup.sh: /app/claw-bench/tasks/communication/comm-003-translation-prep/environment/setup.sh
[17:47:42]   [container] [setup] setup.sh 成功
[17:47:42]   [container] [setup] 工作空间文件: ['messages.json', 'instruction.md']
[17:47:42]   [container] DONE
[17:47:42]   [container-err] Loading weights:   0%|          | 0/103 [00:00<?, ?it/s]
[17:47:42]   [container-err] Loading weights: 100%|██████████| 103/103 [00:00<00:00, 28399.51it/s]
[17:47:42]   [container-err] [1mBertModel LOAD REPORT[0m from: sentence-transformers/all-MiniLM-L6-v2
[17:47:42]   [container-err] Key                     | Status     |  | 
[17:47:42]   [container-err] ------------------------+------------+--+-
[17:47:42]   [container-err] embeddings.position_ids | UNEXPECTED |  | 
[17:47:42]   [container-err] 
[17:47:42]   [container-err] Notes:
[17:47:42]   [container-err] - UNEXPECTED:	can be ignored when loading from different task/architecture; not ok if you expect identical arch.
[17:47:42] [clawbench_comm-003_qwen3.6-27b_20260520_094715] Agent finished in 22.63s, returncode=0
[17:47:42] [clawbench_comm-003_qwen3.6-27b_20260520_094715] Agent result: passed=True, score=1.0000
[17:47:42] [comm-003] Result saved to /Volumes/F/work/ClawEvalkit-private-emnlp/outputs/harness/procedure/clawbench-official/qwen3.6-27b/comm-003.json
[17:47:45] [clawbench_comm-005_qwen3.6-27b_20260520_094742] Container started
[17:47:45] [comm-005] Harness detected, timeout adjusted: 180 → 360
[17:48:25]   [container] [setup] 运行 setup.sh: /app/claw-bench/tasks/communication/comm-005-notification-routing/environment/setup.sh
[17:48:25]   [container] [setup] setup.sh 成功
[17:48:25]   [container] [setup] 工作空间文件: ['instruction.md', 'notifications.json', 'preferences.json']
[17:48:25]   [container] DONE
[17:48:25]   [container-err] Loading weights:   0%|          | 0/103 [00:00<?, ?it/s]
[17:48:25]   [container-err] Loading weights: 100%|██████████| 103/103 [00:00<00:00, 43637.71it/s]
[17:48:25]   [container-err] [1mBertModel LOAD REPORT[0m from: sentence-transformers/all-MiniLM-L6-v2
[17:48:25]   [container-err] Key                     | Status     |  | 
[17:48:25]   [container-err] ------------------------+------------+--+-
[17:48:25]   [container-err] embeddings.position_ids | UNEXPECTED |  | 
[17:48:25]   [container-err] 
[17:48:25]   [container-err] Notes:
[17:48:25]   [container-err] - UNEXPECTED:	can be ignored when loading from different task/architecture; not ok if you expect identical arch.
[17:48:25] [clawbench_comm-005_qwen3.6-27b_20260520_094742] Agent finished in 39.59s, returncode=0
[17:48:25] [clawbench_comm-005_qwen3.6-27b_20260520_094742] Agent result: passed=True, score=1.0000
[17:48:25] [comm-005] Result saved to /Volumes/F/work/ClawEvalkit-private-emnlp/outputs/harness/procedure/clawbench-official/qwen3.6-27b/comm-005.json
[17:48:27] [clawbench_comm-006_qwen3.6-27b_20260520_094825] Container started
[17:48:27] [comm-006] Harness detected, timeout adjusted: 240 → 420
[17:48:28]   [container] [setup] 运行 setup.sh: /app/claw-bench/tasks/communication/comm-004-chat-analysis/environment/setup.sh
[17:48:28]   [container] [setup] setup.sh 成功
[17:48:28]   [container] [setup] 工作空间文件: ['chat_log.json', 'instruction.md']
[17:48:28]   [container] DONE
[17:48:28]   [container-err] Loading weights:   0%|          | 0/103 [00:00<?, ?it/s]
[17:48:28]   [container-err] Loading weights: 100%|██████████| 103/103 [00:00<00:00, 25193.22it/s]
[17:48:28]   [container-err] [1mBertModel LOAD REPORT[0m from: sentence-transformers/all-MiniLM-L6-v2
[17:48:28]   [container-err] Key                     | Status     |  | 
[17:48:28]   [container-err] ------------------------+------------+--+-
[17:48:28]   [container-err] embeddings.position_ids | UNEXPECTED |  | 
[17:48:28]   [container-err] 
[17:48:28]   [container-err] Notes:
[17:48:28]   [container-err] - UNEXPECTED:	can be ignored when loading from different task/architecture; not ok if you expect identical arch.
[17:48:28] [clawbench_comm-004_qwen3.6-27b_20260520_094737] Agent finished in 47.98s, returncode=0
[17:48:28] [clawbench_comm-004_qwen3.6-27b_20260520_094737] Agent result: passed=True, score=1.0000
[17:48:28] [comm-004] Result saved to /Volumes/F/work/ClawEvalkit-private-emnlp/outputs/harness/procedure/clawbench-official/qwen3.6-27b/comm-004.json
[17:48:31] [clawbench_comm-007_qwen3.6-27b_20260520_094828] Container started
[17:48:31] [comm-007] Harness detected, timeout adjusted: 240 → 420
[17:49:28]   [container] [setup] 运行 setup.sh: /app/claw-bench/tasks/communication/comm-006-thread-summary/environment/setup.sh
[17:49:28]   [container] [setup] setup.sh 成功
[17:49:28]   [container] [setup] 工作空间文件: ['thread.json', 'instruction.md']
[17:49:28]   [container] DONE
[17:49:28]   [container-err] Loading weights:   0%|          | 0/103 [00:00<?, ?it/s]
[17:49:28]   [container-err] Loading weights: 100%|██████████| 103/103 [00:00<00:00, 18644.57it/s]
[17:49:28]   [container-err] [1mBertModel LOAD REPORT[0m from: sentence-transformers/all-MiniLM-L6-v2
[17:49:28]   [container-err] Key                     | Status     |  | 
[17:49:28]   [container-err] ------------------------+------------+--+-
[17:49:28]   [container-err] embeddings.position_ids | UNEXPECTED |  | 
[17:49:28]   [container-err] 
[17:49:28]   [container-err] Notes:
[17:49:28]   [container-err] - UNEXPECTED:	can be ignored when loading from different task/architecture; not ok if you expect identical arch.
[17:49:28] [clawbench_comm-006_qwen3.6-27b_20260520_094825] Agent finished in 60.91s, returncode=0
[17:49:28] [clawbench_comm-006_qwen3.6-27b_20260520_094825] Agent result: passed=True, score=1.0000
[17:49:29] [comm-006] Result saved to /Volumes/F/work/ClawEvalkit-private-emnlp/outputs/harness/procedure/clawbench-official/qwen3.6-27b/comm-006.json
[17:49:31] [clawbench_comm-008_qwen3.6-27b_20260520_094929] Container started
[17:49:31] [comm-008] Harness detected, timeout adjusted: 300 → 480
[17:50:57]   [container] [setup] 运行 setup.sh: /app/claw-bench/tasks/communication/comm-008-communication-audit/environment/setup.sh
[17:50:57]   [container] [setup] setup.sh 成功
[17:50:57]   [container] [setup] 工作空间文件: ['instruction.md']
[17:50:57]   [container] DONE
[17:50:57]   [container-err] Loading weights:   0%|          | 0/103 [00:00<?, ?it/s]
[17:50:57]   [container-err] Loading weights: 100%|██████████| 103/103 [00:00<00:00, 41384.55it/s]
[17:50:57]   [container-err] [1mBertModel LOAD REPORT[0m from: sentence-transformers/all-MiniLM-L6-v2
[17:50:57]   [container-err] Key                     | Status     |  | 
[17:50:57]   [container-err] ------------------------+------------+--+-
[17:50:57]   [container-err] embeddings.position_ids | UNEXPECTED |  | 
[17:50:57]   [container-err] 
[17:50:57]   [container-err] Notes:
[17:50:57]   [container-err] - UNEXPECTED:	can be ignored when loading from different task/architecture; not ok if you expect identical arch.
[17:50:57] [clawbench_comm-008_qwen3.6-27b_20260520_094929] Agent finished in 85.93s, returncode=0
[17:50:57] [clawbench_comm-008_qwen3.6-27b_20260520_094929] Agent result: passed=True, score=1.0000
[17:50:58] [comm-008] Result saved to /Volumes/F/work/ClawEvalkit-private-emnlp/outputs/harness/procedure/clawbench-official/qwen3.6-27b/comm-008.json
[17:51:01] [clawbench_comm-009_qwen3.6-27b_20260520_095058] Container started
[17:51:01] [comm-009] Harness detected, timeout adjusted: 180 → 360
[17:51:49]   [container] [setup] 运行 setup.sh: /app/claw-bench/tasks/communication/comm-007-cross-channel-sync/environment/setup.sh
[17:51:49]   [container] [setup] setup.sh 成功
[17:51:49]   [container] [setup] 工作空间文件: ['sync_rules.json', 'channels.json', 'instruction.md']
[17:51:49]   [container] DONE
[17:51:49]   [container-err] Loading weights:   0%|          | 0/103 [00:00<?, ?it/s]
[17:51:49]   [container-err] Loading weights: 100%|██████████| 103/103 [00:00<00:00, 22649.33it/s]
[17:51:49]   [container-err] [1mBertModel LOAD REPORT[0m from: sentence-transformers/all-MiniLM-L6-v2
[17:51:49]   [container-err] Key                     | Status     |  | 
[17:51:49]   [container-err] ------------------------+------------+--+-
[17:51:49]   [container-err] embeddings.position_ids | UNEXPECTED |  | 
[17:51:49]   [container-err] 
[17:51:49]   [container-err] Notes:
[17:51:49]   [container-err] - UNEXPECTED:	can be ignored when loading from different task/architecture; not ok if you expect identical arch.
[17:51:49] [clawbench_comm-007_qwen3.6-27b_20260520_094828] Agent finished in 198.86s, returncode=0
[17:51:49] [clawbench_comm-007_qwen3.6-27b_20260520_094828] Agent result: passed=True, score=1.0000
[17:51:50] [comm-007] Result saved to /Volumes/F/work/ClawEvalkit-private-emnlp/outputs/harness/procedure/clawbench-official/qwen3.6-27b/comm-007.json
[17:51:53] [clawbench_comm-010_qwen3.6-27b_20260520_095150] Container started
[17:51:53] [comm-010] Harness detected, timeout adjusted: 300 → 480
[17:53:15]   [container] [setup] 运行 setup.sh: /app/claw-bench/tasks/communication/comm-009-meeting-notes/environment/setup.sh
[17:53:15]   [container] [setup] setup.sh 成功
[17:53:15]   [container] [setup] 工作空间文件: ['transcript.txt', 'instruction.md']
[17:53:15]   [container] DONE
[17:53:15]   [container-err] Loading weights:   0%|          | 0/103 [00:00<?, ?it/s]
[17:53:15]   [container-err] Loading weights: 100%|██████████| 103/103 [00:00<00:00, 12624.22it/s]
[17:53:15]   [container-err] [1mBertModel LOAD REPORT[0m from: sentence-transformers/all-MiniLM-L6-v2
[17:53:15]   [container-err] Key                     | Status     |  | 
[17:53:15]   [container-err] ------------------------+------------+--+-
[17:53:15]   [container-err] embeddings.position_ids | UNEXPECTED |  | 
[17:53:15]   [container-err] 
[17:53:15]   [container-err] Notes:
[17:53:15]   [container-err] - UNEXPECTED:	can be ignored when loading from different task/architecture; not ok if you expect identical arch.
[17:53:15] [clawbench_comm-009_qwen3.6-27b_20260520_095058] Agent finished in 133.85s, returncode=0
[17:53:15] [clawbench_comm-009_qwen3.6-27b_20260520_095058] Agent result: passed=False, score=0.9630
[17:53:16] [comm-009] Result saved to /Volumes/F/work/ClawEvalkit-private-emnlp/outputs/harness/procedure/clawbench-official/qwen3.6-27b/comm-009.json
[17:53:18] [clawbench_comm-011_qwen3.6-27b_20260520_095316] Container started
[17:53:18] [comm-011] Harness detected, timeout adjusted: 120 → 300
[17:53:50]   [container] [setup] 运行 setup.sh: /app/claw-bench/tasks/communication/comm-010-notification-router/environment/setup.sh
[17:53:50]   [container] [setup] setup.sh 成功
[17:53:50]   [container] [setup] 工作空间文件: ['events.json', 'instruction.md', 'rules.yaml']
[17:53:50]   [container] DONE
[17:53:50]   [container-err] Loading weights:   0%|          | 0/103 [00:00<?, ?it/s]
[17:53:50]   [container-err] Loading weights: 100%|██████████| 103/103 [00:00<00:00, 53579.72it/s]
[17:53:50]   [container-err] [1mBertModel LOAD REPORT[0m from: sentence-transformers/all-MiniLM-L6-v2
[17:53:50]   [container-err] Key                     | Status     |  | 
[17:53:50]   [container-err] ------------------------+------------+--+-
[17:53:50]   [container-err] embeddings.position_ids | UNEXPECTED |  | 
[17:53:50]   [container-err] 
[17:53:50]   [container-err] Notes:
[17:53:50]   [container-err] - UNEXPECTED:	can be ignored when loading from different task/architecture; not ok if you expect identical arch.
[17:53:50] [clawbench_comm-010_qwen3.6-27b_20260520_095150] Agent finished in 116.63s, returncode=0
[17:53:50] [clawbench_comm-010_qwen3.6-27b_20260520_095150] Agent result: passed=False, score=0.9630
[17:53:51] [comm-010] Result saved to /Volumes/F/work/ClawEvalkit-private-emnlp/outputs/harness/procedure/clawbench-official/qwen3.6-27b/comm-010.json
[17:53:54] [clawbench_comm-012_qwen3.6-27b_20260520_095351] Container started
[17:53:54] [comm-012] Harness detected, timeout adjusted: 120 → 300
[17:54:19]   [container] [setup] 运行 setup.sh: /app/claw-bench/tasks/communication/comm-011-meeting-notes-formatter/environment/setup.sh
[17:54:19]   [container] [setup] setup.sh 成功
[17:54:19]   [container] [setup] 工作空间文件: ['meeting.txt', 'instruction.md']
[17:54:19]   [container] DONE
[17:54:19]   [container-err] Loading weights:   0%|          | 0/103 [00:00<?, ?it/s]
[17:54:19]   [container-err] Loading weights: 100%|██████████| 103/103 [00:00<00:00, 8296.62it/s]
[17:54:19]   [container-err] [1mBertModel LOAD REPORT[0m from: sentence-transformers/all-MiniLM-L6-v2
[17:54:19]   [container-err] Key                     | Status     |  | 
[17:54:19]   [container-err] ------------------------+------------+--+-
[17:54:19]   [container-err] embeddings.position_ids | UNEXPECTED |  | 
[17:54:19]   [container-err] 
[17:54:19]   [container-err] Notes:
[17:54:19]   [container-err] - UNEXPECTED:	can be ignored when loading from different task/architecture; not ok if you expect identical arch.
[17:54:19] [clawbench_comm-011_qwen3.6-27b_20260520_095316] Agent finished in 61.02s, returncode=0
[17:54:19] [clawbench_comm-011_qwen3.6-27b_20260520_095316] Agent result: passed=True, score=1.0000
[17:54:20] [comm-011] Result saved to /Volumes/F/work/ClawEvalkit-private-emnlp/outputs/harness/procedure/clawbench-official/qwen3.6-27b/comm-011.json
[17:54:22] [clawbench_comm-013_qwen3.6-27b_20260520_095420] Container started
[17:54:22] [comm-013] Harness detected, timeout adjusted: 120 → 300
[17:55:05]   [container] [setup] 运行 setup.sh: /app/claw-bench/tasks/communication/comm-012-contact-deduplicator/environment/setup.sh
[17:55:05]   [container] [setup] setup.sh 成功
[17:55:05]   [container] [setup] 工作空间文件: ['contacts.csv', 'instruction.md']
[17:55:05]   [container] DONE
[17:55:05]   [container-err] Loading weights:   0%|          | 0/103 [00:00<?, ?it/s]
[17:55:05]   [container-err] Loading weights: 100%|██████████| 103/103 [00:00<00:00, 36426.08it/s]
[17:55:05]   [container-err] [1mBertModel LOAD REPORT[0m from: sentence-transformers/all-MiniLM-L6-v2
[17:55:05]   [container-err] Key                     | Status     |  | 
[17:55:05]   [container-err] ------------------------+------------+--+-
[17:55:05]   [container-err] embeddings.position_ids | UNEXPECTED |  | 
[17:55:05]   [container-err] 
[17:55:05]   [container-err] Notes:
[17:55:05]   [container-err] - UNEXPECTED:	can be ignored when loading from different task/architecture; not ok if you expect identical arch.
[17:55:05] [clawbench_comm-012_qwen3.6-27b_20260520_095351] Agent finished in 70.23s, returncode=0
[17:55:05] [clawbench_comm-012_qwen3.6-27b_20260520_095351] Agent result: passed=False, score=0.9333
[17:55:05] [comm-012] Result saved to /Volumes/F/work/ClawEvalkit-private-emnlp/outputs/harness/procedure/clawbench-official/qwen3.6-27b/comm-012.json
[17:55:08] [clawbench_comm-014_qwen3.6-27b_20260520_095505] Container started
[17:55:08] [comm-014] Harness detected, timeout adjusted: 120 → 300
[17:55:20]   [container] [setup] 运行 setup.sh: /app/claw-bench/tasks/communication/comm-013-announcement-generator/environment/setup.sh
[17:55:20]   [container] [setup] setup.sh 成功
[17:55:20]   [container] [setup] 工作空间文件: ['instruction.md', 'data.json', 'template.txt']
[17:55:20]   [container] DONE
[17:55:20]   [container-err] Loading weights:   0%|          | 0/103 [00:00<?, ?it/s]
[17:55:20]   [container-err] Loading weights: 100%|██████████| 103/103 [00:00<00:00, 52005.94it/s]
[17:55:20]   [container-err] [1mBertModel LOAD REPORT[0m from: sentence-transformers/all-MiniLM-L6-v2
[17:55:20]   [container-err] Key                     | Status     |  | 
[17:55:20]   [container-err] ------------------------+------------+--+-
[17:55:20]   [container-err] embeddings.position_ids | UNEXPECTED |  | 
[17:55:20]   [container-err] 
[17:55:20]   [container-err] Notes:
[17:55:20]   [container-err] - UNEXPECTED:	can be ignored when loading from different task/architecture; not ok if you expect identical arch.
[17:55:20] [clawbench_comm-013_qwen3.6-27b_20260520_095420] Agent finished in 58.00s, returncode=0
[17:55:20] [clawbench_comm-013_qwen3.6-27b_20260520_095420] Agent result: passed=False, score=0.9231
[17:55:21] [comm-013] Result saved to /Volumes/F/work/ClawEvalkit-private-emnlp/outputs/harness/procedure/clawbench-official/qwen3.6-27b/comm-013.json
[17:55:25] [clawbench_comm-015_qwen3.6-27b_20260520_095521] Container started
[17:55:25] [comm-015] Harness detected, timeout adjusted: 120 → 300
[17:57:06]   [container] [setup] 运行 setup.sh: /app/claw-bench/tasks/communication/comm-015-channel-activity-report/environment/setup.sh
[17:57:06]   [container] [setup] setup.sh 成功
[17:57:06]   [container] [setup] 工作空间文件: ['channels.json', 'instruction.md']
[17:57:06]   [container] DONE
[17:57:06]   [container-err] Loading weights:   0%|          | 0/103 [00:00<?, ?it/s]
[17:57:06]   [container-err] Loading weights: 100%|██████████| 103/103 [00:00<00:00, 25649.43it/s]
[17:57:06]   [container-err] [1mBertModel LOAD REPORT[0m from: sentence-transformers/all-MiniLM-L6-v2
[17:57:06]   [container-err] Key                     | Status     |  | 
[17:57:06]   [container-err] ------------------------+------------+--+-
[17:57:06]   [container-err] embeddings.position_ids | UNEXPECTED |  | 
[17:57:06]   [container-err] 
[17:57:06]   [container-err] Notes:
[17:57:06]   [container-err] - UNEXPECTED:	can be ignored when loading from different task/architecture; not ok if you expect identical arch.
[17:57:06] [clawbench_comm-015_qwen3.6-27b_20260520_095521] Agent finished in 101.21s, returncode=0
[17:57:06] [clawbench_comm-015_qwen3.6-27b_20260520_095521] Agent result: passed=True, score=1.0000
[17:57:06] [comm-015] Result saved to /Volumes/F/work/ClawEvalkit-private-emnlp/outputs/harness/procedure/clawbench-official/qwen3.6-27b/comm-015.json
[17:57:09] [clawbench_cont-001-sentiment-analysis_qwen3.6-27b_20260520_095706] Container started
[17:57:09] [cont-001-sentiment-analysis] Harness detected, timeout adjusted: 3600 → 3780
[17:58:08]   [container] [setup] 运行 setup.sh: /app/claw-bench/tasks/content-analysis/cont-001-sentiment-analysis/environment/setup.sh
[17:58:08]   [container] [setup] setup.sh 成功
[17:58:08]   [container] [setup] 工作空间文件: ['reviews.csv', 'instruction.md']
[17:58:08]   [container] DONE
[17:58:08]   [container-err] Loading weights:   0%|          | 0/103 [00:00<?, ?it/s]
[17:58:08]   [container-err] Loading weights: 100%|██████████| 103/103 [00:00<00:00, 35143.03it/s]
[17:58:08]   [container-err] [1mBertModel LOAD REPORT[0m from: sentence-transformers/all-MiniLM-L6-v2
[17:58:08]   [container-err] Key                     | Status     |  | 
[17:58:08]   [container-err] ------------------------+------------+--+-
[17:58:08]   [container-err] embeddings.position_ids | UNEXPECTED |  | 
[17:58:08]   [container-err] 
[17:58:08]   [container-err] Notes:
[17:58:08]   [container-err] - UNEXPECTED:	can be ignored when loading from different task/architecture; not ok if you expect identical arch.
[17:58:08] [clawbench_cont-001-sentiment-analysis_qwen3.6-27b_20260520_095706] Agent finished in 59.80s, returncode=0
[17:58:08] [clawbench_cont-001-sentiment-analysis_qwen3.6-27b_20260520_095706] Agent result: passed=True, score=1.0000
[17:58:09] [cont-001-sentiment-analysis] Result saved to /Volumes/F/work/ClawEvalkit-private-emnlp/outputs/harness/procedure/clawbench-official/qwen3.6-27b/cont-001-sentiment-analysis.json
[17:58:11] [clawbench_cont-002-topic-modeling_qwen3.6-27b_20260520_095809] Container started
[17:58:11] [cont-002-topic-modeling] Harness detected, timeout adjusted: 3600 → 3780
[17:59:57]   [container] [setup] 运行 setup.sh: /app/claw-bench/tasks/content-analysis/cont-002-topic-modeling/environment/setup.sh
[17:59:57]   [container] [setup] setup.sh 成功
[17:59:57]   [container] [setup] 工作空间文件: ['instruction.md']
[17:59:57]   [container] DONE
[17:59:57]   [container-err] Loading weights:   0%|          | 0/103 [00:00<?, ?it/s]
[17:59:57]   [container-err] Loading weights: 100%|██████████| 103/103 [00:00<00:00, 22518.29it/s]
[17:59:57]   [container-err] [1mBertModel LOAD REPORT[0m from: sentence-transformers/all-MiniLM-L6-v2
[17:59:57]   [container-err] Key                     | Status     |  | 
[17:59:57]   [container-err] ------------------------+------------+--+-
[17:59:57]   [container-err] embeddings.position_ids | UNEXPECTED |  | 
[17:59:57]   [container-err] 
[17:59:57]   [container-err] Notes:
[17:59:57]   [container-err] - UNEXPECTED:	can be ignored when loading from different task/architecture; not ok if you expect identical arch.
[17:59:57] [clawbench_cont-002-topic-modeling_qwen3.6-27b_20260520_095809] Agent finished in 105.52s, returncode=0
[17:59:57] [clawbench_cont-002-topic-modeling_qwen3.6-27b_20260520_095809] Agent result: passed=True, score=1.0000
[17:59:57] [cont-002-topic-modeling] Result saved to /Volumes/F/work/ClawEvalkit-private-emnlp/outputs/harness/procedure/clawbench-official/qwen3.6-27b/cont-002-topic-modeling.json
[18:00:00] [clawbench_cont-003-readability-audit_qwen3.6-27b_20260520_095957] Container started
[18:00:00] [cont-003-readability-audit] Harness detected, timeout adjusted: 3600 → 3780
[18:00:46]   [container] [setup] 运行 setup.sh: /app/claw-bench/tasks/communication/comm-014-chat-sentiment-analysis/environment/setup.sh
[18:00:46]   [container] [setup] setup.sh 失败 (rc=1)
[18:00:46]   [container] [setup] stderr: cp: cannot stat '/app/claw-bench/tasks/communication/comm-014-chat-sentiment-analysis/environment/data/chat_log.jsonl': No such file or directory
[18:00:46]   [container] 
[18:00:46]   [container] [setup] 重试 (bash -x) ...
[18:00:46]   [container] [setup] 重试也失败 (rc=1)
[18:00:46]   [container] [setup] stderr: + set -euo pipefail
[18:00:46]   [container] +++ dirname /app/claw-bench/tasks/communication/comm-014-chat-sentiment-analysis/environment/setup.sh
[18:00:46]   [container] ++ cd /app/claw-bench/tasks/communication/comm-014-chat-sentiment-analysis/environment/..
[18:00:46]   [container] ++ pwd
[18:00:46]   [container] + TASK_DIR=/app/claw-bench/tasks/communication/comm-014-chat-sentiment-analysis
[18:00:46]   [container] + WORKSPACE=/tmp/clawbench_workspace
[18:00:46]   [container] + mkdir -p /tmp/clawbench_workspace
[18:00:46]   [container] + cp /app/claw-bench/tasks/communication/comm-014-chat-sentiment-analysis/environment/data/chat_log.jsonl /tmp/clawbench_workspace/chat_log.jsonl
[18:00:46]   [container] cp: cannot stat '/app/claw-bench/tasks/communication/comm-014-chat-sentiment-analysis/environment/data/chat_log.jsonl': No such file or directory
[18:00:46]   [container] 
[18:00:46]   [container] [setup] 工作空间文件: ['instruction.md', 'keywords.json']
[18:00:46]   [container] DONE
[18:00:46]   [container-err] Loading weights:   0%|          | 0/103 [00:00<?, ?it/s]
[18:00:46]   [container-err] Loading weights: 100%|██████████| 103/103 [00:00<00:00, 24018.09it/s]
[18:00:46]   [container-err] [1mBertModel LOAD REPORT[0m from: sentence-transformers/all-MiniLM-L6-v2
[18:00:46]   [container-err] Key                     | Status     |  | 
[18:00:46]   [container-err] ------------------------+------------+--+-
[18:00:46]   [container-err] embeddings.position_ids | UNEXPECTED |  | 
[18:00:46]   [container-err] 
[18:00:46]   [container-err] Notes:
[18:00:46]   [container-err] - UNEXPECTED:	can be ignored when loading from different task/architecture; not ok if you expect identical arch.
[18:00:46] [clawbench_comm-014_qwen3.6-27b_20260520_095505] Agent finished in 337.79s, returncode=0
[18:00:46] [clawbench_comm-014_qwen3.6-27b_20260520_095505] Agent result: passed=False, score=0.7778
[18:00:47] [comm-014] Result saved to /Volumes/F/work/ClawEvalkit-private-emnlp/outputs/harness/procedure/clawbench-official/qwen3.6-27b/comm-014.json
[18:00:50] [clawbench_cont-004-media-bias_qwen3.6-27b_20260520_100047] Container started
[18:00:50] [cont-004-media-bias] Harness detected, timeout adjusted: 3600 → 3780
[18:02:29]   [container] [setup] 运行 setup.sh: /app/claw-bench/tasks/content-analysis/cont-004-media-bias/environment/setup.sh
[18:02:29]   [container] [setup] setup.sh 成功
[18:02:29]   [container] [setup] 工作空间文件: ['instruction.md']
[18:02:29]   [container] DONE
[18:02:29]   [container-err] Loading weights:   0%|          | 0/103 [00:00<?, ?it/s]
[18:02:29]   [container-err] Loading weights: 100%|██████████| 103/103 [00:00<00:00, 22701.70it/s]
[18:02:29]   [container-err] [1mBertModel LOAD REPORT[0m from: sentence-transformers/all-MiniLM-L6-v2
[18:02:29]   [container-err] Key                     | Status     |  | 
[18:02:29]   [container-err] ------------------------+------------+--+-
[18:02:29]   [container-err] embeddings.position_ids | UNEXPECTED |  | 
[18:02:29]   [container-err] 
[18:02:29]   [container-err] Notes:
[18:02:29]   [container-err] - UNEXPECTED:	can be ignored when loading from different task/architecture; not ok if you expect identical arch.
[18:02:29] [clawbench_cont-004-media-bias_qwen3.6-27b_20260520_100047] Agent finished in 98.72s, returncode=0
[18:02:29] [clawbench_cont-004-media-bias_qwen3.6-27b_20260520_100047] Agent result: passed=False, score=0.5000
[18:02:29] [cont-004-media-bias] Result saved to /Volumes/F/work/ClawEvalkit-private-emnlp/outputs/harness/procedure/clawbench-official/qwen3.6-27b/cont-004-media-bias.json
[18:02:31] [clawbench_cont-005-translation-qa_qwen3.6-27b_20260520_100229] Container started
[18:02:31] [cont-005-translation-qa] Harness detected, timeout adjusted: 3600 → 3780
[18:05:29]   [container] [setup] 运行 setup.sh: /app/claw-bench/tasks/content-analysis/cont-005-translation-qa/environment/setup.sh
[18:05:29]   [container] [setup] setup.sh 成功
[18:05:29]   [container] [setup] 工作空间文件: ['instruction.md']
[18:05:29]   [container] DONE
[18:05:29]   [container-err] Loading weights:   0%|          | 0/103 [00:00<?, ?it/s]
[18:05:29]   [container-err] Loading weights: 100%|██████████| 103/103 [00:00<00:00, 24476.67it/s]
[18:05:29]   [container-err] [1mBertModel LOAD REPORT[0m from: sentence-transformers/all-MiniLM-L6-v2
[18:05:29]   [container-err] Key                     | Status     |  | 
[18:05:29]   [container-err] ------------------------+------------+--+-
[18:05:29]   [container-err] embeddings.position_ids | UNEXPECTED |  | 
[18:05:29]   [container-err] 
[18:05:29]   [container-err] Notes:
[18:05:29]   [container-err] - UNEXPECTED:	can be ignored when loading from different task/architecture; not ok if you expect identical arch.
[18:05:29] [clawbench_cont-005-translation-qa_qwen3.6-27b_20260520_100229] Agent finished in 177.90s, returncode=0
[18:05:29] [clawbench_cont-005-translation-qa_qwen3.6-27b_20260520_100229] Agent result: passed=False, score=0.0000
[18:05:30] [cont-005-translation-qa] Result saved to /Volumes/F/work/ClawEvalkit-private-emnlp/outputs/harness/procedure/clawbench-official/qwen3.6-27b/cont-005-translation-qa.json
[18:05:32] [clawbench_law-001-nda-clause-extract_qwen3.6-27b_20260520_100530] Container started
[18:05:32] [law-001-nda-clause-extract] Harness detected, timeout adjusted: 3600 → 3780
[18:06:49]   [container] [setup] 运行 setup.sh: /app/claw-bench/tasks/content-analysis/cont-003-readability-audit/environment/setup.sh
[18:06:49]   [container] [setup] setup.sh 成功
[18:06:49]   [container] [setup] 工作空间文件: ['instruction.md']
[18:06:49]   [container] DONE
[18:06:49]   [container-err] Loading weights:   0%|          | 0/103 [00:00<?, ?it/s]
[18:06:49]   [container-err] Loading weights: 100%|██████████| 103/103 [00:00<00:00, 18755.46it/s]
[18:06:49]   [container-err] [1mBertModel LOAD REPORT[0m from: sentence-transformers/all-MiniLM-L6-v2
[18:06:49]   [container-err] Key                     | Status     |  | 
[18:06:49]   [container-err] ------------------------+------------+--+-
[18:06:49]   [container-err] embeddings.position_ids | UNEXPECTED |  | 
[18:06:49]   [container-err] 
[18:06:49]   [container-err] Notes:
[18:06:49]   [container-err] - UNEXPECTED:	can be ignored when loading from different task/architecture; not ok if you expect identical arch.
[18:06:49] [clawbench_cont-003-readability-audit_qwen3.6-27b_20260520_095957] Agent finished in 409.15s, returncode=0
[18:06:49] [clawbench_cont-003-readability-audit_qwen3.6-27b_20260520_095957] Agent result: passed=False, score=0.7500
[18:06:50] [cont-003-readability-audit] Result saved to /Volumes/F/work/ClawEvalkit-private-emnlp/outputs/harness/procedure/clawbench-official/qwen3.6-27b/cont-003-readability-audit.json
[18:06:52] [clawbench_law-002-lease-analysis_qwen3.6-27b_20260520_100650] Container started
[18:06:52] [law-002-lease-analysis] Harness detected, timeout adjusted: 3600 → 3780
[18:07:50]   [container] [setup] 运行 setup.sh: /app/claw-bench/tasks/contract-review/law-002-lease-analysis/environment/setup.sh
[18:07:50]   [container] [setup] setup.sh 成功
[18:07:50]   [container] [setup] 工作空间文件: ['instruction.md', 'lease_agreement.txt']
[18:07:50]   [container] DONE
[18:07:50]   [container-err] Loading weights:   0%|          | 0/103 [00:00<?, ?it/s]
[18:07:50]   [container-err] Loading weights: 100%|██████████| 103/103 [00:00<00:00, 4301.76it/s]
[18:07:50]   [container-err] [1mBertModel LOAD REPORT[0m from: sentence-transformers/all-MiniLM-L6-v2
[18:07:50]   [container-err] Key                     | Status     |  | 
[18:07:50]   [container-err] ------------------------+------------+--+-
[18:07:50]   [container-err] embeddings.position_ids | UNEXPECTED |  | 
[18:07:50]   [container-err] 
[18:07:50]   [container-err] Notes:
[18:07:50]   [container-err] - UNEXPECTED:	can be ignored when loading from different task/architecture; not ok if you expect identical arch.
[18:07:50] [clawbench_law-002-lease-analysis_qwen3.6-27b_20260520_100650] Agent finished in 57.46s, returncode=0
[18:07:50] [clawbench_law-002-lease-analysis_qwen3.6-27b_20260520_100650] Agent result: passed=True, score=1.0000
[18:07:50] [law-002-lease-analysis] Result saved to /Volumes/F/work/ClawEvalkit-private-emnlp/outputs/harness/procedure/clawbench-official/qwen3.6-27b/law-002-lease-analysis.json
[18:07:54] [clawbench_law-003-compliance-check_qwen3.6-27b_20260520_100750] Container started
[18:07:54] [law-003-compliance-check] Harness detected, timeout adjusted: 3600 → 3780
[18:07:57]   [container] [setup] 运行 setup.sh: /app/claw-bench/tasks/contract-review/law-001-nda-clause-extract/environment/setup.sh
[18:07:57]   [container] [setup] setup.sh 成功
[18:07:57]   [container] [setup] 工作空间文件: ['instruction.md', 'nda_contract.txt']
[18:07:57]   [container] DONE
[18:07:57]   [container-err] Loading weights:   0%|          | 0/103 [00:00<?, ?it/s]
[18:07:57]   [container-err] Loading weights: 100%|██████████| 103/103 [00:00<00:00, 3958.45it/s]
[18:07:57]   [container-err] [1mBertModel LOAD REPORT[0m from: sentence-transformers/all-MiniLM-L6-v2
[18:07:57]   [container-err] Key                     | Status     |  | 
[18:07:57]   [container-err] ------------------------+------------+--+-
[18:07:57]   [container-err] embeddings.position_ids | UNEXPECTED |  | 
[18:07:57]   [container-err] 
[18:07:57]   [container-err] Notes:
[18:07:57]   [container-err] - UNEXPECTED:	can be ignored when loading from different task/architecture; not ok if you expect identical arch.
[18:07:57] [clawbench_law-001-nda-clause-extract_qwen3.6-27b_20260520_100530] Agent finished in 144.17s, returncode=0
[18:07:57] [clawbench_law-001-nda-clause-extract_qwen3.6-27b_20260520_100530] Agent result: passed=True, score=1.0000
[18:07:57] [law-001-nda-clause-extract] Result saved to /Volumes/F/work/ClawEvalkit-private-emnlp/outputs/harness/procedure/clawbench-official/qwen3.6-27b/law-001-nda-clause-extract.json
[18:08:00] [clawbench_law-004-ip-license-review_qwen3.6-27b_20260520_100757] Container started
[18:08:00] [law-004-ip-license-review] Harness detected, timeout adjusted: 3600 → 3780
[18:09:28]   [container] [setup] 运行 setup.sh: /app/claw-bench/tasks/contract-review/law-004-ip-license-review/environment/setup.sh
[18:09:28]   [container] [setup] setup.sh 成功
[18:09:28]   [container] [setup] 工作空间文件: ['instruction.md', 'license_agreement.txt']
[18:09:28]   [container] DONE
[18:09:28]   [container-err] Loading weights:   0%|          | 0/103 [00:00<?, ?it/s]
[18:09:28]   [container-err] Loading weights: 100%|██████████| 103/103 [00:00<00:00, 36845.49it/s]
[18:09:28]   [container-err] [1mBertModel LOAD REPORT[0m from: sentence-transformers/all-MiniLM-L6-v2
[18:09:28]   [container-err] Key                     | Status     |  | 
[18:09:28]   [container-err] ------------------------+------------+--+-
[18:09:28]   [container-err] embeddings.position_ids | UNEXPECTED |  | 
[18:09:28]   [container-err] 
[18:09:28]   [container-err] Notes:
[18:09:28]   [container-err] - UNEXPECTED:	can be ignored when loading from different task/architecture; not ok if you expect identical arch.
[18:09:28] [clawbench_law-004-ip-license-review_qwen3.6-27b_20260520_100757] Agent finished in 88.50s, returncode=0
[18:09:28] [clawbench_law-004-ip-license-review_qwen3.6-27b_20260520_100757] Agent result: passed=True, score=1.0000
[18:09:29] [law-004-ip-license-review] Result saved to /Volumes/F/work/ClawEvalkit-private-emnlp/outputs/harness/procedure/clawbench-official/qwen3.6-27b/law-004-ip-license-review.json
[18:09:31] [clawbench_law-005-merger-due-diligence_qwen3.6-27b_20260520_100929] Container started
[18:09:31] [law-005-merger-due-diligence] Harness detected, timeout adjusted: 3600 → 3780
[18:14:09]   [container]     ('\''travel_expenses'\'', '\''The contract must specify travel expense reimbursement.'\'', False),
[18:14:09]   [container]     ('\''intellectual_property'\'', '\''The contract must specify intellectual property rights.'\'', True),
[18:14:09]   [container]     ('\''child_labor'\'', '\''The contract must prohibit child labor.'\'', True),
[18:14:09]   [container]     ('\''union_rights'\'', '\''The contract must specify union rights and representation.'\'', False),
[18:14:09]   [container]     ('\''data_protection'\'', '\''The contract must specify data protection obligations.'\'', True),
[18:14:09]   [container]     ('\''remote_work'\'', '\''The contract must specify remote work policies.'\'', False),
[18:14:09]   [container] ]
[18:14:09]   [container] 
[18:14:09]   [container] with open(f'\''{os.environ.get(WORKSPACE, os.getcwd())}/labor_requirements.csv'\'', '\''w'\'', newline='\'''\'') as f:
[18:14:09]   [container]     writer = csv.writer(f)
[18:14:09]   [container]     writer.writerow(['\''requirement'\'', '\''description'\'', '\''mandatory'\''])
[18:14:09]   [container]     for r in requirements:
[18:14:09]   [container]         writer.writerow([r[0], r[1], str(r[2])])
[18:14:09]   [container] '
[18:14:09]   [container] Traceback (most recent call last):
[18:14:09]   [container]   File "<string>", line 30, in <module>
[18:14:09]   [container] NameError: name 'os' is not defined. Did you forget to import 'os'?
[18:14:09]   [container] 
[18:14:09]   [container] [setup] 工作空间文件: ['instruction.md']
[18:14:09]   [container] DONE
[18:14:09]   [container-err] Loading weights:   0%|          | 0/103 [00:00<?, ?it/s]
[18:14:09]   [container-err] Loading weights: 100%|██████████| 103/103 [00:00<00:00, 25949.86it/s]
[18:14:09]   [container-err] [1mBertModel LOAD REPORT[0m from: sentence-transformers/all-MiniLM-L6-v2
[18:14:09]   [container-err] Key                     | Status     |  | 
[18:14:09]   [container-err] ------------------------+------------+--+-
[18:14:09]   [container-err] embeddings.position_ids | UNEXPECTED |  | 
[18:14:09]   [container-err] 
[18:14:09]   [container-err] Notes:
[18:14:09]   [container-err] - UNEXPECTED:	can be ignored when loading from different task/architecture; not ok if you expect identical arch.
[18:14:09] [clawbench_law-003-compliance-check_qwen3.6-27b_20260520_100750] Agent finished in 374.92s, returncode=0
[18:14:09] [clawbench_law-003-compliance-check_qwen3.6-27b_20260520_100750] Agent result: passed=True, score=1.0000
[18:14:10] [law-003-compliance-check] Result saved to /Volumes/F/work/ClawEvalkit-private-emnlp/outputs/harness/procedure/clawbench-official/qwen3.6-27b/law-003-compliance-check.json
[18:14:13] [clawbench_xdom-001_qwen3.6-27b_20260520_101410] Container started
[18:14:13] [xdom-001] Harness detected, timeout adjusted: 300 → 480
[18:16:11]   [container] [setup] 运行 setup.sh: /app/claw-bench/tasks/cross-domain/xdom-001-email-to-calendar/environment/setup.sh
[18:16:11]   [container] [setup] setup.sh 成功
[18:16:11]   [container] [setup] 工作空间文件: ['instruction.md', 'emails.json']
[18:16:11]   [container] DONE
[18:16:11]   [container-err] Loading weights:   0%|          | 0/103 [00:00<?, ?it/s]
[18:16:11]   [container-err] Loading weights: 100%|██████████| 103/103 [00:00<00:00, 28001.90it/s]
[18:16:11]   [container-err] [1mBertModel LOAD REPORT[0m from: sentence-transformers/all-MiniLM-L6-v2
[18:16:11]   [container-err] Key                     | Status     |  | 
[18:16:11]   [container-err] ------------------------+------------+--+-
[18:16:11]   [container-err] embeddings.position_ids | UNEXPECTED |  | 
[18:16:11]   [container-err] 
[18:16:11]   [container-err] Notes:
[18:16:11]   [container-err] - UNEXPECTED:	can be ignored when loading from different task/architecture; not ok if you expect identical arch.
[18:16:11] [clawbench_xdom-001_qwen3.6-27b_20260520_101410] Agent finished in 117.29s, returncode=0
[18:16:11] [clawbench_xdom-001_qwen3.6-27b_20260520_101410] Agent result: passed=True, score=1.0000
[18:16:11] [xdom-001] Result saved to /Volumes/F/work/ClawEvalkit-private-emnlp/outputs/harness/procedure/clawbench-official/qwen3.6-27b/xdom-001.json
[18:16:14] [clawbench_xdom-002_qwen3.6-27b_20260520_101611] Container started
[18:16:14] [xdom-002] Harness detected, timeout adjusted: 300 → 480
[18:18:05]   [container] [setup] 运行 setup.sh: /app/claw-bench/tasks/cross-domain/xdom-002-code-review-report/environment/setup.sh
[18:18:05]   [container] [setup] setup.sh 成功
[18:18:05]   [container] [setup] 工作空间文件: ['pull_request.py', 'instruction.md']
[18:18:05]   [container] DONE
[18:18:05]   [container-err] Loading weights:   0%|          | 0/103 [00:00<?, ?it/s]
[18:18:05]   [container-err] Loading weights: 100%|██████████| 103/103 [00:00<00:00, 14089.99it/s]
[18:18:05]   [container-err] [1mBertModel LOAD REPORT[0m from: sentence-transformers/all-MiniLM-L6-v2
[18:18:05]   [container-err] Key                     | Status     |  | 
[18:18:05]   [container-err] ------------------------+------------+--+-
[18:18:05]   [container-err] embeddings.position_ids | UNEXPECTED |  | 
[18:18:05]   [container-err] 
[18:18:05]   [container-err] Notes:
[18:18:05]   [container-err] - UNEXPECTED:	can be ignored when loading from different task/architecture; not ok if you expect identical arch.
[18:18:05] [clawbench_xdom-002_qwen3.6-27b_20260520_101611] Agent finished in 111.65s, returncode=0
[18:18:05] [clawbench_xdom-002_qwen3.6-27b_20260520_101611] Agent result: passed=True, score=1.0000
[18:18:06] [xdom-002] Result saved to /Volumes/F/work/ClawEvalkit-private-emnlp/outputs/harness/procedure/clawbench-official/qwen3.6-27b/xdom-002.json
[18:18:10] [clawbench_xdom-003_qwen3.6-27b_20260520_101806] Container started
[18:18:10] [xdom-003] Harness detected, timeout adjusted: 300 → 480
[18:19:24]   [container] [setup] 运行 setup.sh: /app/claw-bench/tasks/cross-domain/xdom-003-data-to-presentation/environment/setup.sh
[18:19:24]   [container] [setup] setup.sh 成功
[18:19:24]   [container] [setup] 工作空间文件: ['quarterly_data.csv', 'instruction.md']
[18:19:24]   [container] DONE
[18:19:24]   [container-err] Loading weights:   0%|          | 0/103 [00:00<?, ?it/s]
[18:19:24]   [container-err] Loading weights: 100%|██████████| 103/103 [00:00<00:00, 31800.76it/s]
[18:19:24]   [container-err] [1mBertModel LOAD REPORT[0m from: sentence-transformers/all-MiniLM-L6-v2
[18:19:24]   [container-err] Key                     | Status     |  | 
[18:19:24]   [container-err] ------------------------+------------+--+-
[18:19:24]   [container-err] embeddings.position_ids | UNEXPECTED |  | 
[18:19:24]   [container-err] 
[18:19:24]   [container-err] Notes:
[18:19:24]   [container-err] - UNEXPECTED:	can be ignored when loading from different task/architecture; not ok if you expect identical arch.
[18:19:24] [clawbench_xdom-003_qwen3.6-27b_20260520_101806] Agent finished in 74.24s, returncode=0
[18:19:24] [clawbench_xdom-003_qwen3.6-27b_20260520_101806] Agent result: passed=True, score=1.0000
[18:19:25] [xdom-003] Result saved to /Volumes/F/work/ClawEvalkit-private-emnlp/outputs/harness/procedure/clawbench-official/qwen3.6-27b/xdom-003.json
[18:19:31] [clawbench_xdom-004_qwen3.6-27b_20260520_101925] Container started
[18:19:31] [xdom-004] Harness detected, timeout adjusted: 300 → 480
[18:22:50]   [container] [setup] 运行 setup.sh: /app/claw-bench/tasks/cross-domain/xdom-004-log-to-alert/environment/setup.sh
[18:22:50]   [container] [setup] setup.sh 失败 (rc=1)
[18:22:50]   [container] [setup] stderr: cp: cannot stat '/app/claw-bench/tasks/cross-domain/xdom-004-log-to-alert/environment/data/application.log': No such file or directory
[18:22:50]   [container] 
[18:22:50]   [container] [setup] 重试 (bash -x) ...
[18:22:50]   [container] [setup] 重试也失败 (rc=1)
[18:22:50]   [container] [setup] stderr: + set -euo pipefail
[18:22:50]   [container] +++ dirname /app/claw-bench/tasks/cross-domain/xdom-004-log-to-alert/environment/setup.sh
[18:22:50]   [container] ++ cd /app/claw-bench/tasks/cross-domain/xdom-004-log-to-alert/environment/..
[18:22:50]   [container] ++ pwd
[18:22:50]   [container] + TASK_DIR=/app/claw-bench/tasks/cross-domain/xdom-004-log-to-alert
[18:22:50]   [container] + WORKSPACE=/tmp/clawbench_workspace
[18:22:50]   [container] + mkdir -p /tmp/clawbench_workspace
[18:22:50]   [container] + cp /app/claw-bench/tasks/cross-domain/xdom-004-log-to-alert/environment/data/application.log /tmp/clawbench_workspace/application.log
[18:22:50]   [container] cp: cannot stat '/app/claw-bench/tasks/cross-domain/xdom-004-log-to-alert/environment/data/application.log': No such file or directory
[18:22:50]   [container] 
[18:22:50]   [container] [setup] 工作空间文件: ['alert_rules.json', 'instruction.md']
[18:22:50]   [container] DONE
[18:22:50]   [container-err] Loading weights:   0%|          | 0/103 [00:00<?, ?it/s]
[18:22:50]   [container-err] Loading weights: 100%|██████████| 103/103 [00:00<00:00, 31022.07it/s]
[18:22:50]   [container-err] [1mBertModel LOAD REPORT[0m from: sentence-transformers/all-MiniLM-L6-v2
[18:22:50]   [container-err] Key                     | Status     |  | 
[18:22:50]   [container-err] ------------------------+------------+--+-
[18:22:50]   [container-err] embeddings.position_ids | UNEXPECTED |  | 
[18:22:50]   [container-err] 
[18:22:50]   [container-err] Notes:
[18:22:50]   [container-err] - UNEXPECTED:	can be ignored when loading from different task/architecture; not ok if you expect identical arch.
[18:22:50] [clawbench_xdom-004_qwen3.6-27b_20260520_101925] Agent finished in 198.77s, returncode=0
[18:22:50] [clawbench_xdom-004_qwen3.6-27b_20260520_101925] Agent result: passed=False, score=0.9474
[18:22:51] [xdom-004] Result saved to /Volumes/F/work/ClawEvalkit-private-emnlp/outputs/harness/procedure/clawbench-official/qwen3.6-27b/xdom-004.json
[18:22:55] [clawbench_xdom-005_qwen3.6-27b_20260520_102251] Container started
[18:22:55] [xdom-005] Harness detected, timeout adjusted: 300 → 480
[18:25:25]   [container] [setup] 运行 setup.sh: /app/claw-bench/tasks/cross-domain/xdom-005-requirements-to-tests/environment/setup.sh
[18:25:25]   [container] [setup] setup.sh 成功
[18:25:25]   [container] [setup] 工作空间文件: ['requirements.md', 'instruction.md']
[18:25:25]   [container] DONE
[18:25:25]   [container-err] Loading weights:   0%|          | 0/103 [00:00<?, ?it/s]
[18:25:25]   [container-err] Loading weights: 100%|██████████| 103/103 [00:00<00:00, 26680.66it/s]
[18:25:25]   [container-err] [1mBertModel LOAD REPORT[0m from: sentence-transformers/all-MiniLM-L6-v2
[18:25:25]   [container-err] Key                     | Status     |  | 
[18:25:25]   [container-err] ------------------------+------------+--+-
[18:25:25]   [container-err] embeddings.position_ids | UNEXPECTED |  | 
[18:25:25]   [container-err] 
[18:25:25]   [container-err] Notes:
[18:25:25]   [container-err] - UNEXPECTED:	can be ignored when loading from different task/architecture; not ok if you expect identical arch.
[18:25:25] [clawbench_xdom-005_qwen3.6-27b_20260520_102251] Agent finished in 150.08s, returncode=0
[18:25:25] [clawbench_xdom-005_qwen3.6-27b_20260520_102251] Agent result: passed=True, score=1.0000
[18:25:26] [xdom-005] Result saved to /Volumes/F/work/ClawEvalkit-private-emnlp/outputs/harness/procedure/clawbench-official/qwen3.6-27b/xdom-005.json
[18:25:28] [clawbench_xdom-006_qwen3.6-27b_20260520_102526] Container started
[18:25:28] [xdom-006] Harness detected, timeout adjusted: 300 → 480
[18:25:46]   [container] [setup] stderr:   File "<stdin>", line 47
[18:25:46]   [container]     with open("{}/merger_agreement.txt".format(""" + "${WORKSPACE}" + ""), "w", encoding="utf-8") as f:
[18:25:46]   [container]                                                ^
[18:25:46]   [container] SyntaxError: unterminated triple-quoted string literal (detected at line 53)
[18:25:46]   [container] 
[18:25:46]   [container] [setup] 重试 (bash -x) ...
[18:25:46]   [container] [setup] 重试也失败 (rc=1)
[18:25:46]   [container] [setup] stderr: + set -euo pipefail
[18:25:46]   [container] + WORKSPACE=/tmp/clawbench_workspace
[18:25:46]   [container] + mkdir -p /tmp/clawbench_workspace
[18:25:46]   [container] + python3 -
[18:25:46]   [container]   File "<stdin>", line 47
[18:25:46]   [container]     with open("{}/merger_agreement.txt".format(""" + "${WORKSPACE}" + ""), "w", encoding="utf-8") as f:
[18:25:46]   [container]                                                ^
[18:25:46]   [container] SyntaxError: unterminated triple-quoted string literal (detected at line 53)
[18:25:46]   [container] 
[18:25:46]   [container] [setup] 工作空间文件: ['instruction.md']
[18:25:46]   [container] [_run_loop] Empty response at iteration 17, retrying once
[18:25:46]   [container] [_run_loop] Retry got tool_calls at iteration 17
[18:25:46]   [container] DONE
[18:25:46]   [container-err] Loading weights:   0%|          | 0/103 [00:00<?, ?it/s]
[18:25:46]   [container-err] Loading weights: 100%|██████████| 103/103 [00:00<00:00, 22753.11it/s]
[18:25:46]   [container-err] [1mBertModel LOAD REPORT[0m from: sentence-transformers/all-MiniLM-L6-v2
[18:25:46]   [container-err] Key                     | Status     |  | 
[18:25:46]   [container-err] ------------------------+------------+--+-
[18:25:46]   [container-err] embeddings.position_ids | UNEXPECTED |  | 
[18:25:46]   [container-err] 
[18:25:46]   [container-err] Notes:
[18:25:46]   [container-err] - UNEXPECTED:	can be ignored when loading from different task/architecture; not ok if you expect identical arch.
[18:25:46] [clawbench_law-005-merger-due-diligence_qwen3.6-27b_20260520_100929] Agent finished in 974.52s, returncode=0
[18:25:46] [clawbench_law-005-merger-due-diligence_qwen3.6-27b_20260520_100929] Agent result: passed=True, score=1.0000
[18:25:47] [law-005-merger-due-diligence] Result saved to /Volumes/F/work/ClawEvalkit-private-emnlp/outputs/harness/procedure/clawbench-official/qwen3.6-27b/law-005-merger-due-diligence.json
[18:25:51] [clawbench_xdom-007_qwen3.6-27b_20260520_102547] Container started
[18:25:51] [xdom-007] Harness detected, timeout adjusted: 300 → 480
[18:26:36]   [container] [setup] 运行 setup.sh: /app/claw-bench/tasks/cross-domain/xdom-006-csv-data-pipeline/environment/setup.sh
[18:26:36]   [container] [setup] setup.sh 成功
[18:26:36]   [container] [setup] 工作空间文件: ['input.csv', 'pipeline_config.json', 'instruction.md']
[18:26:36]   [container] DONE
[18:26:36]   [container-err] Loading weights:   0%|          | 0/103 [00:00<?, ?it/s]
[18:26:36]   [container-err] Loading weights: 100%|██████████| 103/103 [00:00<00:00, 71906.34it/s]
[18:26:36]   [container-err] [1mBertModel LOAD REPORT[0m from: sentence-transformers/all-MiniLM-L6-v2
[18:26:36]   [container-err] Key                     | Status     |  | 
[18:26:36]   [container-err] ------------------------+------------+--+-
[18:26:36]   [container-err] embeddings.position_ids | UNEXPECTED |  | 
[18:26:36]   [container-err] 
[18:26:36]   [container-err] Notes:
[18:26:36]   [container-err] - UNEXPECTED:	can be ignored when loading from different task/architecture; not ok if you expect identical arch.
[18:26:36] [clawbench_xdom-006_qwen3.6-27b_20260520_102526] Agent finished in 68.57s, returncode=0
[18:26:36] [clawbench_xdom-006_qwen3.6-27b_20260520_102526] Agent result: passed=False, score=0.8571
[18:26:37] [xdom-006] Result saved to /Volumes/F/work/ClawEvalkit-private-emnlp/outputs/harness/procedure/clawbench-official/qwen3.6-27b/xdom-006.json
[18:26:39] [clawbench_xdom-008_qwen3.6-27b_20260520_102637] Container started
[18:26:39] [xdom-008] Harness detected, timeout adjusted: 300 → 480
[18:27:48]   [container] [setup] 运行 setup.sh: /app/claw-bench/tasks/cross-domain/xdom-007-multi-format-conversion/environment/setup.sh
[18:27:48]   [container] [setup] setup.sh 成功
[18:27:48]   [container] [setup] 工作空间文件: ['config.json', 'data.csv', 'instruction.md', 'notes.md']
[18:27:48]   [container] DONE
[18:27:48]   [container-err] Loading weights:   0%|          | 0/103 [00:00<?, ?it/s]
[18:27:48]   [container-err] Loading weights: 100%|██████████| 103/103 [00:00<00:00, 15332.13it/s]
[18:27:48]   [container-err] [1mBertModel LOAD REPORT[0m from: sentence-transformers/all-MiniLM-L6-v2
[18:27:48]   [container-err] Key                     | Status     |  | 
[18:27:48]   [container-err] ------------------------+------------+--+-
[18:27:48]   [container-err] embeddings.position_ids | UNEXPECTED |  | 
[18:27:48]   [container-err] 
[18:27:48]   [container-err] Notes:
[18:27:48]   [container-err] - UNEXPECTED:	can be ignored when loading from different task/architecture; not ok if you expect identical arch.
[18:27:48] [clawbench_xdom-007_qwen3.6-27b_20260520_102547] Agent finished in 116.48s, returncode=0
[18:27:48] [clawbench_xdom-007_qwen3.6-27b_20260520_102547] Agent result: passed=True, score=1.0000
[18:27:49] [xdom-007] Result saved to /Volumes/F/work/ClawEvalkit-private-emnlp/outputs/harness/procedure/clawbench-official/qwen3.6-27b/xdom-007.json
[18:27:51] [clawbench_xdom-009_qwen3.6-27b_20260520_102749] Container started
[18:27:51] [xdom-009] Harness detected, timeout adjusted: 600 → 780
[18:31:11]   [container] [setup] 运行 setup.sh: /app/claw-bench/tasks/cross-domain/xdom-009-full-project-setup/environment/setup.sh
[18:31:11]   [container] [setup] setup.sh 成功
[18:31:11]   [container] [setup] 工作空间文件: ['project_brief.md', 'instruction.md']
[18:31:11]   [container] DONE
[18:31:11]   [container-err] Loading weights:   0%|          | 0/103 [00:00<?, ?it/s]
[18:31:11]   [container-err] Loading weights: 100%|██████████| 103/103 [00:00<00:00, 13129.51it/s]
[18:31:11]   [container-err] [1mBertModel LOAD REPORT[0m from: sentence-transformers/all-MiniLM-L6-v2
[18:31:11]   [container-err] Key                     | Status     |  | 
[18:31:11]   [container-err] ------------------------+------------+--+-
[18:31:11]   [container-err] embeddings.position_ids | UNEXPECTED |  | 
[18:31:11]   [container-err] 
[18:31:11]   [container-err] Notes:
[18:31:11]   [container-err] - UNEXPECTED:	can be ignored when loading from different task/architecture; not ok if you expect identical arch.
[18:31:11] [clawbench_xdom-009_qwen3.6-27b_20260520_102749] Agent finished in 199.55s, returncode=0
[18:31:11] [clawbench_xdom-009_qwen3.6-27b_20260520_102749] Agent result: passed=False, score=0.9231
[18:31:12] [xdom-009] Result saved to /Volumes/F/work/ClawEvalkit-private-emnlp/outputs/harness/procedure/clawbench-official/qwen3.6-27b/xdom-009.json
[18:31:15] [clawbench_xdom-010_qwen3.6-27b_20260520_103112] Container started
[18:31:15] [xdom-010] Harness detected, timeout adjusted: 600 → 780
[18:33:41]   [container] [setup] 运行 setup.sh: /app/claw-bench/tasks/cross-domain/xdom-010-incident-response/environment/setup.sh
[18:33:41]   [container] [setup] setup.sh 失败 (rc=1)
[18:33:41]   [container] [setup] stderr: cp: cannot stat '/app/claw-bench/tasks/cross-domain/xdom-010-incident-response/environment/data/service.log': No such file or directory
[18:33:41]   [container] 
[18:33:41]   [container] [setup] 重试 (bash -x) ...
[18:33:41]   [container] [setup] 重试也失败 (rc=1)
[18:33:41]   [container] [setup] stderr: + set -euo pipefail
[18:33:41]   [container] +++ dirname /app/claw-bench/tasks/cross-domain/xdom-010-incident-response/environment/setup.sh
[18:33:41]   [container] ++ cd /app/claw-bench/tasks/cross-domain/xdom-010-incident-response/environment/..
[18:33:41]   [container] ++ pwd
[18:33:41]   [container] + TASK_DIR=/app/claw-bench/tasks/cross-domain/xdom-010-incident-response
[18:33:41]   [container] + WORKSPACE=/tmp/clawbench_workspace
[18:33:41]   [container] + mkdir -p /tmp/clawbench_workspace/incident_data
[18:33:41]   [container] + cp /app/claw-bench/tasks/cross-domain/xdom-010-incident-response/environment/data/service.log /tmp/clawbench_workspace/incident_data/service.log
[18:33:41]   [container] cp: cannot stat '/app/claw-bench/tasks/cross-domain/xdom-010-incident-response/environment/data/service.log': No such file or directory
[18:33:41]   [container] 
[18:33:41]   [container] [setup] 工作空间文件: ['alerts.json', 'team_contacts.json', 'instruction.md', 'config_change.json']
[18:33:41]   [container] DONE
[18:33:41]   [container-err] Loading weights:   0%|          | 0/103 [00:00<?, ?it/s]
[18:33:41]   [container-err] Loading weights: 100%|██████████| 103/103 [00:00<00:00, 53105.51it/s]
[18:33:41]   [container-err] [1mBertModel LOAD REPORT[0m from: sentence-transformers/all-MiniLM-L6-v2
[18:33:41]   [container-err] Key                     | Status     |  | 
[18:33:41]   [container-err] ------------------------+------------+--+-
[18:33:41]   [container-err] embeddings.position_ids | UNEXPECTED |  | 
[18:33:41]   [container-err] 
[18:33:41]   [container-err] Notes:
[18:33:41]   [container-err] - UNEXPECTED:	can be ignored when loading from different task/architecture; not ok if you expect identical arch.
[18:33:41] [clawbench_xdom-010_qwen3.6-27b_20260520_103112] Agent finished in 146.09s, returncode=0
[18:33:41] [clawbench_xdom-010_qwen3.6-27b_20260520_103112] Agent result: passed=False, score=0.8000
[18:33:42] [xdom-010] Result saved to /Volumes/F/work/ClawEvalkit-private-emnlp/outputs/harness/procedure/clawbench-official/qwen3.6-27b/xdom-010.json
[18:33:45] [clawbench_xdom-011_qwen3.6-27b_20260520_103342] Container started
[18:33:45] [xdom-011] Harness detected, timeout adjusted: 600 → 780
[18:35:40] [xdom-008] Result saved to /Volumes/F/work/ClawEvalkit-private-emnlp/outputs/harness/procedure/clawbench-official/qwen3.6-27b/xdom-008.json
[18:35:45] [clawbench_xdom-012_qwen3.6-27b_20260520_103540] Container started
[18:35:45] [xdom-012] Harness detected, timeout adjusted: 600 → 780
[18:38:15]   [container] [setup] 运行 setup.sh: /app/claw-bench/tasks/cross-domain/xdom-011-data-migration-plan/environment/setup.sh
[18:38:15]   [container] [setup] setup.sh 成功
[18:38:15]   [container] [setup] 工作空间文件: ['source_schema.json', 'sample_data.csv', 'target_schema.json', 'instruction.md']
[18:38:15]   [container] DONE
[18:38:15]   [container-err] Loading weights:   0%|          | 0/103 [00:00<?, ?it/s]
[18:38:15]   [container-err] Loading weights: 100%|██████████| 103/103 [00:00<00:00, 21537.13it/s]
[18:38:15]   [container-err] [1mBertModel LOAD REPORT[0m from: sentence-transformers/all-MiniLM-L6-v2
[18:38:15]   [container-err] Key                     | Status     |  | 
[18:38:15]   [container-err] ------------------------+------------+--+-
[18:38:15]   [container-err] embeddings.position_ids | UNEXPECTED |  | 
[18:38:15]   [container-err] 
[18:38:15]   [container-err] Notes:
[18:38:15]   [container-err] - UNEXPECTED:	can be ignored when loading from different task/architecture; not ok if you expect identical arch.
[18:38:15] [clawbench_xdom-011_qwen3.6-27b_20260520_103342] Agent finished in 269.70s, returncode=0
[18:38:15] [clawbench_xdom-011_qwen3.6-27b_20260520_103342] Agent result: passed=False, score=0.9583
[18:38:15] [xdom-011] Result saved to /Volumes/F/work/ClawEvalkit-private-emnlp/outputs/harness/procedure/clawbench-official/qwen3.6-27b/xdom-011.json
[18:38:19] [clawbench_xdom-013_qwen3.6-27b_20260520_103815] Container started
[18:38:19] [xdom-013] Harness detected, timeout adjusted: 600 → 780
[18:41:03]   [container] [setup] 运行 setup.sh: /app/claw-bench/tasks/cross-domain/xdom-012-automated-docs-generator/environment/setup.sh
[18:41:03]   [container] [setup] setup.sh 成功
[18:41:03]   [container] [setup] 工作空间文件: ['auth.py', 'models.py', 'database.py', 'instruction.md', 'api.py', 'utils.py']
[18:41:03]   [container] DONE
[18:41:03]   [container-err] Loading weights:   0%|          | 0/103 [00:00<?, ?it/s]
[18:41:03]   [container-err] Loading weights: 100%|██████████| 103/103 [00:00<00:00, 41655.90it/s]
[18:41:03]   [container-err] [1mBertModel LOAD REPORT[0m from: sentence-transformers/all-MiniLM-L6-v2
[18:41:03]   [container-err] Key                     | Status     |  | 
[18:41:03]   [container-err] ------------------------+------------+--+-
[18:41:03]   [container-err] embeddings.position_ids | UNEXPECTED |  | 
[18:41:03]   [container-err] 
[18:41:03]   [container-err] Notes:
[18:41:03]   [container-err] - UNEXPECTED:	can be ignored when loading from different task/architecture; not ok if you expect identical arch.
[18:41:03] [clawbench_xdom-012_qwen3.6-27b_20260520_103540] Agent finished in 318.02s, returncode=0
[18:41:03] [clawbench_xdom-012_qwen3.6-27b_20260520_103540] Agent result: passed=True, score=1.0000
[18:41:03] [xdom-012] Result saved to /Volumes/F/work/ClawEvalkit-private-emnlp/outputs/harness/procedure/clawbench-official/qwen3.6-27b/xdom-012.json
[18:41:06] [clawbench_xdom-014_qwen3.6-27b_20260520_104103] Container started
[18:41:06] [xdom-014] Harness detected, timeout adjusted: 600 → 780
[18:43:46]   [container] [setup] 运行 setup.sh: /app/claw-bench/tasks/cross-domain/xdom-014-data-driven-email-campaign/environment/setup.sh
[18:43:46]   [container] [setup] setup.sh 成功
[18:43:46]   [container] [setup] 工作空间文件: ['customers.csv', 'rules.toml', 'instruction.md']
[18:43:46]   [container] DONE
[18:43:46]   [container-err] Loading weights:   0%|          | 0/103 [00:00<?, ?it/s]
[18:43:46]   [container-err] Loading weights: 100%|██████████| 103/103 [00:00<00:00, 24109.23it/s]
[18:43:46]   [container-err] [1mBertModel LOAD REPORT[0m from: sentence-transformers/all-MiniLM-L6-v2
[18:43:46]   [container-err] Key                     | Status     |  | 
[18:43:46]   [container-err] ------------------------+------------+--+-
[18:43:46]   [container-err] embeddings.position_ids | UNEXPECTED |  | 
[18:43:46]   [container-err] 
[18:43:46]   [container-err] Notes:
[18:43:46]   [container-err] - UNEXPECTED:	can be ignored when loading from different task/architecture; not ok if you expect identical arch.
[18:43:46] [clawbench_xdom-014_qwen3.6-27b_20260520_104103] Agent finished in 160.29s, returncode=0
[18:43:46] [clawbench_xdom-014_qwen3.6-27b_20260520_104103] Agent result: passed=False, score=0.8800
[18:43:47] [xdom-014] Result saved to /Volumes/F/work/ClawEvalkit-private-emnlp/outputs/harness/procedure/clawbench-official/qwen3.6-27b/xdom-014.json
[18:43:51] [clawbench_xdom-015_qwen3.6-27b_20260520_104347] Container started
[18:43:51] [xdom-015] Harness detected, timeout adjusted: 600 → 780
[18:45:22]   [container] [setup] 运行 setup.sh: /app/claw-bench/tasks/cross-domain/xdom-013-incident-response-pipeline/environment/setup.sh
[18:45:22]   [container] [setup] setup.sh 成功
[18:45:22]   [container] [setup] 工作空间文件: ['runbook.md', 'instruction.md', 'network.yaml']
[18:45:22]   [container] DONE
[18:45:22]   [container-err] Loading weights:   0%|          | 0/103 [00:00<?, ?it/s]
[18:45:22]   [container-err] Loading weights: 100%|██████████| 103/103 [00:00<00:00, 27882.62it/s]
[18:45:22]   [container-err] [1mBertModel LOAD REPORT[0m from: sentence-transformers/all-MiniLM-L6-v2
[18:45:22]   [container-err] Key                     | Status     |  | 
[18:45:22]   [container-err] ------------------------+------------+--+-
[18:45:22]   [container-err] embeddings.position_ids | UNEXPECTED |  | 
[18:45:22]   [container-err] 
[18:45:22]   [container-err] Notes:
[18:45:22]   [container-err] - UNEXPECTED:	can be ignored when loading from different task/architecture; not ok if you expect identical arch.
[18:45:22] [clawbench_xdom-013_qwen3.6-27b_20260520_103815] Agent finished in 422.62s, returncode=0
[18:45:22] [clawbench_xdom-013_qwen3.6-27b_20260520_103815] Agent result: passed=False, score=0.9355
[18:45:22] [xdom-013] Result saved to /Volumes/F/work/ClawEvalkit-private-emnlp/outputs/harness/procedure/clawbench-official/qwen3.6-27b/xdom-013.json
[18:45:26] [clawbench_xdom-016_qwen3.6-27b_20260520_104522] Container started
[18:45:26] [xdom-016] Harness detected, timeout adjusted: 240 → 420
[18:46:46]   [container] [setup] 运行 setup.sh: /app/claw-bench/tasks/cross-domain/xdom-016-meeting-to-tasks/environment/setup.sh
[18:46:46]   [container] [setup] setup.sh 成功
[18:46:46]   [container] [setup] 工作空间文件: ['meeting_notes.md', 'instruction.md']
[18:46:46]   [container] DONE
[18:46:46]   [container-err] Loading weights:   0%|          | 0/103 [00:00<?, ?it/s]
[18:46:46]   [container-err] Loading weights: 100%|██████████| 103/103 [00:00<00:00, 22907.54it/s]
[18:46:46]   [container-err] [1mBertModel LOAD REPORT[0m from: sentence-transformers/all-MiniLM-L6-v2
[18:46:46]   [container-err] Key                     | Status     |  | 
[18:46:46]   [container-err] ------------------------+------------+--+-
[18:46:46]   [container-err] embeddings.position_ids | UNEXPECTED |  | 
[18:46:46]   [container-err] 
[18:46:46]   [container-err] Notes:
[18:46:46]   [container-err] - UNEXPECTED:	can be ignored when loading from different task/architecture; not ok if you expect identical arch.
[18:46:46] [clawbench_xdom-016_qwen3.6-27b_20260520_104522] Agent finished in 80.22s, returncode=0
[18:46:46] [clawbench_xdom-016_qwen3.6-27b_20260520_104522] Agent result: passed=True, score=1.0000
[18:46:46] [xdom-016] Result saved to /Volumes/F/work/ClawEvalkit-private-emnlp/outputs/harness/procedure/clawbench-official/qwen3.6-27b/xdom-016.json
[18:46:50] [clawbench_xdom-017_qwen3.6-27b_20260520_104646] Container started
[18:46:50] [xdom-017] Harness detected, timeout adjusted: 240 → 420
[18:48:33]   [container] [setup] 运行 setup.sh: /app/claw-bench/tasks/cross-domain/xdom-017-travel-itinerary/environment/setup.sh
[18:48:33]   [container] [setup] setup.sh 成功
[18:48:33]   [container] [setup] 工作空间文件: ['meetings.json', 'instruction.md', 'flight_booking.json', 'hotel_booking.json']
[18:48:33]   [container] DONE
[18:48:33]   [container-err] Loading weights:   0%|          | 0/103 [00:00<?, ?it/s]
[18:48:33]   [container-err] Loading weights: 100%|██████████| 103/103 [00:00<00:00, 44917.17it/s]
[18:48:33]   [container-err] [1mBertModel LOAD REPORT[0m from: sentence-transformers/all-MiniLM-L6-v2
[18:48:33]   [container-err] Key                     | Status     |  | 
[18:48:33]   [container-err] ------------------------+------------+--+-
[18:48:33]   [container-err] embeddings.position_ids | UNEXPECTED |  | 
[18:48:33]   [container-err] 
[18:48:33]   [container-err] Notes:
[18:48:33]   [container-err] - UNEXPECTED:	can be ignored when loading from different task/architecture; not ok if you expect identical arch.
[18:48:33] [clawbench_xdom-017_qwen3.6-27b_20260520_104646] Agent finished in 103.07s, returncode=0
[18:48:33] [clawbench_xdom-017_qwen3.6-27b_20260520_104646] Agent result: passed=True, score=1.0000
[18:48:34] [xdom-017] Result saved to /Volumes/F/work/ClawEvalkit-private-emnlp/outputs/harness/procedure/clawbench-official/qwen3.6-27b/xdom-017.json
[18:48:38] [clawbench_cs-001-api-rate-limiter_qwen3.6-27b_20260520_104834] Container started
[18:48:38] [cs-001-api-rate-limiter] Harness detected, timeout adjusted: 3600 → 3780
[18:50:31]   [container] [setup] 运行 setup.sh: /app/claw-bench/tasks/cs-engineering/cs-001-api-rate-limiter/environment/setup.sh
[18:50:31]   [container] [setup] setup.sh 成功
[18:50:31]   [container] [setup] 工作空间文件: ['instruction.md']
[18:50:31]   [container] DONE
[18:50:31]   [container-err] Loading weights:   0%|          | 0/103 [00:00<?, ?it/s]
[18:50:31]   [container-err] Loading weights: 100%|██████████| 103/103 [00:00<00:00, 31203.56it/s]
[18:50:31]   [container-err] [1mBertModel LOAD REPORT[0m from: sentence-transformers/all-MiniLM-L6-v2
[18:50:31]   [container-err] Key                     | Status     |  | 
[18:50:31]   [container-err] ------------------------+------------+--+-
[18:50:31]   [container-err] embeddings.position_ids | UNEXPECTED |  | 
[18:50:31]   [container-err] 
[18:50:31]   [container-err] Notes:
[18:50:31]   [container-err] - UNEXPECTED:	can be ignored when loading from different task/architecture; not ok if you expect identical arch.
[18:50:31] [clawbench_cs-001-api-rate-limiter_qwen3.6-27b_20260520_104834] Agent finished in 112.66s, returncode=0
[18:50:31] [clawbench_cs-001-api-rate-limiter_qwen3.6-27b_20260520_104834] Agent result: passed=True, score=1.0000
[18:50:31] [cs-001-api-rate-limiter] Result saved to /Volumes/F/work/ClawEvalkit-private-emnlp/outputs/harness/procedure/clawbench-official/qwen3.6-27b/cs-001-api-rate-limiter.json
[18:50:35] [clawbench_cs-002-db-migration_qwen3.6-27b_20260520_105031] Container started
[18:50:35] [cs-002-db-migration] Harness detected, timeout adjusted: 3600 → 3780
[18:54:33]   [container]          
[18:54:33]   [container] 
[18:54:33]   [container]          
[18:54:33]   [container] 
[18:54:33]   [container]          
[18:54:33]   [container] 
[18:54:33]   [container]          
[18:54:33]   [container] 
[18:54:33]   [container]          
[18:54:33]   [container] 
[18:54:33]   [container]          
[18:54:33]   [container] 
[18:54:33]   [container]          
[18:54:33]   [container] 
[18:54:33]   [container]          
[18:54:33]   [container] 
[18:54:33]   [container]          
[18:54:33]   [container] 
[18:54:33]   [container] [_run_loop] Retry still empty at iteration 2, returning
[18:54:33]   [container] DONE
[18:54:33]   [container-err] Loading weights:   0%|          | 0/103 [00:00<?, ?it/s]
[18:54:33]   [container-err] Loading weights: 100%|██████████| 103/103 [00:00<00:00, 11629.20it/s]
[18:54:33]   [container-err] [1mBertModel LOAD REPORT[0m from: sentence-transformers/all-MiniLM-L6-v2
[18:54:33]   [container-err] Key                     | Status     |  | 
[18:54:33]   [container-err] ------------------------+------------+--+-
[18:54:33]   [container-err] embeddings.position_ids | UNEXPECTED |  | 
[18:54:33]   [container-err] 
[18:54:33]   [container-err] Notes:
[18:54:33]   [container-err] - UNEXPECTED:	can be ignored when loading from different task/architecture; not ok if you expect identical arch.
[18:54:33] [clawbench_xdom-015_qwen3.6-27b_20260520_104347] Agent finished in 642.19s, returncode=0
[18:54:33] [clawbench_xdom-015_qwen3.6-27b_20260520_104347] Agent result: passed=True, score=0.1290
[18:54:34] [xdom-015] Result saved to /Volumes/F/work/ClawEvalkit-private-emnlp/outputs/harness/procedure/clawbench-official/qwen3.6-27b/xdom-015.json
[18:54:39] [clawbench_cs-003-log-analyzer_qwen3.6-27b_20260520_105434] Container started
[18:54:39] [cs-003-log-analyzer] Harness detected, timeout adjusted: 3600 → 3780
[19:01:13]   [container] [setup] 运行 setup.sh: /app/claw-bench/tasks/cs-engineering/cs-002-db-migration/environment/setup.sh
[19:01:13]   [container] [setup] setup.sh 失败 (rc=127)
[19:01:13]   [container] [setup] stderr: /app/claw-bench/tasks/cs-engineering/cs-002-db-migration/environment/setup.sh: line 9: sqlite3: command not found
[19:01:13]   [container] 
[19:01:13]   [container] [setup] 重试 (bash -x) ...
[19:01:13]   [container] [setup] 重试也失败 (rc=127)
[19:01:13]   [container] [setup] stderr: + set -euo pipefail
[19:01:13]   [container] + WORKSPACE=/tmp/clawbench_workspace
[19:01:13]   [container] + export WORKSPACE
[19:01:13]   [container] + mkdir -p /tmp/clawbench_workspace
[19:01:13]   [container] + sqlite3 /tmp/clawbench_workspace/app.db
[19:01:13]   [container] /app/claw-bench/tasks/cs-engineering/cs-002-db-migration/environment/setup.sh: line 9: sqlite3: command not found
[19:01:13]   [container] 
[19:01:13]   [container] [setup] 工作空间文件: ['instruction.md']
[19:01:13]   [container] [_run_loop] Empty response at iteration 4, retrying once
[19:01:13]   [container] [_run_loop] Retry got tool_calls at iteration 4
[19:01:13]   [container] DONE
[19:01:13]   [container-err] Loading weights:   0%|          | 0/103 [00:00<?, ?it/s]
[19:01:13]   [container-err] Loading weights: 100%|██████████| 103/103 [00:00<00:00, 20665.55it/s]
[19:01:13]   [container-err] [1mBertModel LOAD REPORT[0m from: sentence-transformers/all-MiniLM-L6-v2
[19:01:13]   [container-err] Key                     | Status     |  | 
[19:01:13]   [container-err] ------------------------+------------+--+-
[19:01:13]   [container-err] embeddings.position_ids | UNEXPECTED |  | 
[19:01:13]   [container-err] 
[19:01:13]   [container-err] Notes:
[19:01:13]   [container-err] - UNEXPECTED:	can be ignored when loading from different task/architecture; not ok if you expect identical arch.
[19:01:13] [clawbench_cs-002-db-migration_qwen3.6-27b_20260520_105031] Agent finished in 637.55s, returncode=0
[19:01:13] [clawbench_cs-002-db-migration_qwen3.6-27b_20260520_105031] Agent result: passed=False, score=0.0000
[19:01:14] [cs-002-db-migration] Result saved to /Volumes/F/work/ClawEvalkit-private-emnlp/outputs/harness/procedure/clawbench-official/qwen3.6-27b/cs-002-db-migration.json
[19:01:17] [clawbench_cs-004-ci-pipeline_qwen3.6-27b_20260520_110114] Container started
[19:01:17] [cs-004-ci-pipeline] Harness detected, timeout adjusted: 3600 → 3780
[19:03:26]   [container] [setup] 运行 setup.sh: /app/claw-bench/tasks/cs-engineering/cs-004-ci-pipeline/environment/setup.sh
[19:03:26]   [container] [setup] setup.sh 成功
[19:03:26]   [container] [setup] 工作空间文件: ['instruction.md']
[19:03:26]   [container] DONE
[19:03:26]   [container-err] Loading weights:   0%|          | 0/103 [00:00<?, ?it/s]
[19:03:26]   [container-err] Loading weights: 100%|██████████| 103/103 [00:00<00:00, 30754.85it/s]
[19:03:26]   [container-err] [1mBertModel LOAD REPORT[0m from: sentence-transformers/all-MiniLM-L6-v2
[19:03:26]   [container-err] Key                     | Status     |  | 
[19:03:26]   [container-err] ------------------------+------------+--+-
[19:03:26]   [container-err] embeddings.position_ids | UNEXPECTED |  | 
[19:03:26]   [container-err] 
[19:03:26]   [container-err] Notes:
[19:03:26]   [container-err] - UNEXPECTED:	can be ignored when loading from different task/architecture; not ok if you expect identical arch.
[19:03:26] [clawbench_cs-004-ci-pipeline_qwen3.6-27b_20260520_110114] Agent finished in 129.04s, returncode=0
[19:03:26] [clawbench_cs-004-ci-pipeline_qwen3.6-27b_20260520_110114] Agent result: passed=True, score=1.0000
[19:03:27] [cs-004-ci-pipeline] Result saved to /Volumes/F/work/ClawEvalkit-private-emnlp/outputs/harness/procedure/clawbench-official/qwen3.6-27b/cs-004-ci-pipeline.json
[19:03:30] [clawbench_cs-005-api-design_qwen3.6-27b_20260520_110327] Container started
[19:03:30] [cs-005-api-design] Harness detected, timeout adjusted: 3600 → 3780
[19:13:03]   [container] [setup] 运行 setup.sh: /app/claw-bench/tasks/cs-engineering/cs-003-log-analyzer/environment/setup.sh
[19:13:03]   [container] [setup] setup.sh 成功
[19:13:03]   [container] [setup] 工作空间文件: ['instruction.md', 'server.log']
[19:13:03]   [container] DONE
[19:13:03]   [container-err] Loading weights:   0%|          | 0/103 [00:00<?, ?it/s]
[19:13:03]   [container-err] Loading weights: 100%|██████████| 103/103 [00:00<00:00, 44491.59it/s]
[19:13:03]   [container-err] [1mBertModel LOAD REPORT[0m from: sentence-transformers/all-MiniLM-L6-v2
[19:13:03]   [container-err] Key                     | Status     |  | 
[19:13:03]   [container-err] ------------------------+------------+--+-
[19:13:03]   [container-err] embeddings.position_ids | UNEXPECTED |  | 
[19:13:03]   [container-err] 
[19:13:03]   [container-err] Notes:
[19:13:03]   [container-err] - UNEXPECTED:	can be ignored when loading from different task/architecture; not ok if you expect identical arch.
[19:13:03] [clawbench_cs-003-log-analyzer_qwen3.6-27b_20260520_105434] Agent finished in 1103.76s, returncode=0
[19:13:03] [clawbench_cs-003-log-analyzer_qwen3.6-27b_20260520_105434] Agent result: passed=False, score=0.5000
[19:13:04] [cs-003-log-analyzer] Result saved to /Volumes/F/work/ClawEvalkit-private-emnlp/outputs/harness/procedure/clawbench-official/qwen3.6-27b/cs-003-log-analyzer.json
[19:13:06] [clawbench_data-001_qwen3.6-27b_20260520_111304] Container started
[19:13:06] [data-001] Harness detected, timeout adjusted: 120 → 300
[19:13:38]   [container] [setup] 运行 setup.sh: /app/claw-bench/tasks/data-analysis/data-001/environment/setup.sh
[19:13:38]   [container] [setup] setup.sh 成功
[19:13:38]   [container] [setup] 工作空间文件: ['instruction.md', 'numbers.csv']
[19:13:38]   [container] DONE
[19:13:38]   [container-err] Loading weights:   0%|          | 0/103 [00:00<?, ?it/s]
[19:13:38]   [container-err] Loading weights: 100%|██████████| 103/103 [00:00<00:00, 24007.41it/s]
[19:13:38]   [container-err] [1mBertModel LOAD REPORT[0m from: sentence-transformers/all-MiniLM-L6-v2
[19:13:38]   [container-err] Key                     | Status     |  | 
[19:13:38]   [container-err] ------------------------+------------+--+-
[19:13:38]   [container-err] embeddings.position_ids | UNEXPECTED |  | 
[19:13:38]   [container-err] 
[19:13:38]   [container-err] Notes:
[19:13:38]   [container-err] - UNEXPECTED:	can be ignored when loading from different task/architecture; not ok if you expect identical arch.
[19:13:38] [clawbench_data-001_qwen3.6-27b_20260520_111304] Agent finished in 31.54s, returncode=0
[19:13:38] [clawbench_data-001_qwen3.6-27b_20260520_111304] Agent result: passed=False, score=0.9231
[19:13:39] [data-001] Result saved to /Volumes/F/work/ClawEvalkit-private-emnlp/outputs/harness/procedure/clawbench-official/qwen3.6-27b/data-001.json
[19:13:43] [clawbench_data-002_qwen3.6-27b_20260520_111339] Container started
[19:13:43] [data-002] Harness detected, timeout adjusted: 120 → 300
[19:14:53]   [container] [setup] 运行 setup.sh: /app/claw-bench/tasks/data-analysis/data-002/environment/setup.sh
[19:14:53]   [container] [setup] setup.sh 成功
[19:14:53]   [container] [setup] 工作空间文件: ['people.csv', 'instruction.md']
[19:14:53]   [container] DONE
[19:14:53]   [container-err] Loading weights:   0%|          | 0/103 [00:00<?, ?it/s]
[19:14:53]   [container-err] Loading weights: 100%|██████████| 103/103 [00:00<00:00, 17184.98it/s]
[19:14:53]   [container-err] [1mBertModel LOAD REPORT[0m from: sentence-transformers/all-MiniLM-L6-v2
[19:14:53]   [container-err] Key                     | Status     |  | 
[19:14:53]   [container-err] ------------------------+------------+--+-
[19:14:53]   [container-err] embeddings.position_ids | UNEXPECTED |  | 
[19:14:53]   [container-err] 
[19:14:53]   [container-err] Notes:
[19:14:53]   [container-err] - UNEXPECTED:	can be ignored when loading from different task/architecture; not ok if you expect identical arch.
[19:14:53] [clawbench_data-002_qwen3.6-27b_20260520_111339] Agent finished in 69.94s, returncode=0
[19:14:53] [clawbench_data-002_qwen3.6-27b_20260520_111339] Agent result: passed=True, score=1.0000
[19:14:53] [data-002] Result saved to /Volumes/F/work/ClawEvalkit-private-emnlp/outputs/harness/procedure/clawbench-official/qwen3.6-27b/data-002.json
[19:14:56] [clawbench_data-003_qwen3.6-27b_20260520_111453] Container started
[19:14:56] [data-003] Harness detected, timeout adjusted: 120 → 300
[19:15:35]   [container] [setup] 运行 setup.sh: /app/claw-bench/tasks/data-analysis/data-003/environment/setup.sh
[19:15:35]   [container] [setup] setup.sh 成功
[19:15:35]   [container] [setup] 工作空间文件: ['instruction.md', 'sales.csv']
[19:15:35]   [container] DONE
[19:15:35]   [container-err] Loading weights:   0%|          | 0/103 [00:00<?, ?it/s]
[19:15:35]   [container-err] Loading weights: 100%|██████████| 103/103 [00:00<00:00, 20600.51it/s]
[19:15:35]   [container-err] [1mBertModel LOAD REPORT[0m from: sentence-transformers/all-MiniLM-L6-v2
[19:15:35]   [container-err] Key                     | Status     |  | 
[19:15:35]   [container-err] ------------------------+------------+--+-
[19:15:35]   [container-err] embeddings.position_ids | UNEXPECTED |  | 
[19:15:35]   [container-err] 
[19:15:35]   [container-err] Notes:
[19:15:35]   [container-err] - UNEXPECTED:	can be ignored when loading from different task/architecture; not ok if you expect identical arch.
[19:15:35] [clawbench_data-003_qwen3.6-27b_20260520_111453] Agent finished in 38.67s, returncode=0
[19:15:35] [clawbench_data-003_qwen3.6-27b_20260520_111453] Agent result: passed=True, score=1.0000
[19:15:35] [data-003] Result saved to /Volumes/F/work/ClawEvalkit-private-emnlp/outputs/harness/procedure/clawbench-official/qwen3.6-27b/data-003.json
[19:15:37] [clawbench_data-004_qwen3.6-27b_20260520_111535] Container started
[19:15:37] [data-004] Harness detected, timeout adjusted: 180 → 360
[19:16:15]   [container] [setup] 运行 setup.sh: /app/claw-bench/tasks/data-analysis/data-004/environment/setup.sh
[19:16:15]   [container] [setup] setup.sh 成功
[19:16:15]   [container] [setup] 工作空间文件: ['instruction.md', 'transactions.csv']
[19:16:15]   [container] DONE
[19:16:15]   [container-err] Loading weights:   0%|          | 0/103 [00:00<?, ?it/s]
[19:16:15]   [container-err] Loading weights: 100%|██████████| 103/103 [00:00<00:00, 10709.04it/s]
[19:16:15]   [container-err] [1mBertModel LOAD REPORT[0m from: sentence-transformers/all-MiniLM-L6-v2
[19:16:15]   [container-err] Key                     | Status     |  | 
[19:16:15]   [container-err] ------------------------+------------+--+-
[19:16:15]   [container-err] embeddings.position_ids | UNEXPECTED |  | 
[19:16:15]   [container-err] 
[19:16:15]   [container-err] Notes:
[19:16:15]   [container-err] - UNEXPECTED:	can be ignored when loading from different task/architecture; not ok if you expect identical arch.
[19:16:15] [clawbench_data-004_qwen3.6-27b_20260520_111535] Agent finished in 37.20s, returncode=0
[19:16:15] [clawbench_data-004_qwen3.6-27b_20260520_111535] Agent result: passed=True, score=1.0000
[19:16:16] [data-004] Result saved to /Volumes/F/work/ClawEvalkit-private-emnlp/outputs/harness/procedure/clawbench-official/qwen3.6-27b/data-004.json
[19:16:17]   [container] [setup] 运行 setup.sh: /app/claw-bench/tasks/cs-engineering/cs-005-api-design/environment/setup.sh
[19:16:17]   [container] [setup] setup.sh 成功
[19:16:17]   [container] [setup] 工作空间文件: ['instruction.md', 'api_requirements.txt']
[19:16:17]   [container] DONE
[19:16:17]   [container-err] Loading weights:   0%|          | 0/103 [00:00<?, ?it/s]
[19:16:17]   [container-err] Loading weights: 100%|██████████| 103/103 [00:00<00:00, 19958.11it/s]
[19:16:17]   [container-err] [1mBertModel LOAD REPORT[0m from: sentence-transformers/all-MiniLM-L6-v2
[19:16:17]   [container-err] Key                     | Status     |  | 
[19:16:17]   [container-err] ------------------------+------------+--+-
[19:16:17]   [container-err] embeddings.position_ids | UNEXPECTED |  | 
[19:16:17]   [container-err] 
[19:16:17]   [container-err] Notes:
[19:16:17]   [container-err] - UNEXPECTED:	can be ignored when loading from different task/architecture; not ok if you expect identical arch.
[19:16:17]   [container-err] [_run_loop] _call_llm exception (attempt 1/3): Exception: LLM call failed: litellm.APIError: APIError: OpenrouterException - Unable to get json response - Expecting value: line 1135 column 1 (char 6237), Original Response:
[19:16:17] [clawbench_cs-005-api-design_qwen3.6-27b_20260520_110327] Agent finished in 766.64s, returncode=0
[19:16:17] [clawbench_cs-005-api-design_qwen3.6-27b_20260520_110327] Agent result: passed=False, score=0.8000
[19:16:17] [cs-005-api-design] Result saved to /Volumes/F/work/ClawEvalkit-private-emnlp/outputs/harness/procedure/clawbench-official/qwen3.6-27b/cs-005-api-design.json
[19:16:19] [clawbench_data-005_qwen3.6-27b_20260520_111616] Container started
[19:16:19] [data-005] Harness detected, timeout adjusted: 180 → 360
[19:16:22] [clawbench_data-006_qwen3.6-27b_20260520_111617] Container started
[19:16:22] [data-006] Harness detected, timeout adjusted: 180 → 360
[19:16:59]   [container] [setup] 运行 setup.sh: /app/claw-bench/tasks/data-analysis/data-006/environment/setup.sh
[19:16:59]   [container] [setup] setup.sh 成功
[19:16:59]   [container] [setup] 工作空间文件: ['daily_sales.csv', 'instruction.md']
[19:16:59]   [container] DONE
[19:16:59]   [container-err] Loading weights:   0%|          | 0/103 [00:00<?, ?it/s]
[19:16:59]   [container-err] Loading weights: 100%|██████████| 103/103 [00:00<00:00, 61330.68it/s]
[19:16:59]   [container-err] [1mBertModel LOAD REPORT[0m from: sentence-transformers/all-MiniLM-L6-v2
[19:16:59]   [container-err] Key                     | Status     |  | 
[19:16:59]   [container-err] ------------------------+------------+--+-
[19:16:59]   [container-err] embeddings.position_ids | UNEXPECTED |  | 
[19:16:59]   [container-err] 
[19:16:59]   [container-err] Notes:
[19:16:59]   [container-err] - UNEXPECTED:	can be ignored when loading from different task/architecture; not ok if you expect identical arch.
[19:16:59] [clawbench_data-006_qwen3.6-27b_20260520_111617] Agent finished in 36.76s, returncode=0
[19:16:59] [clawbench_data-006_qwen3.6-27b_20260520_111617] Agent result: passed=True, score=1.0000
[19:17:00] [data-006] Result saved to /Volumes/F/work/ClawEvalkit-private-emnlp/outputs/harness/procedure/clawbench-official/qwen3.6-27b/data-006.json
[19:17:03] [clawbench_data-007_qwen3.6-27b_20260520_111700] Container started
[19:17:03] [data-007] Harness detected, timeout adjusted: 180 → 360
[19:17:26]   [container] [setup] 运行 setup.sh: /app/claw-bench/tasks/data-analysis/data-005/environment/setup.sh
[19:17:26]   [container] [setup] setup.sh 成功
[19:17:26]   [container] [setup] 工作空间文件: ['instruction.md', 'measurements.csv']
[19:17:26]   [container] DONE
[19:17:26]   [container-err] Loading weights:   0%|          | 0/103 [00:00<?, ?it/s]
[19:17:26]   [container-err] Loading weights: 100%|██████████| 103/103 [00:00<00:00, 13779.01it/s]
[19:17:26]   [container-err] [1mBertModel LOAD REPORT[0m from: sentence-transformers/all-MiniLM-L6-v2
[19:17:26]   [container-err] Key                     | Status     |  | 
[19:17:26]   [container-err] ------------------------+------------+--+-
[19:17:26]   [container-err] embeddings.position_ids | UNEXPECTED |  | 
[19:17:26]   [container-err] 
[19:17:26]   [container-err] Notes:
[19:17:26]   [container-err] - UNEXPECTED:	can be ignored when loading from different task/architecture; not ok if you expect identical arch.
[19:17:26] [clawbench_data-005_qwen3.6-27b_20260520_111616] Agent finished in 66.91s, returncode=0
[19:17:26] [clawbench_data-005_qwen3.6-27b_20260520_111616] Agent result: passed=True, score=1.0000
[19:17:27] [data-005] Result saved to /Volumes/F/work/ClawEvalkit-private-emnlp/outputs/harness/procedure/clawbench-official/qwen3.6-27b/data-005.json
[19:17:29] [clawbench_data-008_qwen3.6-27b_20260520_111727] Container started
[19:17:29] [data-008] Harness detected, timeout adjusted: 240 → 420
[19:17:38]   [container] [setup] 运行 setup.sh: /app/claw-bench/tasks/data-analysis/data-007/environment/setup.sh
[19:17:38]   [container] [setup] setup.sh 成功
[19:17:38]   [container] [setup] 工作空间文件: ['customers.csv', 'orders.csv', 'instruction.md']
[19:17:38]   [container] DONE
[19:17:38]   [container-err] Loading weights:   0%|          | 0/103 [00:00<?, ?it/s]
[19:17:38]   [container-err] Loading weights: 100%|██████████| 103/103 [00:00<00:00, 32942.91it/s]
[19:17:38]   [container-err] [1mBertModel LOAD REPORT[0m from: sentence-transformers/all-MiniLM-L6-v2
[19:17:38]   [container-err] Key                     | Status     |  | 
[19:17:38]   [container-err] ------------------------+------------+--+-
[19:17:38]   [container-err] embeddings.position_ids | UNEXPECTED |  | 
[19:17:38]   [container-err] 
[19:17:38]   [container-err] Notes:
[19:17:38]   [container-err] - UNEXPECTED:	can be ignored when loading from different task/architecture; not ok if you expect identical arch.
[19:17:38] [clawbench_data-007_qwen3.6-27b_20260520_111700] Agent finished in 35.19s, returncode=0
[19:17:38] [clawbench_data-007_qwen3.6-27b_20260520_111700] Agent result: passed=True, score=1.0000
[19:17:38] [data-007] Result saved to /Volumes/F/work/ClawEvalkit-private-emnlp/outputs/harness/procedure/clawbench-official/qwen3.6-27b/data-007.json
[19:17:43] [clawbench_data-009_qwen3.6-27b_20260520_111738] Container started
[19:17:43] [data-009] Harness detected, timeout adjusted: 240 → 420
[19:18:35]   [container] [setup] 运行 setup.sh: /app/claw-bench/tasks/data-analysis/data-008/environment/setup.sh
[19:18:35]   [container] [setup] setup.sh 成功
[19:18:35]   [container] [setup] 工作空间文件: ['instruction.md', 'dataset.csv']
[19:18:35]   [container] DONE
[19:18:35]   [container-err] Loading weights:   0%|          | 0/103 [00:00<?, ?it/s]
[19:18:35]   [container-err] Loading weights: 100%|██████████| 103/103 [00:00<00:00, 17545.83it/s]
[19:18:35]   [container-err] [1mBertModel LOAD REPORT[0m from: sentence-transformers/all-MiniLM-L6-v2
[19:18:35]   [container-err] Key                     | Status     |  | 
[19:18:35]   [container-err] ------------------------+------------+--+-
[19:18:35]   [container-err] embeddings.position_ids | UNEXPECTED |  | 
[19:18:35]   [container-err] 
[19:18:35]   [container-err] Notes:
[19:18:35]   [container-err] - UNEXPECTED:	can be ignored when loading from different task/architecture; not ok if you expect identical arch.
[19:18:35] [clawbench_data-008_qwen3.6-27b_20260520_111727] Agent finished in 65.78s, returncode=0
[19:18:35] [clawbench_data-008_qwen3.6-27b_20260520_111727] Agent result: passed=True, score=1.0000
[19:18:36] [data-008] Result saved to /Volumes/F/work/ClawEvalkit-private-emnlp/outputs/harness/procedure/clawbench-official/qwen3.6-27b/data-008.json
[19:18:39] [clawbench_data-010_qwen3.6-27b_20260520_111836] Container started
[19:18:39] [data-010] Harness detected, timeout adjusted: 240 → 420
[19:19:23]   [container] [setup] 运行 setup.sh: /app/claw-bench/tasks/data-analysis/data-010/environment/setup.sh
[19:19:23]   [container] [setup] setup.sh 成功
[19:19:23]   [container] [setup] 工作空间文件: ['q3.csv', 'q2.csv', 'q1.csv', 'instruction.md']
[19:19:23]   [container] DONE
[19:19:23]   [container-err] Loading weights:   0%|          | 0/103 [00:00<?, ?it/s]
[19:19:23]   [container-err] Loading weights: 100%|██████████| 103/103 [00:00<00:00, 20727.02it/s]
[19:19:23]   [container-err] [1mBertModel LOAD REPORT[0m from: sentence-transformers/all-MiniLM-L6-v2
[19:19:23]   [container-err] Key                     | Status     |  | 
[19:19:23]   [container-err] ------------------------+------------+--+-
[19:19:23]   [container-err] embeddings.position_ids | UNEXPECTED |  | 
[19:19:23]   [container-err] 
[19:19:23]   [container-err] Notes:
[19:19:23]   [container-err] - UNEXPECTED:	can be ignored when loading from different task/architecture; not ok if you expect identical arch.
[19:19:23] [clawbench_data-010_qwen3.6-27b_20260520_111836] Agent finished in 44.04s, returncode=0
[19:19:23] [clawbench_data-010_qwen3.6-27b_20260520_111836] Agent result: passed=True, score=1.0000
[19:19:23] [data-010] Result saved to /Volumes/F/work/ClawEvalkit-private-emnlp/outputs/harness/procedure/clawbench-official/qwen3.6-27b/data-010.json
[19:19:28] [clawbench_data-011_qwen3.6-27b_20260520_111923] Container started
[19:19:28] [data-011] Harness detected, timeout adjusted: 300 → 480
[19:20:37]   [container] [setup] 运行 setup.sh: /app/claw-bench/tasks/data-analysis/data-009/environment/setup.sh
[19:20:37]   [container] [setup] setup.sh 成功
[19:20:37]   [container] [setup] 工作空间文件: ['instruction.md', 'dirty_data.csv']
[19:20:37]   [container] DONE
[19:20:37]   [container-err] Loading weights:   0%|          | 0/103 [00:00<?, ?it/s]
[19:20:37]   [container-err] Loading weights: 100%|██████████| 103/103 [00:00<00:00, 11747.15it/s]
[19:20:37]   [container-err] [1mBertModel LOAD REPORT[0m from: sentence-transformers/all-MiniLM-L6-v2
[19:20:37]   [container-err] Key                     | Status     |  | 
[19:20:37]   [container-err] ------------------------+------------+--+-
[19:20:37]   [container-err] embeddings.position_ids | UNEXPECTED |  | 
[19:20:37]   [container-err] 
[19:20:37]   [container-err] Notes:
[19:20:37]   [container-err] - UNEXPECTED:	can be ignored when loading from different task/architecture; not ok if you expect identical arch.
[19:20:37] [clawbench_data-009_qwen3.6-27b_20260520_111738] Agent finished in 173.89s, returncode=0
[19:20:37] [clawbench_data-009_qwen3.6-27b_20260520_111738] Agent result: passed=False, score=0.9412
[19:20:37] [data-009] Result saved to /Volumes/F/work/ClawEvalkit-private-emnlp/outputs/harness/procedure/clawbench-official/qwen3.6-27b/data-009.json
[19:20:42] [clawbench_data-012_qwen3.6-27b_20260520_112037] Container started
[19:20:42] [data-012] Harness detected, timeout adjusted: 300 → 480
[19:20:49]   [container] [setup] 运行 setup.sh: /app/claw-bench/tasks/data-analysis/data-011/environment/setup.sh
[19:20:49]   [container] [setup] setup.sh 成功
[19:20:49]   [container] [setup] 工作空间文件: ['instruction.md', 'company_data.csv']
[19:20:49]   [container] DONE
[19:20:49]   [container-err] Loading weights:   0%|          | 0/103 [00:00<?, ?it/s]
[19:20:49]   [container-err] Loading weights: 100%|██████████| 103/103 [00:00<00:00, 32845.23it/s]
[19:20:49]   [container-err] [1mBertModel LOAD REPORT[0m from: sentence-transformers/all-MiniLM-L6-v2
[19:20:49]   [container-err] Key                     | Status     |  | 
[19:20:49]   [container-err] ------------------------+------------+--+-
[19:20:49]   [container-err] embeddings.position_ids | UNEXPECTED |  | 
[19:20:49]   [container-err] 
[19:20:49]   [container-err] Notes:
[19:20:49]   [container-err] - UNEXPECTED:	can be ignored when loading from different task/architecture; not ok if you expect identical arch.
[19:20:49] [clawbench_data-011_qwen3.6-27b_20260520_111923] Agent finished in 81.10s, returncode=0
[19:20:49] [clawbench_data-011_qwen3.6-27b_20260520_111923] Agent result: passed=True, score=1.0000
[19:20:49] [data-011] Result saved to /Volumes/F/work/ClawEvalkit-private-emnlp/outputs/harness/procedure/clawbench-official/qwen3.6-27b/data-011.json
[19:20:55] [clawbench_data-013_qwen3.6-27b_20260520_112049] Container started
[19:20:55] [data-013] Harness detected, timeout adjusted: 180 → 360
[19:21:30]   [container] [setup] 运行 setup.sh: /app/claw-bench/tasks/data-analysis/data-012/environment/setup.sh
[19:21:30]   [container] [setup] setup.sh 成功
[19:21:30]   [container] [setup] 工作空间文件: ['instruction.md', 'historical.csv']
[19:21:30]   [container] DONE
[19:21:30]   [container-err] Loading weights:   0%|          | 0/103 [00:00<?, ?it/s]
[19:21:30]   [container-err] Loading weights: 100%|██████████| 103/103 [00:00<00:00, 54232.15it/s]
[19:21:30]   [container-err] [1mBertModel LOAD REPORT[0m from: sentence-transformers/all-MiniLM-L6-v2
[19:21:30]   [container-err] Key                     | Status     |  | 
[19:21:30]   [container-err] ------------------------+------------+--+-
[19:21:30]   [container-err] embeddings.position_ids | UNEXPECTED |  | 
[19:21:30]   [container-err] 
[19:21:30]   [container-err] Notes:
[19:21:30]   [container-err] - UNEXPECTED:	can be ignored when loading from different task/architecture; not ok if you expect identical arch.
[19:21:30] [clawbench_data-012_qwen3.6-27b_20260520_112037] Agent finished in 48.10s, returncode=0
[19:21:30] [clawbench_data-012_qwen3.6-27b_20260520_112037] Agent result: passed=True, score=1.0000
[19:21:31] [data-012] Result saved to /Volumes/F/work/ClawEvalkit-private-emnlp/outputs/harness/procedure/clawbench-official/qwen3.6-27b/data-012.json
[19:21:34] [clawbench_data-014_qwen3.6-27b_20260520_112131] Container started
[19:21:34] [data-014] Harness detected, timeout adjusted: 180 → 360
[19:22:23]   [container] [setup] 运行 setup.sh: /app/claw-bench/tasks/data-analysis/data-013-outlier-detection/environment/setup.sh
[19:22:23]   [container] [setup] setup.sh 成功
[19:22:23]   [container] [setup] 工作空间文件: ['instruction.md', 'measurements.csv']
[19:22:23]   [container] DONE
[19:22:23]   [container-err] Loading weights:   0%|          | 0/103 [00:00<?, ?it/s]
[19:22:23]   [container-err] Loading weights: 100%|██████████| 103/103 [00:00<00:00, 29188.12it/s]
[19:22:23]   [container-err] [1mBertModel LOAD REPORT[0m from: sentence-transformers/all-MiniLM-L6-v2
[19:22:23]   [container-err] Key                     | Status     |  | 
[19:22:23]   [container-err] ------------------------+------------+--+-
[19:22:23]   [container-err] embeddings.position_ids | UNEXPECTED |  | 
[19:22:23]   [container-err] 
[19:22:23]   [container-err] Notes:
[19:22:23]   [container-err] - UNEXPECTED:	can be ignored when loading from different task/architecture; not ok if you expect identical arch.
[19:22:23] [clawbench_data-013_qwen3.6-27b_20260520_112049] Agent finished in 88.09s, returncode=0
[19:22:23] [clawbench_data-013_qwen3.6-27b_20260520_112049] Agent result: passed=True, score=1.0000
[19:22:23] [data-013] Result saved to /Volumes/F/work/ClawEvalkit-private-emnlp/outputs/harness/procedure/clawbench-official/qwen3.6-27b/data-013.json
[19:22:26]   [container] [setup] 运行 setup.sh: /app/claw-bench/tasks/data-analysis/data-014-time-series-aggregation/environment/setup.sh
[19:22:26]   [container] [setup] setup.sh 成功
[19:22:26]   [container] [setup] 工作空间文件: ['metrics.csv', 'instruction.md']
[19:22:26]   [container] DONE
[19:22:26]   [container-err] Loading weights:   0%|          | 0/103 [00:00<?, ?it/s]
[19:22:26]   [container-err] Loading weights: 100%|██████████| 103/103 [00:00<00:00, 26997.46it/s]
[19:22:26]   [container-err] [1mBertModel LOAD REPORT[0m from: sentence-transformers/all-MiniLM-L6-v2
[19:22:26]   [container-err] Key                     | Status     |  | 
[19:22:26]   [container-err] ------------------------+------------+--+-
[19:22:26]   [container-err] embeddings.position_ids | UNEXPECTED |  | 
[19:22:26]   [container-err] 
[19:22:26]   [container-err] Notes:
[19:22:26]   [container-err] - UNEXPECTED:	can be ignored when loading from different task/architecture; not ok if you expect identical arch.
[19:22:26] [clawbench_data-014_qwen3.6-27b_20260520_112131] Agent finished in 52.01s, returncode=0
[19:22:26] [clawbench_data-014_qwen3.6-27b_20260520_112131] Agent result: passed=True, score=1.0000
[19:22:26] [clawbench_data-015_qwen3.6-27b_20260520_112223] Container started
[19:22:26] [data-015] Harness detected, timeout adjusted: 300 → 480
[19:22:26] [data-014] Result saved to /Volumes/F/work/ClawEvalkit-private-emnlp/outputs/harness/procedure/clawbench-official/qwen3.6-27b/data-014.json
[19:22:29] [clawbench_data-016_qwen3.6-27b_20260520_112226] Container started
[19:22:29] [data-016] Harness detected, timeout adjusted: 180 → 360
[19:23:46]   [container] [setup] 运行 setup.sh: /app/claw-bench/tasks/data-analysis/data-016-monthly-budget-analysis/environment/setup.sh
[19:23:46]   [container] [setup] setup.sh 成功
[19:23:46]   [container] [setup] 工作空间文件: ['budget.csv', 'instruction.md', 'transactions.csv']
[19:23:46]   [container] DONE
[19:23:46]   [container-err] Loading weights:   0%|          | 0/103 [00:00<?, ?it/s]
[19:23:46]   [container-err] Loading weights: 100%|██████████| 103/103 [00:00<00:00, 99749.09it/s]
[19:23:46]   [container-err] [1mBertModel LOAD REPORT[0m from: sentence-transformers/all-MiniLM-L6-v2
[19:23:46]   [container-err] Key                     | Status     |  | 
[19:23:46]   [container-err] ------------------------+------------+--+-
[19:23:46]   [container-err] embeddings.position_ids | UNEXPECTED |  | 
[19:23:46]   [container-err] 
[19:23:46]   [container-err] Notes:
[19:23:46]   [container-err] - UNEXPECTED:	can be ignored when loading from different task/architecture; not ok if you expect identical arch.
[19:23:46] [clawbench_data-016_qwen3.6-27b_20260520_112226] Agent finished in 76.88s, returncode=0
[19:23:46] [clawbench_data-016_qwen3.6-27b_20260520_112226] Agent result: passed=True, score=1.0000
[19:23:47] [data-016] Result saved to /Volumes/F/work/ClawEvalkit-private-emnlp/outputs/harness/procedure/clawbench-official/qwen3.6-27b/data-016.json
[19:23:51] [clawbench_data-017_qwen3.6-27b_20260520_112347] Container started
[19:23:51] [data-017] Harness detected, timeout adjusted: 180 → 360
[19:24:46]   [container] [setup] 运行 setup.sh: /app/claw-bench/tasks/data-analysis/data-015-multi-table-join/environment/setup.sh
[19:24:46]   [container] [setup] setup.sh 成功
[19:24:46]   [container] [setup] 工作空间文件: ['customers.csv', 'products.csv', 'orders.csv', 'instruction.md']
[19:24:46]   [container] DONE
[19:24:46]   [container-err] Loading weights:   0%|          | 0/103 [00:00<?, ?it/s]
[19:24:46]   [container-err] Loading weights: 100%|██████████| 103/103 [00:00<00:00, 14333.08it/s]
[19:24:46]   [container-err] [1mBertModel LOAD REPORT[0m from: sentence-transformers/all-MiniLM-L6-v2
[19:24:46]   [container-err] Key                     | Status     |  | 
[19:24:46]   [container-err] ------------------------+------------+--+-
[19:24:46]   [container-err] embeddings.position_ids | UNEXPECTED |  | 
[19:24:46]   [container-err] 
[19:24:46]   [container-err] Notes:
[19:24:46]   [container-err] - UNEXPECTED:	can be ignored when loading from different task/architecture; not ok if you expect identical arch.
[19:24:46] [clawbench_data-015_qwen3.6-27b_20260520_112223] Agent finished in 139.80s, returncode=0
[19:24:46] [clawbench_data-015_qwen3.6-27b_20260520_112223] Agent result: passed=True, score=1.0000
[19:24:47] [data-015] Result saved to /Volumes/F/work/ClawEvalkit-private-emnlp/outputs/harness/procedure/clawbench-official/qwen3.6-27b/data-015.json
[19:24:50] [clawbench_ds-001-customer-segmentation_qwen3.6-27b_20260520_112447] Container started
[19:24:50] [ds-001-customer-segmentation] Harness detected, timeout adjusted: 3600 → 3780
[19:26:18]   [container] [setup] 运行 setup.sh: /app/claw-bench/tasks/data-analysis/data-017-employee-attendance-report/environment/setup.sh
[19:26:18]   [container] [setup] setup.sh 成功
[19:26:18]   [container] [setup] 工作空间文件: ['instruction.md', 'attendance.csv']
[19:26:18]   [container] DONE
[19:26:18]   [container-err] Loading weights:   0%|          | 0/103 [00:00<?, ?it/s]
[19:26:18]   [container-err] Loading weights: 100%|██████████| 103/103 [00:00<00:00, 22204.63it/s]
[19:26:18]   [container-err] [1mBertModel LOAD REPORT[0m from: sentence-transformers/all-MiniLM-L6-v2
[19:26:18]   [container-err] Key                     | Status     |  | 
[19:26:18]   [container-err] ------------------------+------------+--+-
[19:26:18]   [container-err] embeddings.position_ids | UNEXPECTED |  | 
[19:26:18]   [container-err] 
[19:26:18]   [container-err] Notes:
[19:26:18]   [container-err] - UNEXPECTED:	can be ignored when loading from different task/architecture; not ok if you expect identical arch.
[19:26:18] [clawbench_data-017_qwen3.6-27b_20260520_112347] Agent finished in 146.63s, returncode=0
[19:26:18] [clawbench_data-017_qwen3.6-27b_20260520_112347] Agent result: passed=True, score=1.0000
[19:26:18] [data-017] Result saved to /Volumes/F/work/ClawEvalkit-private-emnlp/outputs/harness/procedure/clawbench-official/qwen3.6-27b/data-017.json
[19:26:23] [clawbench_ds-002-ab-testing_qwen3.6-27b_20260520_112618] Container started
[19:26:23] [ds-002-ab-testing] Harness detected, timeout adjusted: 3600 → 3780
[19:26:52]   [container] [setup] 运行 setup.sh: /app/claw-bench/tasks/data-science/ds-001-customer-segmentation/environment/setup.sh
[19:26:52]   [container] [setup] setup.sh 成功
[19:26:52]   [container] [setup] 工作空间文件: ['customers.csv', 'instruction.md']
[19:26:52]   [container] DONE
[19:26:52]   [container-err] Loading weights:   0%|          | 0/103 [00:00<?, ?it/s]
[19:26:52]   [container-err] Loading weights: 100%|██████████| 103/103 [00:00<00:00, 15552.91it/s]
[19:26:52]   [container-err] [1mBertModel LOAD REPORT[0m from: sentence-transformers/all-MiniLM-L6-v2
[19:26:52]   [container-err] Key                     | Status     |  | 
[19:26:52]   [container-err] ------------------------+------------+--+-
[19:26:52]   [container-err] embeddings.position_ids | UNEXPECTED |  | 
[19:26:52]   [container-err] 
[19:26:52]   [container-err] Notes:
[19:26:52]   [container-err] - UNEXPECTED:	can be ignored when loading from different task/architecture; not ok if you expect identical arch.
[19:26:52] [clawbench_ds-001-customer-segmentation_qwen3.6-27b_20260520_112447] Agent finished in 122.53s, returncode=0
[19:26:52] [clawbench_ds-001-customer-segmentation_qwen3.6-27b_20260520_112447] Agent result: passed=True, score=1.0000
[19:26:53] [ds-001-customer-segmentation] Result saved to /Volumes/F/work/ClawEvalkit-private-emnlp/outputs/harness/procedure/clawbench-official/qwen3.6-27b/ds-001-customer-segmentation.json
[19:26:57] [clawbench_ds-003-feature-engineering_qwen3.6-27b_20260520_112653] Container started
[19:26:57] [ds-003-feature-engineering] Harness detected, timeout adjusted: 3600 → 3780
[19:27:19]   [container] [setup] 运行 setup.sh: /app/claw-bench/tasks/data-science/ds-002-ab-testing/environment/setup.sh
[19:27:19]   [container] [setup] setup.sh 成功
[19:27:19]   [container] [setup] 工作空间文件: ['instruction.md', 'ab_test.csv']
[19:27:19]   [container] DONE
[19:27:19]   [container-err] Loading weights:   0%|          | 0/103 [00:00<?, ?it/s]
[19:27:19]   [container-err] Loading weights: 100%|██████████| 103/103 [00:00<00:00, 11453.77it/s]
[19:27:19]   [container-err] [1mBertModel LOAD REPORT[0m from: sentence-transformers/all-MiniLM-L6-v2
[19:27:19]   [container-err] Key                     | Status     |  | 
[19:27:19]   [container-err] ------------------------+------------+--+-
[19:27:19]   [container-err] embeddings.position_ids | UNEXPECTED |  | 
[19:27:19]   [container-err] 
[19:27:19]   [container-err] Notes:
[19:27:19]   [container-err] - UNEXPECTED:	can be ignored when loading from different task/architecture; not ok if you expect identical arch.
[19:27:19] [clawbench_ds-002-ab-testing_qwen3.6-27b_20260520_112618] Agent finished in 56.45s, returncode=0
[19:27:19] [clawbench_ds-002-ab-testing_qwen3.6-27b_20260520_112618] Agent result: passed=True, score=1.0000
[19:27:20] [ds-002-ab-testing] Result saved to /Volumes/F/work/ClawEvalkit-private-emnlp/outputs/harness/procedure/clawbench-official/qwen3.6-27b/ds-002-ab-testing.json
[19:27:24] [clawbench_ds-004-time-series_qwen3.6-27b_20260520_112720] Container started
[19:27:24] [ds-004-time-series] Harness detected, timeout adjusted: 3600 → 3780
[19:29:49]   [container] [setup] 运行 setup.sh: /app/claw-bench/tasks/data-science/ds-003-feature-engineering/environment/setup.sh
[19:29:49]   [container] [setup] setup.sh 失败 (rc=1)
[19:29:49]   [container] [setup] stderr: Traceback (most recent call last):
[19:29:49]   [container]   File "<stdin>", line 2, in <module>
[19:29:49]   [container] ModuleNotFoundError: No module named 'pandas'
[19:29:49]   [container] 
[19:29:49]   [container] [setup] 重试 (bash -x) ...
[19:29:49]   [container] [setup] 重试也失败 (rc=1)
[19:29:49]   [container] [setup] stderr: + set -euo pipefail
[19:29:49]   [container] + WORKSPACE=/tmp/clawbench_workspace
[19:29:49]   [container] + export WORKSPACE
[19:29:49]   [container] + mkdir -p /tmp/clawbench_workspace
[19:29:49]   [container] + python3 -
[19:29:49]   [container] Traceback (most recent call last):
[19:29:49]   [container]   File "<stdin>", line 2, in <module>
[19:29:49]   [container] ModuleNotFoundError: No module named 'pandas'
[19:29:49]   [container] 
[19:29:49]   [container] [setup] 工作空间文件: ['instruction.md']
[19:29:49]   [container] DONE
[19:29:49]   [container-err] Loading weights:   0%|          | 0/103 [00:00<?, ?it/s]
[19:29:49]   [container-err] Loading weights: 100%|██████████| 103/103 [00:00<00:00, 26286.18it/s]
[19:29:49]   [container-err] [1mBertModel LOAD REPORT[0m from: sentence-transformers/all-MiniLM-L6-v2
[19:29:49]   [container-err] Key                     | Status     |  | 
[19:29:49]   [container-err] ------------------------+------------+--+-
[19:29:49]   [container-err] embeddings.position_ids | UNEXPECTED |  | 
[19:29:49]   [container-err] 
[19:29:49]   [container-err] Notes:
[19:29:49]   [container-err] - UNEXPECTED:	can be ignored when loading from different task/architecture; not ok if you expect identical arch.
[19:29:49] [clawbench_ds-003-feature-engineering_qwen3.6-27b_20260520_112653] Agent finished in 171.87s, returncode=0
[19:29:49] [clawbench_ds-003-feature-engineering_qwen3.6-27b_20260520_112653] Agent result: passed=False, score=0.6000
[19:29:50] [ds-003-feature-engineering] Result saved to /Volumes/F/work/ClawEvalkit-private-emnlp/outputs/harness/procedure/clawbench-official/qwen3.6-27b/ds-003-feature-engineering.json
[19:29:53] [clawbench_ds-005-anomaly-detection_qwen3.6-27b_20260520_112950] Container started
[19:29:53] [ds-005-anomaly-detection] Harness detected, timeout adjusted: 3600 → 3780
[19:31:30]   [container] [setup] 运行 setup.sh: /app/claw-bench/tasks/data-science/ds-005-anomaly-detection/environment/setup.sh
[19:31:30]   [container] [setup] setup.sh 成功
[19:31:30]   [container] [setup] 工作空间文件: ['sensor_data.csv', 'instruction.md']
[19:31:30]   [container] DONE
[19:31:30]   [container-err] Loading weights:   0%|          | 0/103 [00:00<?, ?it/s]
[19:31:30]   [container-err] Loading weights: 100%|██████████| 103/103 [00:00<00:00, 25529.68it/s]
[19:31:30]   [container-err] [1mBertModel LOAD REPORT[0m from: sentence-transformers/all-MiniLM-L6-v2
[19:31:30]   [container-err] Key                     | Status     |  | 
[19:31:30]   [container-err] ------------------------+------------+--+-
[19:31:30]   [container-err] embeddings.position_ids | UNEXPECTED |  | 
[19:31:30]   [container-err] 
[19:31:30]   [container-err] Notes:
[19:31:30]   [container-err] - UNEXPECTED:	can be ignored when loading from different task/architecture; not ok if you expect identical arch.
[19:31:30] [clawbench_ds-005-anomaly-detection_qwen3.6-27b_20260520_112950] Agent finished in 97.50s, returncode=0
[19:31:30] [clawbench_ds-005-anomaly-detection_qwen3.6-27b_20260520_112950] Agent result: passed=True, score=1.0000
[19:31:31] [ds-005-anomaly-detection] Result saved to /Volumes/F/work/ClawEvalkit-private-emnlp/outputs/harness/procedure/clawbench-official/qwen3.6-27b/ds-005-anomaly-detection.json
[19:31:33] [clawbench_debug-001_qwen3.6-27b_20260520_113131] Container started
[19:31:33] [debug-001] Harness detected, timeout adjusted: 120 → 300
[19:32:43]   [container] [setup] 运行 setup.sh: /app/claw-bench/tasks/data-science/ds-004-time-series/environment/setup.sh
[19:32:43]   [container] [setup] setup.sh 失败 (rc=1)
[19:32:43]   [container] [setup] stderr: Traceback (most recent call last):
[19:32:43]   [container]   File "<stdin>", line 3, in <module>
[19:32:43]   [container] ModuleNotFoundError: No module named 'pandas'
[19:32:43]   [container] 
[19:32:43]   [container] [setup] 重试 (bash -x) ...
[19:32:43]   [container] [setup] 重试也失败 (rc=1)
[19:32:43]   [container] [setup] stderr: + set -euo pipefail
[19:32:43]   [container] + WORKSPACE=/tmp/clawbench_workspace
[19:32:43]   [container] + export WORKSPACE
[19:32:43]   [container] + mkdir -p /tmp/clawbench_workspace
[19:32:43]   [container] + python3 -
[19:32:43]   [container] Traceback (most recent call last):
[19:32:43]   [container]   File "<stdin>", line 3, in <module>
[19:32:43]   [container] ModuleNotFoundError: No module named 'pandas'
[19:32:43]   [container] 
[19:32:43]   [container] [setup] 工作空间文件: ['instruction.md']
[19:32:43]   [container] DONE
[19:32:43]   [container-err] Loading weights:   0%|          | 0/103 [00:00<?, ?it/s]
[19:32:43]   [container-err] Loading weights: 100%|██████████| 103/103 [00:00<00:00, 30263.63it/s]
[19:32:43]   [container-err] [1mBertModel LOAD REPORT[0m from: sentence-transformers/all-MiniLM-L6-v2
[19:32:43]   [container-err] Key                     | Status     |  | 
[19:32:43]   [container-err] ------------------------+------------+--+-
[19:32:43]   [container-err] embeddings.position_ids | UNEXPECTED |  | 
[19:32:43]   [container-err] 
[19:32:43]   [container-err] Notes:
[19:32:43]   [container-err] - UNEXPECTED:	can be ignored when loading from different task/architecture; not ok if you expect identical arch.
[19:32:43] [clawbench_ds-004-time-series_qwen3.6-27b_20260520_112720] Agent finished in 318.76s, returncode=0
[19:32:43] [clawbench_ds-004-time-series_qwen3.6-27b_20260520_112720] Agent result: passed=False, score=0.0000
[19:32:43] [ds-004-time-series] Result saved to /Volumes/F/work/ClawEvalkit-private-emnlp/outputs/harness/procedure/clawbench-official/qwen3.6-27b/ds-004-time-series.json
[19:32:47] [clawbench_debug-002_qwen3.6-27b_20260520_113243] Container started
[19:32:47] [debug-002] Harness detected, timeout adjusted: 120 → 300
[19:34:08]   [container] [setup] 运行 setup.sh: /app/claw-bench/tasks/debugging/debug-002/environment/setup.sh
[19:34:08]   [container] [setup] setup.sh 失败 (rc=1)
[19:34:08]   [container] [setup] stderr: cp: cannot stat '/app/claw-bench/tasks/debugging/debug-002/environment/data/calculator.py': No such file or directory
[19:34:08]   [container] 
[19:34:08]   [container] [setup] 重试 (bash -x) ...
[19:34:08]   [container] [setup] 重试也失败 (rc=1)
[19:34:08]   [container] [setup] stderr: + set -euo pipefail
[19:34:08]   [container] +++ dirname /app/claw-bench/tasks/debugging/debug-002/environment/setup.sh
[19:34:08]   [container] ++ cd /app/claw-bench/tasks/debugging/debug-002/environment/..
[19:34:08]   [container] ++ pwd
[19:34:08]   [container] + TASK_DIR=/app/claw-bench/tasks/debugging/debug-002
[19:34:08]   [container] + WORKSPACE=/tmp/clawbench_workspace
[19:34:08]   [container] + mkdir -p /tmp/clawbench_workspace
[19:34:08]   [container] + cp /app/claw-bench/tasks/debugging/debug-002/environment/data/calculator.py /tmp/clawbench_workspace/calculator.py
[19:34:08]   [container] cp: cannot stat '/app/claw-bench/tasks/debugging/debug-002/environment/data/calculator.py': No such file or directory
[19:34:08]   [container] 
[19:34:08]   [container] [setup] 工作空间文件: ['instruction.md']
[19:34:08]   [container] DONE
[19:34:08]   [container-err] Loading weights:   0%|          | 0/103 [00:00<?, ?it/s]
[19:34:08]   [container-err] Loading weights: 100%|██████████| 103/103 [00:00<00:00, 37717.24it/s]
[19:34:08]   [container-err] [1mBertModel LOAD REPORT[0m from: sentence-transformers/all-MiniLM-L6-v2
[19:34:08]   [container-err] Key                     | Status     |  | 
[19:34:08]   [container-err] ------------------------+------------+--+-
[19:34:08]   [container-err] embeddings.position_ids | UNEXPECTED |  | 
[19:34:08]   [container-err] 
[19:34:08]   [container-err] Notes:
[19:34:08]   [container-err] - UNEXPECTED:	can be ignored when loading from different task/architecture; not ok if you expect identical arch.
[19:34:08] [clawbench_debug-002_qwen3.6-27b_20260520_113243] Agent finished in 81.25s, returncode=0
[19:34:08] [clawbench_debug-002_qwen3.6-27b_20260520_113243] Agent result: passed=False, score=0.7368
[19:34:09] [debug-002] Result saved to /Volumes/F/work/ClawEvalkit-private-emnlp/outputs/harness/procedure/clawbench-official/qwen3.6-27b/debug-002.json
[19:34:11] [clawbench_debug-003_qwen3.6-27b_20260520_113409] Container started
[19:34:11] [debug-003] Harness detected, timeout adjusted: 120 → 300
[19:34:59]   [container] [setup] 运行 setup.sh: /app/claw-bench/tasks/debugging/debug-001/environment/setup.sh
[19:34:59]   [container] [setup] setup.sh 失败 (rc=1)
[19:34:59]   [container] [setup] stderr: cp: cannot stat '/app/claw-bench/tasks/debugging/debug-001/environment/data/buggy.py': No such file or directory
[19:34:59]   [container] 
[19:34:59]   [container] [setup] 重试 (bash -x) ...
[19:34:59]   [container] [setup] 重试也失败 (rc=1)
[19:34:59]   [container] [setup] stderr: + set -euo pipefail
[19:34:59]   [container] +++ dirname /app/claw-bench/tasks/debugging/debug-001/environment/setup.sh
[19:34:59]   [container] ++ cd /app/claw-bench/tasks/debugging/debug-001/environment/..
[19:34:59]   [container] ++ pwd
[19:34:59]   [container] + TASK_DIR=/app/claw-bench/tasks/debugging/debug-001
[19:34:59]   [container] + WORKSPACE=/tmp/clawbench_workspace
[19:34:59]   [container] + mkdir -p /tmp/clawbench_workspace
[19:34:59]   [container] + cp /app/claw-bench/tasks/debugging/debug-001/environment/data/buggy.py /tmp/clawbench_workspace/buggy.py
[19:34:59]   [container] cp: cannot stat '/app/claw-bench/tasks/debugging/debug-001/environment/data/buggy.py': No such file or directory
[19:34:59]   [container] 
[19:34:59]   [container] [setup] 工作空间文件: ['instruction.md']
[19:34:59]   [container] DONE
[19:34:59]   [container-err] Loading weights:   0%|          | 0/103 [00:00<?, ?it/s]
[19:34:59]   [container-err] Loading weights: 100%|██████████| 103/103 [00:00<00:00, 71489.87it/s]
[19:34:59]   [container-err] [1mBertModel LOAD REPORT[0m from: sentence-transformers/all-MiniLM-L6-v2
[19:34:59]   [container-err] Key                     | Status     |  | 
[19:34:59]   [container-err] ------------------------+------------+--+-
[19:34:59]   [container-err] embeddings.position_ids | UNEXPECTED |  | 
[19:34:59]   [container-err] 
[19:34:59]   [container-err] Notes:
[19:34:59]   [container-err] - UNEXPECTED:	can be ignored when loading from different task/architecture; not ok if you expect identical arch.
[19:34:59] [clawbench_debug-001_qwen3.6-27b_20260520_113131] Agent finished in 205.34s, returncode=0
[19:34:59] [clawbench_debug-001_qwen3.6-27b_20260520_113131] Agent result: passed=False, score=0.8889
[19:34:59] [debug-001] Result saved to /Volumes/F/work/ClawEvalkit-private-emnlp/outputs/harness/procedure/clawbench-official/qwen3.6-27b/debug-001.json
[19:35:02] [clawbench_debug-004_qwen3.6-27b_20260520_113459] Container started
[19:35:02] [debug-004] Harness detected, timeout adjusted: 180 → 360
[19:35:46]   [container] [setup] 运行 setup.sh: /app/claw-bench/tasks/debugging/debug-004/environment/setup.sh
[19:35:46]   [container] [setup] setup.sh 失败 (rc=1)
[19:35:46]   [container] [setup] stderr: cp: cannot stat '/app/claw-bench/tasks/debugging/debug-004/environment/data/main.py': No such file or directory
[19:35:46]   [container] 
[19:35:46]   [container] [setup] 重试 (bash -x) ...
[19:35:46]   [container] [setup] 重试也失败 (rc=1)
[19:35:46]   [container] [setup] stderr: + set -euo pipefail
[19:35:46]   [container] +++ dirname /app/claw-bench/tasks/debugging/debug-004/environment/setup.sh
[19:35:46]   [container] ++ cd /app/claw-bench/tasks/debugging/debug-004/environment/..
[19:35:46]   [container] ++ pwd
[19:35:46]   [container] + TASK_DIR=/app/claw-bench/tasks/debugging/debug-004
[19:35:46]   [container] + WORKSPACE=/tmp/clawbench_workspace
[19:35:46]   [container] + mkdir -p /tmp/clawbench_workspace
[19:35:46]   [container] + cp /app/claw-bench/tasks/debugging/debug-004/environment/data/main.py /tmp/clawbench_workspace/main.py
[19:35:46]   [container] cp: cannot stat '/app/claw-bench/tasks/debugging/debug-004/environment/data/main.py': No such file or directory
[19:35:46]   [container] 
[19:35:46]   [container] [setup] 工作空间文件: ['instruction.md']
[19:35:46]   [container] DONE
[19:35:46]   [container-err] Loading weights:   0%|          | 0/103 [00:00<?, ?it/s]
[19:35:46]   [container-err] Loading weights: 100%|██████████| 103/103 [00:00<00:00, 24323.70it/s]
[19:35:46]   [container-err] [1mBertModel LOAD REPORT[0m from: sentence-transformers/all-MiniLM-L6-v2
[19:35:46]   [container-err] Key                     | Status     |  | 
[19:35:46]   [container-err] ------------------------+------------+--+-
[19:35:46]   [container-err] embeddings.position_ids | UNEXPECTED |  | 
[19:35:46]   [container-err] 
[19:35:46]   [container-err] Notes:
[19:35:46]   [container-err] - UNEXPECTED:	can be ignored when loading from different task/architecture; not ok if you expect identical arch.
[19:35:46] [clawbench_debug-004_qwen3.6-27b_20260520_113459] Agent finished in 44.33s, returncode=0
[19:35:46] [clawbench_debug-004_qwen3.6-27b_20260520_113459] Agent result: passed=False, score=0.7500
[19:35:47] [debug-004] Result saved to /Volumes/F/work/ClawEvalkit-private-emnlp/outputs/harness/procedure/clawbench-official/qwen3.6-27b/debug-004.json
[19:35:50] [clawbench_debug-005_qwen3.6-27b_20260520_113547] Container started
[19:35:50] [debug-005] Harness detected, timeout adjusted: 180 → 360
[19:36:00]   [container] [setup] 运行 setup.sh: /app/claw-bench/tasks/debugging/debug-003/environment/setup.sh
[19:36:00]   [container] [setup] setup.sh 失败 (rc=1)
[19:36:00]   [container] [setup] stderr: cp: cannot stat '/app/claw-bench/tasks/debugging/debug-003/environment/data/processor.py': No such file or directory
[19:36:00]   [container] 
[19:36:00]   [container] [setup] 重试 (bash -x) ...
[19:36:00]   [container] [setup] 重试也失败 (rc=1)
[19:36:00]   [container] [setup] stderr: + set -euo pipefail
[19:36:00]   [container] +++ dirname /app/claw-bench/tasks/debugging/debug-003/environment/setup.sh
[19:36:00]   [container] ++ cd /app/claw-bench/tasks/debugging/debug-003/environment/..
[19:36:00]   [container] ++ pwd
[19:36:00]   [container] + TASK_DIR=/app/claw-bench/tasks/debugging/debug-003
[19:36:00]   [container] + WORKSPACE=/tmp/clawbench_workspace
[19:36:00]   [container] + mkdir -p /tmp/clawbench_workspace
[19:36:00]   [container] + cp /app/claw-bench/tasks/debugging/debug-003/environment/data/processor.py /tmp/clawbench_workspace/processor.py
[19:36:00]   [container] cp: cannot stat '/app/claw-bench/tasks/debugging/debug-003/environment/data/processor.py': No such file or directory
[19:36:00]   [container] 
[19:36:00]   [container] [setup] 工作空间文件: ['instruction.md']
[19:36:00]   [container] [_run_loop] Empty response at iteration 4, retrying once
[19:36:00]   [container] [_run_loop] Retry got tool_calls at iteration 4
[19:36:00]   [container] DONE
[19:36:00]   [container-err] Loading weights:   0%|          | 0/103 [00:00<?, ?it/s]
[19:36:00]   [container-err] Loading weights: 100%|██████████| 103/103 [00:00<00:00, 18149.53it/s]
[19:36:00]   [container-err] [1mBertModel LOAD REPORT[0m from: sentence-transformers/all-MiniLM-L6-v2
[19:36:00]   [container-err] Key                     | Status     |  | 
[19:36:00]   [container-err] ------------------------+------------+--+-
[19:36:00]   [container-err] embeddings.position_ids | UNEXPECTED |  | 
[19:36:00]   [container-err] 
[19:36:00]   [container-err] Notes:
[19:36:00]   [container-err] - UNEXPECTED:	can be ignored when loading from different task/architecture; not ok if you expect identical arch.
[19:36:00] [clawbench_debug-003_qwen3.6-27b_20260520_113409] Agent finished in 109.62s, returncode=0
[19:36:01] [clawbench_debug-003_qwen3.6-27b_20260520_113409] Agent result: passed=False, score=0.1111
[19:36:01] [debug-003] Result saved to /Volumes/F/work/ClawEvalkit-private-emnlp/outputs/harness/procedure/clawbench-official/qwen3.6-27b/debug-003.json
[19:36:05] [clawbench_doc-001_qwen3.6-27b_20260520_113601] Container started
[19:36:05] [doc-001] Harness detected, timeout adjusted: 120 → 300
[19:36:56]   [container] [setup] 运行 setup.sh: /app/claw-bench/tasks/document-editing/doc-001-text-formatting/environment/setup.sh
[19:36:56]   [container] [setup] setup.sh 成功
[19:36:56]   [container] [setup] 工作空间文件: ['document.txt', 'instruction.md', 'rules.json']
[19:36:56]   [container] DONE
[19:36:56]   [container-err] Loading weights:   0%|          | 0/103 [00:00<?, ?it/s]
[19:36:56]   [container-err] Loading weights: 100%|██████████| 103/103 [00:00<00:00, 25117.05it/s]
[19:36:56]   [container-err] [1mBertModel LOAD REPORT[0m from: sentence-transformers/all-MiniLM-L6-v2
[19:36:56]   [container-err] Key                     | Status     |  | 
[19:36:56]   [container-err] ------------------------+------------+--+-
[19:36:56]   [container-err] embeddings.position_ids | UNEXPECTED |  | 
[19:36:56]   [container-err] 
[19:36:56]   [container-err] Notes:
[19:36:56]   [container-err] - UNEXPECTED:	can be ignored when loading from different task/architecture; not ok if you expect identical arch.
[19:36:56] [clawbench_doc-001_qwen3.6-27b_20260520_113601] Agent finished in 51.20s, returncode=0
[19:36:57] [clawbench_doc-001_qwen3.6-27b_20260520_113601] Agent result: passed=False, score=0.9000
[19:36:57] [doc-001] Result saved to /Volumes/F/work/ClawEvalkit-private-emnlp/outputs/harness/procedure/clawbench-official/qwen3.6-27b/doc-001.json
[19:37:00] [clawbench_doc-002_qwen3.6-27b_20260520_113657] Container started
[19:37:00] [doc-002] Harness detected, timeout adjusted: 120 → 300
[19:37:46]   [container] [setup] 运行 setup.sh: /app/claw-bench/tasks/debugging/debug-005/environment/setup.sh
[19:37:46]   [container] [setup] setup.sh 失败 (rc=1)
[19:37:46]   [container] [setup] stderr: cp: cannot stat '/app/claw-bench/tasks/debugging/debug-005/environment/data/slow_search.py': No such file or directory
[19:37:46]   [container] 
[19:37:46]   [container] [setup] 重试 (bash -x) ...
[19:37:46]   [container] [setup] 重试也失败 (rc=1)
[19:37:46]   [container] [setup] stderr: + set -euo pipefail
[19:37:46]   [container] +++ dirname /app/claw-bench/tasks/debugging/debug-005/environment/setup.sh
[19:37:46]   [container] ++ cd /app/claw-bench/tasks/debugging/debug-005/environment/..
[19:37:46]   [container] ++ pwd
[19:37:46]   [container] + TASK_DIR=/app/claw-bench/tasks/debugging/debug-005
[19:37:46]   [container] + WORKSPACE=/tmp/clawbench_workspace
[19:37:46]   [container] + mkdir -p /tmp/clawbench_workspace
[19:37:46]   [container] + cp /app/claw-bench/tasks/debugging/debug-005/environment/data/slow_search.py /tmp/clawbench_workspace/slow_search.py
[19:37:46]   [container] cp: cannot stat '/app/claw-bench/tasks/debugging/debug-005/environment/data/slow_search.py': No such file or directory
[19:37:46]   [container] 
[19:37:46]   [container] [setup] 工作空间文件: ['instruction.md']
[19:37:46]   [container] DONE
[19:37:46]   [container-err] Loading weights:   0%|          | 0/103 [00:00<?, ?it/s]
[19:37:46]   [container-err] Loading weights: 100%|██████████| 103/103 [00:00<00:00, 38305.84it/s]
[19:37:46]   [container-err] [1mBertModel LOAD REPORT[0m from: sentence-transformers/all-MiniLM-L6-v2
[19:37:46]   [container-err] Key                     | Status     |  | 
[19:37:46]   [container-err] ------------------------+------------+--+-
[19:37:46]   [container-err] embeddings.position_ids | UNEXPECTED |  | 
[19:37:46]   [container-err] 
[19:37:46]   [container-err] Notes:
[19:37:46]   [container-err] - UNEXPECTED:	can be ignored when loading from different task/architecture; not ok if you expect identical arch.
[19:37:46] [clawbench_debug-005_qwen3.6-27b_20260520_113547] Agent finished in 115.84s, returncode=0
[19:37:46] [clawbench_debug-005_qwen3.6-27b_20260520_113547] Agent result: passed=True, score=1.0000
[19:37:47] [debug-005] Result saved to /Volumes/F/work/ClawEvalkit-private-emnlp/outputs/harness/procedure/clawbench-official/qwen3.6-27b/debug-005.json
[19:37:50] [clawbench_doc-003_qwen3.6-27b_20260520_113747] Container started
[19:37:50] [doc-003] Harness detected, timeout adjusted: 120 → 300
[19:38:07]   [container] [setup] 运行 setup.sh: /app/claw-bench/tasks/document-editing/doc-002-markdown-to-html/environment/setup.sh
[19:38:07]   [container] [setup] setup.sh 成功
[19:38:07]   [container] [setup] 工作空间文件: ['document.md', 'instruction.md']
[19:38:07]   [container] DONE
[19:38:07]   [container-err] Loading weights:   0%|          | 0/103 [00:00<?, ?it/s]
[19:38:07]   [container-err] Loading weights: 100%|██████████| 103/103 [00:00<00:00, 21012.32it/s]
[19:38:07]   [container-err] [1mBertModel LOAD REPORT[0m from: sentence-transformers/all-MiniLM-L6-v2
[19:38:07]   [container-err] Key                     | Status     |  | 
[19:38:07]   [container-err] ------------------------+------------+--+-
[19:38:07]   [container-err] embeddings.position_ids | UNEXPECTED |  | 
[19:38:07]   [container-err] 
[19:38:07]   [container-err] Notes:
[19:38:07]   [container-err] - UNEXPECTED:	can be ignored when loading from different task/architecture; not ok if you expect identical arch.
[19:38:07] [clawbench_doc-002_qwen3.6-27b_20260520_113657] Agent finished in 67.45s, returncode=0
[19:38:07] [clawbench_doc-002_qwen3.6-27b_20260520_113657] Agent result: passed=True, score=1.0000
[19:38:08] [doc-002] Result saved to /Volumes/F/work/ClawEvalkit-private-emnlp/outputs/harness/procedure/clawbench-official/qwen3.6-27b/doc-002.json
[19:38:12] [clawbench_doc-004_qwen3.6-27b_20260520_113808] Container started
[19:38:12] [doc-004] Harness detected, timeout adjusted: 180 → 360
[19:38:13]   [container] [setup] 运行 setup.sh: /app/claw-bench/tasks/document-editing/doc-003-extract-toc/environment/setup.sh
[19:38:13]   [container] [setup] setup.sh 成功
[19:38:13]   [container] [setup] 工作空间文件: ['document.md', 'instruction.md']
[19:38:13]   [container] DONE
[19:38:13]   [container-err] Loading weights:   0%|          | 0/103 [00:00<?, ?it/s]
[19:38:13]   [container-err] Loading weights: 100%|██████████| 103/103 [00:00<00:00, 35744.94it/s]
[19:38:13]   [container-err] [1mBertModel LOAD REPORT[0m from: sentence-transformers/all-MiniLM-L6-v2
[19:38:13]   [container-err] Key                     | Status     |  | 
[19:38:13]   [container-err] ------------------------+------------+--+-
[19:38:13]   [container-err] embeddings.position_ids | UNEXPECTED |  | 
[19:38:13]   [container-err] 
[19:38:13]   [container-err] Notes:
[19:38:13]   [container-err] - UNEXPECTED:	can be ignored when loading from different task/architecture; not ok if you expect identical arch.
[19:38:13] [clawbench_doc-003_qwen3.6-27b_20260520_113747] Agent finished in 23.31s, returncode=0
[19:38:13] [clawbench_doc-003_qwen3.6-27b_20260520_113747] Agent result: passed=True, score=1.0000
[19:38:13] [doc-003] Result saved to /Volumes/F/work/ClawEvalkit-private-emnlp/outputs/harness/procedure/clawbench-official/qwen3.6-27b/doc-003.json
[19:38:16] [clawbench_doc-005_qwen3.6-27b_20260520_113813] Container started
[19:38:16] [doc-005] Harness detected, timeout adjusted: 180 → 360
[19:38:35]   [container] [setup] 运行 setup.sh: /app/claw-bench/tasks/document-editing/doc-004-find-replace/environment/setup.sh
[19:38:35]   [container] [setup] setup.sh 成功
[19:38:35]   [container] [setup] 工作空间文件: ['replacements.json', 'document.txt', 'instruction.md']
[19:38:35]   [container] DONE
[19:38:35]   [container-err] Loading weights:   0%|          | 0/103 [00:00<?, ?it/s]
[19:38:35]   [container-err] Loading weights: 100%|██████████| 103/103 [00:00<00:00, 26874.86it/s]
[19:38:35]   [container-err] [1mBertModel LOAD REPORT[0m from: sentence-transformers/all-MiniLM-L6-v2
[19:38:35]   [container-err] Key                     | Status     |  | 
[19:38:35]   [container-err] ------------------------+------------+--+-
[19:38:35]   [container-err] embeddings.position_ids | UNEXPECTED |  | 
[19:38:35]   [container-err] 
[19:38:35]   [container-err] Notes:
[19:38:35]   [container-err] - UNEXPECTED:	can be ignored when loading from different task/architecture; not ok if you expect identical arch.
[19:38:35] [clawbench_doc-004_qwen3.6-27b_20260520_113808] Agent finished in 23.35s, returncode=0
[19:38:35] [clawbench_doc-004_qwen3.6-27b_20260520_113808] Agent result: passed=False, score=0.9444
[19:38:36] [doc-004] Result saved to /Volumes/F/work/ClawEvalkit-private-emnlp/outputs/harness/procedure/clawbench-official/qwen3.6-27b/doc-004.json
[19:38:40] [clawbench_doc-006_qwen3.6-27b_20260520_113836] Container started
[19:38:40] [doc-006] Harness detected, timeout adjusted: 180 → 360
[19:38:51]   [container] [setup] 运行 setup.sh: /app/claw-bench/tasks/document-editing/doc-005-document-comparison/environment/setup.sh
[19:38:51]   [container] [setup] setup.sh 成功
[19:38:51]   [container] [setup] 工作空间文件: ['instruction.md', 'v1.txt', 'v2.txt']
[19:38:51]   [container] DONE
[19:38:51]   [container-err] Loading weights:   0%|          | 0/103 [00:00<?, ?it/s]
[19:38:51]   [container-err] Loading weights: 100%|██████████| 103/103 [00:00<00:00, 23820.76it/s]
[19:38:51]   [container-err] [1mBertModel LOAD REPORT[0m from: sentence-transformers/all-MiniLM-L6-v2
[19:38:51]   [container-err] Key                     | Status     |  | 
[19:38:51]   [container-err] ------------------------+------------+--+-
[19:38:51]   [container-err] embeddings.position_ids | UNEXPECTED |  | 
[19:38:51]   [container-err] 
[19:38:51]   [container-err] Notes:
[19:38:51]   [container-err] - UNEXPECTED:	can be ignored when loading from different task/architecture; not ok if you expect identical arch.
[19:38:51] [clawbench_doc-005_qwen3.6-27b_20260520_113813] Agent finished in 34.52s, returncode=0
[19:38:51] [clawbench_doc-005_qwen3.6-27b_20260520_113813] Agent result: passed=True, score=1.0000
[19:38:51] [doc-005] Result saved to /Volumes/F/work/ClawEvalkit-private-emnlp/outputs/harness/procedure/clawbench-official/qwen3.6-27b/doc-005.json
[19:38:56] [clawbench_doc-007_qwen3.6-27b_20260520_113851] Container started
[19:38:56] [doc-007] Harness detected, timeout adjusted: 240 → 420
[19:39:03]   [container] [setup] 运行 setup.sh: /app/claw-bench/tasks/document-editing/doc-006-template-rendering/environment/setup.sh
[19:39:03]   [container] [setup] setup.sh 成功
[19:39:03]   [container] [setup] 工作空间文件: ['template.md', 'instruction.md', 'data.json']
[19:39:03]   [container] DONE
[19:39:03]   [container-err] Loading weights:   0%|          | 0/103 [00:00<?, ?it/s]
[19:39:03]   [container-err] Loading weights: 100%|██████████| 103/103 [00:00<00:00, 25782.60it/s]
[19:39:03]   [container-err] [1mBertModel LOAD REPORT[0m from: sentence-transformers/all-MiniLM-L6-v2
[19:39:03]   [container-err] Key                     | Status     |  | 
[19:39:03]   [container-err] ------------------------+------------+--+-
[19:39:03]   [container-err] embeddings.position_ids | UNEXPECTED |  | 
[19:39:03]   [container-err] 
[19:39:03]   [container-err] Notes:
[19:39:03]   [container-err] - UNEXPECTED:	can be ignored when loading from different task/architecture; not ok if you expect identical arch.
[19:39:03] [clawbench_doc-006_qwen3.6-27b_20260520_113836] Agent finished in 23.47s, returncode=0
[19:39:03] [clawbench_doc-006_qwen3.6-27b_20260520_113836] Agent result: passed=True, score=1.0000
[19:39:04] [doc-006] Result saved to /Volumes/F/work/ClawEvalkit-private-emnlp/outputs/harness/procedure/clawbench-official/qwen3.6-27b/doc-006.json
[19:39:08] [clawbench_doc-008_qwen3.6-27b_20260520_113904] Container started
[19:39:08] [doc-008] Harness detected, timeout adjusted: 300 → 480
[19:39:53]   [container] [setup] 运行 setup.sh: /app/claw-bench/tasks/document-editing/doc-007-multi-doc-merge/environment/setup.sh
[19:39:53]   [container] [setup] setup.sh 成功
[19:39:53]   [container] [setup] 工作空间文件: ['instruction.md']
[19:39:53]   [container] DONE
[19:39:53]   [container-err] Loading weights:   0%|          | 0/103 [00:00<?, ?it/s]
[19:39:53]   [container-err] Loading weights: 100%|██████████| 103/103 [00:00<00:00, 4879.63it/s]
[19:39:53]   [container-err] [1mBertModel LOAD REPORT[0m from: sentence-transformers/all-MiniLM-L6-v2
[19:39:53]   [container-err] Key                     | Status     |  | 
[19:39:53]   [container-err] ------------------------+------------+--+-
[19:39:53]   [container-err] embeddings.position_ids | UNEXPECTED |  | 
[19:39:53]   [container-err] 
[19:39:53]   [container-err] Notes:
[19:39:53]   [container-err] - UNEXPECTED:	can be ignored when loading from different task/architecture; not ok if you expect identical arch.
[19:39:53] [clawbench_doc-007_qwen3.6-27b_20260520_113851] Agent finished in 57.78s, returncode=0
[19:39:53] [clawbench_doc-007_qwen3.6-27b_20260520_113851] Agent result: passed=True, score=1.0000
[19:39:54] [doc-007] Result saved to /Volumes/F/work/ClawEvalkit-private-emnlp/outputs/harness/procedure/clawbench-official/qwen3.6-27b/doc-007.json
[19:39:58] [clawbench_doc-009_qwen3.6-27b_20260520_113954] Container started
[19:39:58] [doc-009] Harness detected, timeout adjusted: 180 → 360
[19:40:08]   [container] [setup] 运行 setup.sh: /app/claw-bench/tasks/document-editing/doc-008-document-restructuring/environment/setup.sh
[19:40:08]   [container] [setup] setup.sh 成功
[19:40:08]   [container] [setup] 工作空间文件: ['messy_doc.md', 'instruction.md', 'outline.json']
[19:40:08]   [container] DONE
[19:40:08]   [container-err] Loading weights:   0%|          | 0/103 [00:00<?, ?it/s]
[19:40:08]   [container-err] Loading weights: 100%|██████████| 103/103 [00:00<00:00, 24468.36it/s]
[19:40:08]   [container-err] [1mBertModel LOAD REPORT[0m from: sentence-transformers/all-MiniLM-L6-v2
[19:40:08]   [container-err] Key                     | Status     |  | 
[19:40:08]   [container-err] ------------------------+------------+--+-
[19:40:08]   [container-err] embeddings.position_ids | UNEXPECTED |  | 
[19:40:08]   [container-err] 
[19:40:08]   [container-err] Notes:
[19:40:08]   [container-err] - UNEXPECTED:	can be ignored when loading from different task/architecture; not ok if you expect identical arch.
[19:40:08] [clawbench_doc-008_qwen3.6-27b_20260520_113904] Agent finished in 60.11s, returncode=0
[19:40:08] [clawbench_doc-008_qwen3.6-27b_20260520_113904] Agent result: passed=False, score=0.9583
[19:40:09] [doc-008] Result saved to /Volumes/F/work/ClawEvalkit-private-emnlp/outputs/harness/procedure/clawbench-official/qwen3.6-27b/doc-008.json
[19:40:13] [clawbench_doc-010_qwen3.6-27b_20260520_114009] Container started
[19:40:13] [doc-010] Harness detected, timeout adjusted: 240 → 420
[19:40:56]   [container] [setup] 运行 setup.sh: /app/claw-bench/tasks/document-editing/doc-010-document-template-engine/environment/setup.sh
[19:40:56]   [container] [setup] setup.sh 成功
[19:40:56]   [container] [setup] 工作空间文件: ['instruction.md', 'data.json', 'template.txt']
[19:40:56]   [container] DONE
[19:40:56]   [container-err] Loading weights:   0%|          | 0/103 [00:00<?, ?it/s]
[19:40:56]   [container-err] Loading weights: 100%|██████████| 103/103 [00:00<00:00, 34046.29it/s]
[19:40:56]   [container-err] [1mBertModel LOAD REPORT[0m from: sentence-transformers/all-MiniLM-L6-v2
[19:40:56]   [container-err] Key                     | Status     |  | 
[19:40:56]   [container-err] ------------------------+------------+--+-
[19:40:56]   [container-err] embeddings.position_ids | UNEXPECTED |  | 
[19:40:56]   [container-err] 
[19:40:56]   [container-err] Notes:
[19:40:56]   [container-err] - UNEXPECTED:	can be ignored when loading from different task/architecture; not ok if you expect identical arch.
[19:40:56] [clawbench_doc-010_qwen3.6-27b_20260520_114009] Agent finished in 43.30s, returncode=0
[19:40:56] [clawbench_doc-010_qwen3.6-27b_20260520_114009] Agent result: passed=False, score=0.9600
[19:40:57] [doc-010] Result saved to /Volumes/F/work/ClawEvalkit-private-emnlp/outputs/harness/procedure/clawbench-official/qwen3.6-27b/doc-010.json
[19:40:59] [clawbench_doc-011_qwen3.6-27b_20260520_114057] Container started
[19:40:59] [doc-011] Harness detected, timeout adjusted: 120 → 300
[19:41:25]   [container] [setup] 运行 setup.sh: /app/claw-bench/tasks/document-editing/doc-011-markdown-toc-generator/environment/setup.sh
[19:41:25]   [container] [setup] setup.sh 成功
[19:41:25]   [container] [setup] 工作空间文件: ['document.md', 'instruction.md']
[19:41:25]   [container] DONE
[19:41:25]   [container-err] Loading weights:   0%|          | 0/103 [00:00<?, ?it/s]
[19:41:25]   [container-err] Loading weights: 100%|██████████| 103/103 [00:00<00:00, 30329.49it/s]
[19:41:25]   [container-err] [1mBertModel LOAD REPORT[0m from: sentence-transformers/all-MiniLM-L6-v2
[19:41:25]   [container-err] Key                     | Status     |  | 
[19:41:25]   [container-err] ------------------------+------------+--+-
[19:41:25]   [container-err] embeddings.position_ids | UNEXPECTED |  | 
[19:41:25]   [container-err] 
[19:41:25]   [container-err] Notes:
[19:41:25]   [container-err] - UNEXPECTED:	can be ignored when loading from different task/architecture; not ok if you expect identical arch.
[19:41:25] [clawbench_doc-011_qwen3.6-27b_20260520_114057] Agent finished in 26.31s, returncode=0
[19:41:25] [clawbench_doc-011_qwen3.6-27b_20260520_114057] Agent result: passed=True, score=1.0000
[19:41:26] [doc-011] Result saved to /Volumes/F/work/ClawEvalkit-private-emnlp/outputs/harness/procedure/clawbench-official/qwen3.6-27b/doc-011.json
[19:41:29] [clawbench_doc-012_qwen3.6-27b_20260520_114126] Container started
[19:41:29] [doc-012] Harness detected, timeout adjusted: 120 → 300
[19:41:54]   [container] [setup] 运行 setup.sh: /app/claw-bench/tasks/document-editing/doc-012-text-find-replace/environment/setup.sh
[19:41:54]   [container] [setup] setup.sh 成功
[19:41:54]   [container] [setup] 工作空间文件: ['replacements.json', 'document.txt', 'instruction.md']
[19:41:54]   [container] DONE
[19:41:54]   [container-err] Loading weights:   0%|          | 0/103 [00:00<?, ?it/s]
[19:41:54]   [container-err] Loading weights: 100%|██████████| 103/103 [00:00<00:00, 14518.04it/s]
[19:41:54]   [container-err] [1mBertModel LOAD REPORT[0m from: sentence-transformers/all-MiniLM-L6-v2
[19:41:54]   [container-err] Key                     | Status     |  | 
[19:41:54]   [container-err] ------------------------+------------+--+-
[19:41:54]   [container-err] embeddings.position_ids | UNEXPECTED |  | 
[19:41:54]   [container-err] 
[19:41:54]   [container-err] Notes:
[19:41:54]   [container-err] - UNEXPECTED:	can be ignored when loading from different task/architecture; not ok if you expect identical arch.
[19:41:54] [clawbench_doc-012_qwen3.6-27b_20260520_114126] Agent finished in 24.61s, returncode=0
[19:41:54] [clawbench_doc-012_qwen3.6-27b_20260520_114126] Agent result: passed=True, score=1.0000
[19:41:54] [doc-012] Result saved to /Volumes/F/work/ClawEvalkit-private-emnlp/outputs/harness/procedure/clawbench-official/qwen3.6-27b/doc-012.json
[19:41:56] [clawbench_doc-013_qwen3.6-27b_20260520_114154] Container started
[19:41:56] [doc-013] Harness detected, timeout adjusted: 120 → 300
[19:42:26]   [container] [setup] 运行 setup.sh: /app/claw-bench/tasks/document-editing/doc-013-csv-report-formatter/environment/setup.sh
[19:42:26]   [container] [setup] setup.sh 成功
[19:42:26]   [container] [setup] 工作空间文件: ['data.csv', 'instruction.md']
[19:42:26]   [container] DONE
[19:42:26]   [container-err] Loading weights:   0%|          | 0/103 [00:00<?, ?it/s]
[19:42:26]   [container-err] Loading weights: 100%|██████████| 103/103 [00:00<00:00, 35842.80it/s]
[19:42:26]   [container-err] [1mBertModel LOAD REPORT[0m from: sentence-transformers/all-MiniLM-L6-v2
[19:42:26]   [container-err] Key                     | Status     |  | 
[19:42:26]   [container-err] ------------------------+------------+--+-
[19:42:26]   [container-err] embeddings.position_ids | UNEXPECTED |  | 
[19:42:26]   [container-err] 
[19:42:26]   [container-err] Notes:
[19:42:26]   [container-err] - UNEXPECTED:	can be ignored when loading from different task/architecture; not ok if you expect identical arch.
[19:42:26] [clawbench_doc-013_qwen3.6-27b_20260520_114154] Agent finished in 29.75s, returncode=0
[19:42:26] [clawbench_doc-013_qwen3.6-27b_20260520_114154] Agent result: passed=True, score=1.0000
[19:42:26] [doc-013] Result saved to /Volumes/F/work/ClawEvalkit-private-emnlp/outputs/harness/procedure/clawbench-official/qwen3.6-27b/doc-013.json
[19:42:28] [clawbench_doc-014_qwen3.6-27b_20260520_114226] Container started
[19:42:28] [doc-014] Harness detected, timeout adjusted: 120 → 300
[19:42:55]   [container] [setup] 运行 setup.sh: /app/claw-bench/tasks/document-editing/doc-014-document-merger/environment/setup.sh
[19:42:55]   [container] [setup] setup.sh 成功
[19:42:55]   [container] [setup] 工作空间文件: ['instruction.md', 'part2.txt', 'part3.txt', 'part1.txt', 'part4.txt']
[19:42:55]   [container] DONE
[19:42:55]   [container-err] Loading weights:   0%|          | 0/103 [00:00<?, ?it/s]
[19:42:55]   [container-err] Loading weights: 100%|██████████| 103/103 [00:00<00:00, 38214.36it/s]
[19:42:55]   [container-err] [1mBertModel LOAD REPORT[0m from: sentence-transformers/all-MiniLM-L6-v2
[19:42:55]   [container-err] Key                     | Status     |  | 
[19:42:55]   [container-err] ------------------------+------------+--+-
[19:42:55]   [container-err] embeddings.position_ids | UNEXPECTED |  | 
[19:42:55]   [container-err] 
[19:42:55]   [container-err] Notes:
[19:42:55]   [container-err] - UNEXPECTED:	can be ignored when loading from different task/architecture; not ok if you expect identical arch.
[19:42:55] [clawbench_doc-014_qwen3.6-27b_20260520_114226] Agent finished in 26.58s, returncode=0
[19:42:55] [clawbench_doc-014_qwen3.6-27b_20260520_114226] Agent result: passed=True, score=1.0000
[19:42:57] [doc-014] Result saved to /Volumes/F/work/ClawEvalkit-private-emnlp/outputs/harness/procedure/clawbench-official/qwen3.6-27b/doc-014.json
[19:42:59] [clawbench_doc-015_qwen3.6-27b_20260520_114257] Container started
[19:42:59] [doc-015] Harness detected, timeout adjusted: 120 → 300
[19:43:04]   [container] [setup] 运行 setup.sh: /app/claw-bench/tasks/document-editing/doc-009-markdown-table-formatter/environment/setup.sh
[19:43:04]   [container] [setup] setup.sh 成功
[19:43:04]   [container] [setup] 工作空间文件: ['input.md', 'instruction.md']
[19:43:04]   [container] DONE
[19:43:04]   [container-err] Loading weights:   0%|          | 0/103 [00:00<?, ?it/s]
[19:43:04]   [container-err] Loading weights: 100%|██████████| 103/103 [00:00<00:00, 27755.43it/s]
[19:43:04]   [container-err] [1mBertModel LOAD REPORT[0m from: sentence-transformers/all-MiniLM-L6-v2
[19:43:04]   [container-err] Key                     | Status     |  | 
[19:43:04]   [container-err] ------------------------+------------+--+-
[19:43:04]   [container-err] embeddings.position_ids | UNEXPECTED |  | 
[19:43:04]   [container-err] 
[19:43:04]   [container-err] Notes:
[19:43:04]   [container-err] - UNEXPECTED:	can be ignored when loading from different task/architecture; not ok if you expect identical arch.
[19:43:04] [clawbench_doc-009_qwen3.6-27b_20260520_113954] Agent finished in 185.83s, returncode=0
[19:43:04] [clawbench_doc-009_qwen3.6-27b_20260520_113954] Agent result: passed=True, score=1.0000
[19:43:05] [doc-009] Result saved to /Volumes/F/work/ClawEvalkit-private-emnlp/outputs/harness/procedure/clawbench-official/qwen3.6-27b/doc-009.json
[19:43:09] [clawbench_doc-016_qwen3.6-27b_20260520_114305] Container started
[19:43:09] [doc-016] Harness detected, timeout adjusted: 180 → 360
[19:43:35]   [container] [setup] 运行 setup.sh: /app/claw-bench/tasks/document-editing/doc-016-meeting-minutes/environment/setup.sh
[19:43:35]   [container] [setup] setup.sh 成功
[19:43:35]   [container] [setup] 工作空间文件: ['instruction.md', 'raw_notes.txt']
[19:43:35]   [container] DONE
[19:43:35]   [container-err] Loading weights:   0%|          | 0/103 [00:00<?, ?it/s]
[19:43:35]   [container-err] Loading weights: 100%|██████████| 103/103 [00:00<00:00, 43140.93it/s]
[19:43:35]   [container-err] [1mBertModel LOAD REPORT[0m from: sentence-transformers/all-MiniLM-L6-v2
[19:43:35]   [container-err] Key                     | Status     |  | 
[19:43:35]   [container-err] ------------------------+------------+--+-
[19:43:35]   [container-err] embeddings.position_ids | UNEXPECTED |  | 
[19:43:35]   [container-err] 
[19:43:35]   [container-err] Notes:
[19:43:35]   [container-err] - UNEXPECTED:	can be ignored when loading from different task/architecture; not ok if you expect identical arch.
[19:43:35] [clawbench_doc-016_qwen3.6-27b_20260520_114305] Agent finished in 26.65s, returncode=0
[19:43:35] [clawbench_doc-016_qwen3.6-27b_20260520_114305] Agent result: passed=True, score=1.0000
[19:43:36] [doc-016] Result saved to /Volumes/F/work/ClawEvalkit-private-emnlp/outputs/harness/procedure/clawbench-official/qwen3.6-27b/doc-016.json
[19:43:39] [clawbench_doc-017_qwen3.6-27b_20260520_114336] Container started
[19:43:39] [doc-017] Harness detected, timeout adjusted: 180 → 360
[19:44:05]   [container] [setup] 运行 setup.sh: /app/claw-bench/tasks/document-editing/doc-017-weekly-status-report/environment/setup.sh
[19:44:05]   [container] [setup] setup.sh 成功
[19:44:05]   [container] [setup] 工作空间文件: ['wednesday.txt', 'friday.txt', 'instruction.md', 'monday.txt', 'tuesday.txt', 'thursday.txt']
[19:44:05]   [container] DONE
[19:44:05]   [container-err] Loading weights:   0%|          | 0/103 [00:00<?, ?it/s]
[19:44:05]   [container-err] Loading weights: 100%|██████████| 103/103 [00:00<00:00, 33406.54it/s]
[19:44:05]   [container-err] [1mBertModel LOAD REPORT[0m from: sentence-transformers/all-MiniLM-L6-v2
[19:44:05]   [container-err] Key                     | Status     |  | 
[19:44:05]   [container-err] ------------------------+------------+--+-
[19:44:05]   [container-err] embeddings.position_ids | UNEXPECTED |  | 
[19:44:05]   [container-err] 
[19:44:05]   [container-err] Notes:
[19:44:05]   [container-err] - UNEXPECTED:	can be ignored when loading from different task/architecture; not ok if you expect identical arch.
[19:44:05] [clawbench_doc-017_qwen3.6-27b_20260520_114336] Agent finished in 26.04s, returncode=0
[19:44:05] [clawbench_doc-017_qwen3.6-27b_20260520_114336] Agent result: passed=True, score=1.0000
[19:44:05] [doc-017] Result saved to /Volumes/F/work/ClawEvalkit-private-emnlp/outputs/harness/procedure/clawbench-official/qwen3.6-27b/doc-017.json
[19:44:08] [clawbench_doc-018_qwen3.6-27b_20260520_114405] Container started
[19:44:08] [doc-018] Harness detected, timeout adjusted: 180 → 360
[19:44:47]   [container] [setup] 运行 setup.sh: /app/claw-bench/tasks/document-editing/doc-018-invoice-generator/environment/setup.sh
[19:44:47]   [container] [setup] setup.sh 成功
[19:44:47]   [container] [setup] 工作空间文件: ['instruction.md', 'order.json']
[19:44:47]   [container] DONE
[19:44:47]   [container-err] Loading weights:   0%|          | 0/103 [00:00<?, ?it/s]
[19:44:47]   [container-err] Loading weights: 100%|██████████| 103/103 [00:00<00:00, 23664.18it/s]
[19:44:47]   [container-err] [1mBertModel LOAD REPORT[0m from: sentence-transformers/all-MiniLM-L6-v2
[19:44:47]   [container-err] Key                     | Status     |  | 
[19:44:47]   [container-err] ------------------------+------------+--+-
[19:44:47]   [container-err] embeddings.position_ids | UNEXPECTED |  | 
[19:44:47]   [container-err] 
[19:44:47]   [container-err] Notes:
[19:44:47]   [container-err] - UNEXPECTED:	can be ignored when loading from different task/architecture; not ok if you expect identical arch.
[19:44:47] [clawbench_doc-018_qwen3.6-27b_20260520_114405] Agent finished in 39.24s, returncode=0
[19:44:47] [clawbench_doc-018_qwen3.6-27b_20260520_114405] Agent result: passed=True, score=1.0000
[19:44:48] [doc-018] Result saved to /Volumes/F/work/ClawEvalkit-private-emnlp/outputs/harness/procedure/clawbench-official/qwen3.6-27b/doc-018.json
[19:44:50] [clawbench_edu-001-rubric-grading_qwen3.6-27b_20260520_114448] Container started
[19:44:50] [edu-001-rubric-grading] Harness detected, timeout adjusted: 3600 → 3780
[19:46:35]   [container] [setup] 运行 setup.sh: /app/claw-bench/tasks/document-editing/doc-015-changelog-generator/environment/setup.sh
[19:46:35]   [container] [setup] setup.sh 失败 (rc=1)
[19:46:35]   [container] [setup] stderr: cp: cannot stat '/app/claw-bench/tasks/document-editing/doc-015-changelog-generator/environment/data/commits.jsonl': No such file or directory
[19:46:35]   [container] 
[19:46:35]   [container] [setup] 重试 (bash -x) ...
[19:46:35]   [container] [setup] 重试也失败 (rc=1)
[19:46:35]   [container] [setup] stderr: + set -euo pipefail
[19:46:35]   [container] +++ dirname /app/claw-bench/tasks/document-editing/doc-015-changelog-generator/environment/setup.sh
[19:46:35]   [container] ++ cd /app/claw-bench/tasks/document-editing/doc-015-changelog-generator/environment/..
[19:46:35]   [container] ++ pwd
[19:46:35]   [container] + TASK_DIR=/app/claw-bench/tasks/document-editing/doc-015-changelog-generator
[19:46:35]   [container] + WORKSPACE=/tmp/clawbench_workspace
[19:46:35]   [container] + mkdir -p /tmp/clawbench_workspace
[19:46:35]   [container] + cp /app/claw-bench/tasks/document-editing/doc-015-changelog-generator/environment/data/commits.jsonl /tmp/clawbench_workspace/commits.jsonl
[19:46:35]   [container] cp: cannot stat '/app/claw-bench/tasks/document-editing/doc-015-changelog-generator/environment/data/commits.jsonl': No such file or directory
[19:46:35]   [container] 
[19:46:35]   [container] [setup] 工作空间文件: ['instruction.md']
[19:46:35]   [container] DONE
[19:46:35]   [container-err] Loading weights:   0%|          | 0/103 [00:00<?, ?it/s]
[19:46:35]   [container-err] Loading weights: 100%|██████████| 103/103 [00:00<00:00, 23960.80it/s]
[19:46:35]   [container-err] [1mBertModel LOAD REPORT[0m from: sentence-transformers/all-MiniLM-L6-v2
[19:46:35]   [container-err] Key                     | Status     |  | 
[19:46:35]   [container-err] ------------------------+------------+--+-
[19:46:35]   [container-err] embeddings.position_ids | UNEXPECTED |  | 
[19:46:35]   [container-err] 
[19:46:35]   [container-err] Notes:
[19:46:35]   [container-err] - UNEXPECTED:	can be ignored when loading from different task/architecture; not ok if you expect identical arch.
[19:46:35] [clawbench_doc-015_qwen3.6-27b_20260520_114257] Agent finished in 215.91s, returncode=0
[19:46:35] [clawbench_doc-015_qwen3.6-27b_20260520_114257] Agent result: passed=False, score=0.2000
[19:46:36] [doc-015] Result saved to /Volumes/F/work/ClawEvalkit-private-emnlp/outputs/harness/procedure/clawbench-official/qwen3.6-27b/doc-015.json
[19:46:38] [clawbench_edu-002-item-analysis_qwen3.6-27b_20260520_114636] Container started
[19:46:38] [edu-002-item-analysis] Harness detected, timeout adjusted: 3600 → 3780
[19:47:00]   [container] [setup] 运行 setup.sh: /app/claw-bench/tasks/educational-assessment/edu-001-rubric-grading/environment/setup.sh
[19:47:00]   [container] [setup] setup.sh 成功
[19:47:00]   [container] [setup] 工作空间文件: ['rubric.csv', 'instruction.md', 'english_words.txt']
[19:47:00]   [container] DONE
[19:47:00]   [container-err] Loading weights:   0%|          | 0/103 [00:00<?, ?it/s]
[19:47:00]   [container-err] Loading weights: 100%|██████████| 103/103 [00:00<00:00, 41360.78it/s]
[19:47:00]   [container-err] [1mBertModel LOAD REPORT[0m from: sentence-transformers/all-MiniLM-L6-v2
[19:47:00]   [container-err] Key                     | Status     |  | 
[19:47:00]   [container-err] ------------------------+------------+--+-
[19:47:00]   [container-err] embeddings.position_ids | UNEXPECTED |  | 
[19:47:00]   [container-err] 
[19:47:00]   [container-err] Notes:
[19:47:00]   [container-err] - UNEXPECTED:	can be ignored when loading from different task/architecture; not ok if you expect identical arch.
[19:47:00] [clawbench_edu-001-rubric-grading_qwen3.6-27b_20260520_114448] Agent finished in 129.10s, returncode=0
[19:47:00] [clawbench_edu-001-rubric-grading_qwen3.6-27b_20260520_114448] Agent result: passed=True, score=1.0000
[19:47:00] [edu-001-rubric-grading] Result saved to /Volumes/F/work/ClawEvalkit-private-emnlp/outputs/harness/procedure/clawbench-official/qwen3.6-27b/edu-001-rubric-grading.json
[19:47:03] [clawbench_edu-003-learning-path_qwen3.6-27b_20260520_114700] Container started
[19:47:03] [edu-003-learning-path] Harness detected, timeout adjusted: 3600 → 3780
[19:50:17]   [container] [setup] 运行 setup.sh: /app/claw-bench/tasks/educational-assessment/edu-002-item-analysis/environment/setup.sh
[19:50:17]   [container] [setup] setup.sh 成功
[19:50:17]   [container] [setup] 工作空间文件: ['instruction.md', 'exam_responses.csv']
[19:50:17]   [container] DONE
[19:50:17]   [container-err] Loading weights:   0%|          | 0/103 [00:00<?, ?it/s]
[19:50:17]   [container-err] Loading weights: 100%|██████████| 103/103 [00:00<00:00, 15432.91it/s]
[19:50:17]   [container-err] [1mBertModel LOAD REPORT[0m from: sentence-transformers/all-MiniLM-L6-v2
[19:50:17]   [container-err] Key                     | Status     |  | 
[19:50:17]   [container-err] ------------------------+------------+--+-
[19:50:17]   [container-err] embeddings.position_ids | UNEXPECTED |  | 
[19:50:17]   [container-err] 
[19:50:17]   [container-err] Notes:
[19:50:17]   [container-err] - UNEXPECTED:	can be ignored when loading from different task/architecture; not ok if you expect identical arch.
[19:50:17] [clawbench_edu-002-item-analysis_qwen3.6-27b_20260520_114636] Agent finished in 219.04s, returncode=0
[19:50:17] [clawbench_edu-002-item-analysis_qwen3.6-27b_20260520_114636] Agent result: passed=False, score=0.6667
[19:50:18] [edu-002-item-analysis] Result saved to /Volumes/F/work/ClawEvalkit-private-emnlp/outputs/harness/procedure/clawbench-official/qwen3.6-27b/edu-002-item-analysis.json
[19:50:20] [clawbench_edu-004-curriculum-mapping_qwen3.6-27b_20260520_115018] Container started
[19:50:20] [edu-004-curriculum-mapping] Harness detected, timeout adjusted: 3600 → 3780
[19:51:06]   [container] [setup] 运行 setup.sh: /app/claw-bench/tasks/educational-assessment/edu-003-learning-path/environment/setup.sh
[19:51:06]   [container] [setup] setup.sh 成功
[19:51:06]   [container] [setup] 工作空间文件: ['student_performance.csv', 'instruction.md', 'prerequisites.json']
[19:51:06]   [container] DONE
[19:51:06]   [container-err] Loading weights:   0%|          | 0/103 [00:00<?, ?it/s]
[19:51:06]   [container-err] Loading weights: 100%|██████████| 103/103 [00:00<00:00, 14522.92it/s]
[19:51:06]   [container-err] [1mBertModel LOAD REPORT[0m from: sentence-transformers/all-MiniLM-L6-v2
[19:51:06]   [container-err] Key                     | Status     |  | 
[19:51:06]   [container-err] ------------------------+------------+--+-
[19:51:06]   [container-err] embeddings.position_ids | UNEXPECTED |  | 
[19:51:06]   [container-err] 
[19:51:06]   [container-err] Notes:
[19:51:06]   [container-err] - UNEXPECTED:	can be ignored when loading from different task/architecture; not ok if you expect identical arch.
[19:51:06] [clawbench_edu-003-learning-path_qwen3.6-27b_20260520_114700] Agent finished in 243.34s, returncode=0
[19:51:07] [clawbench_edu-003-learning-path_qwen3.6-27b_20260520_114700] Agent result: passed=True, score=1.0000
[19:51:07] [edu-003-learning-path] Result saved to /Volumes/F/work/ClawEvalkit-private-emnlp/outputs/harness/procedure/clawbench-official/qwen3.6-27b/edu-003-learning-path.json
[19:51:09] [clawbench_edu-005-assessment-generation_qwen3.6-27b_20260520_115107] Container started
[19:51:09] [edu-005-assessment-generation] Harness detected, timeout adjusted: 3600 → 3780
[19:53:34]   [container] [setup] 运行 setup.sh: /app/claw-bench/tasks/educational-assessment/edu-004-curriculum-mapping/environment/setup.sh
[19:53:34]   [container] [setup] setup.sh 成功
[19:53:34]   [container] [setup] 工作空间文件: ['standards.csv', 'course_objectives.csv', 'instruction.md']
[19:53:34]   [container] DONE
[19:53:34]   [container-err] Loading weights:   0%|          | 0/103 [00:00<?, ?it/s]
[19:53:34]   [container-err] Loading weights: 100%|██████████| 103/103 [00:00<00:00, 22553.55it/s]
[19:53:34]   [container-err] [1mBertModel LOAD REPORT[0m from: sentence-transformers/all-MiniLM-L6-v2
[19:53:34]   [container-err] Key                     | Status     |  | 
[19:53:34]   [container-err] ------------------------+------------+--+-
[19:53:34]   [container-err] embeddings.position_ids | UNEXPECTED |  | 
[19:53:34]   [container-err] 
[19:53:34]   [container-err] Notes:
[19:53:34]   [container-err] - UNEXPECTED:	can be ignored when loading from different task/architecture; not ok if you expect identical arch.
[19:53:34] [clawbench_edu-004-curriculum-mapping_qwen3.6-27b_20260520_115018] Agent finished in 193.42s, returncode=0
[19:53:34] [clawbench_edu-004-curriculum-mapping_qwen3.6-27b_20260520_115018] Agent result: passed=False, score=0.7500
[19:53:34] [edu-004-curriculum-mapping] Result saved to /Volumes/F/work/ClawEvalkit-private-emnlp/outputs/harness/procedure/clawbench-official/qwen3.6-27b/edu-004-curriculum-mapping.json
[19:53:38] [clawbench_eml-001_qwen3.6-27b_20260520_115334] Container started
[19:53:38] [eml-001] Harness detected, timeout adjusted: 120 → 300
[19:54:14]   [container] [setup] 运行 setup.sh: /app/claw-bench/tasks/email/eml-001-parse-email-headers/environment/setup.sh
[19:54:14]   [container] [setup] setup.sh 成功
[19:54:14]   [container] [setup] 工作空间文件: ['email.txt', 'instruction.md']
[19:54:14]   [container] DONE
[19:54:14]   [container-err] Loading weights:   0%|          | 0/103 [00:00<?, ?it/s]
[19:54:14]   [container-err] Loading weights: 100%|██████████| 103/103 [00:00<00:00, 37727.13it/s]
[19:54:14]   [container-err] [1mBertModel LOAD REPORT[0m from: sentence-transformers/all-MiniLM-L6-v2
[19:54:14]   [container-err] Key                     | Status     |  | 
[19:54:14]   [container-err] ------------------------+------------+--+-
[19:54:14]   [container-err] embeddings.position_ids | UNEXPECTED |  | 
[19:54:14]   [container-err] 
[19:54:14]   [container-err] Notes:
[19:54:14]   [container-err] - UNEXPECTED:	can be ignored when loading from different task/architecture; not ok if you expect identical arch.
[19:54:14] [clawbench_eml-001_qwen3.6-27b_20260520_115334] Agent finished in 36.37s, returncode=0
[19:54:14] [clawbench_eml-001_qwen3.6-27b_20260520_115334] Agent result: passed=True, score=1.0000
[19:54:15] [eml-001] Result saved to /Volumes/F/work/ClawEvalkit-private-emnlp/outputs/harness/procedure/clawbench-official/qwen3.6-27b/eml-001.json
[19:54:21] [clawbench_eml-002_qwen3.6-27b_20260520_115415] Container started
[19:54:21] [eml-002] Harness detected, timeout adjusted: 120 → 300
[19:54:32]   [container] [setup] 运行 setup.sh: /app/claw-bench/tasks/educational-assessment/edu-005-assessment-generation/environment/setup.sh
[19:54:32]   [container] [setup] setup.sh 成功
[19:54:32]   [container] [setup] 工作空间文件: ['instruction.md', 'learning_objectives.csv', 'content_outline.json']
[19:54:32]   [container] DONE
[19:54:32]   [container-err] Loading weights:   0%|          | 0/103 [00:00<?, ?it/s]
[19:54:32]   [container-err] Loading weights: 100%|██████████| 103/103 [00:00<00:00, 32266.29it/s]
[19:54:32]   [container-err] [1mBertModel LOAD REPORT[0m from: sentence-transformers/all-MiniLM-L6-v2
[19:54:32]   [container-err] Key                     | Status     |  | 
[19:54:32]   [container-err] ------------------------+------------+--+-
[19:54:32]   [container-err] embeddings.position_ids | UNEXPECTED |  | 
[19:54:32]   [container-err] 
[19:54:32]   [container-err] Notes:
[19:54:32]   [container-err] - UNEXPECTED:	can be ignored when loading from different task/architecture; not ok if you expect identical arch.
[19:54:32] [clawbench_edu-005-assessment-generation_qwen3.6-27b_20260520_115107] Agent finished in 203.12s, returncode=0
[19:54:32] [clawbench_edu-005-assessment-generation_qwen3.6-27b_20260520_115107] Agent result: passed=True, score=1.0000
[19:54:33] [edu-005-assessment-generation] Result saved to /Volumes/F/work/ClawEvalkit-private-emnlp/outputs/harness/procedure/clawbench-official/qwen3.6-27b/edu-005-assessment-generation.json
[19:54:35] [clawbench_eml-003_qwen3.6-27b_20260520_115433] Container started
[19:54:35] [eml-003] Harness detected, timeout adjusted: 120 → 300
[19:55:02]   [container] [setup] 运行 setup.sh: /app/claw-bench/tasks/email/eml-002-compose-from-template/environment/setup.sh
[19:55:02]   [container] [setup] setup.sh 成功
[19:55:02]   [container] [setup] 工作空间文件: ['instruction.md', 'template.txt', 'contacts.json']
[19:55:02]   [container] DONE
[19:55:02]   [container-err] Loading weights:   0%|          | 0/103 [00:00<?, ?it/s]
[19:55:02]   [container-err] Loading weights: 100%|██████████| 103/103 [00:00<00:00, 17890.97it/s]
[19:55:02]   [container-err] [1mBertModel LOAD REPORT[0m from: sentence-transformers/all-MiniLM-L6-v2
[19:55:02]   [container-err] Key                     | Status     |  | 
[19:55:02]   [container-err] ------------------------+------------+--+-
[19:55:02]   [container-err] embeddings.position_ids | UNEXPECTED |  | 
[19:55:02]   [container-err] 
[19:55:02]   [container-err] Notes:
[19:55:02]   [container-err] - UNEXPECTED:	can be ignored when loading from different task/architecture; not ok if you expect identical arch.
[19:55:02] [clawbench_eml-002_qwen3.6-27b_20260520_115415] Agent finished in 41.93s, returncode=0
[19:55:03] [clawbench_eml-002_qwen3.6-27b_20260520_115415] Agent result: passed=False, score=0.8571
[19:55:03] [eml-002] Result saved to /Volumes/F/work/ClawEvalkit-private-emnlp/outputs/harness/procedure/clawbench-official/qwen3.6-27b/eml-002.json
[19:55:06] [clawbench_eml-004_qwen3.6-27b_20260520_115503] Container started
[19:55:06] [eml-004] Harness detected, timeout adjusted: 180 → 360
[19:55:22]   [container] [setup] 运行 setup.sh: /app/claw-bench/tasks/email/eml-003-count-by-sender/environment/setup.sh
[19:55:22]   [container] [setup] setup.sh 成功
[19:55:22]   [container] [setup] 工作空间文件: ['inbox.json', 'instruction.md']
[19:55:22]   [container] DONE
[19:55:22]   [container-err] Loading weights:   0%|          | 0/103 [00:00<?, ?it/s]
[19:55:22]   [container-err] Loading weights: 100%|██████████| 103/103 [00:00<00:00, 9984.82it/s]
[19:55:22]   [container-err] [1mBertModel LOAD REPORT[0m from: sentence-transformers/all-MiniLM-L6-v2
[19:55:22]   [container-err] Key                     | Status     |  | 
[19:55:22]   [container-err] ------------------------+------------+--+-
[19:55:22]   [container-err] embeddings.position_ids | UNEXPECTED |  | 
[19:55:22]   [container-err] 
[19:55:22]   [container-err] Notes:
[19:55:22]   [container-err] - UNEXPECTED:	can be ignored when loading from different task/architecture; not ok if you expect identical arch.
[19:55:22] [clawbench_eml-003_qwen3.6-27b_20260520_115433] Agent finished in 46.24s, returncode=0
[19:55:22] [clawbench_eml-003_qwen3.6-27b_20260520_115433] Agent result: passed=True, score=1.0000
[19:55:22] [eml-003] Result saved to /Volumes/F/work/ClawEvalkit-private-emnlp/outputs/harness/procedure/clawbench-official/qwen3.6-27b/eml-003.json
[19:55:27] [clawbench_eml-005_qwen3.6-27b_20260520_115522] Container started
[19:55:27] [eml-005] Harness detected, timeout adjusted: 180 → 360
[19:56:12]   [container] [setup] 运行 setup.sh: /app/claw-bench/tasks/email/eml-004-classify-emails/environment/setup.sh
[19:56:12]   [container] [setup] setup.sh 成功
[19:56:12]   [container] [setup] 工作空间文件: ['instruction.md', 'emails.json']
[19:56:12]   [container] DONE
[19:56:12]   [container-err] Loading weights:   0%|          | 0/103 [00:00<?, ?it/s]
[19:56:12]   [container-err] Loading weights: 100%|██████████| 103/103 [00:00<00:00, 14436.54it/s]
[19:56:12]   [container-err] [1mBertModel LOAD REPORT[0m from: sentence-transformers/all-MiniLM-L6-v2
[19:56:12]   [container-err] Key                     | Status     |  | 
[19:56:12]   [container-err] ------------------------+------------+--+-
[19:56:12]   [container-err] embeddings.position_ids | UNEXPECTED |  | 
[19:56:12]   [container-err] 
[19:56:12]   [container-err] Notes:
[19:56:12]   [container-err] - UNEXPECTED:	can be ignored when loading from different task/architecture; not ok if you expect identical arch.
[19:56:12] [clawbench_eml-004_qwen3.6-27b_20260520_115503] Agent finished in 65.82s, returncode=0
[19:56:12] [clawbench_eml-004_qwen3.6-27b_20260520_115503] Agent result: passed=True, score=1.0000
[19:56:12] [eml-004] Result saved to /Volumes/F/work/ClawEvalkit-private-emnlp/outputs/harness/procedure/clawbench-official/qwen3.6-27b/eml-004.json
[19:56:15] [clawbench_eml-006_qwen3.6-27b_20260520_115612] Container started
[19:56:15] [eml-006] Harness detected, timeout adjusted: 180 → 360
[19:57:03]   [container] [setup] 运行 setup.sh: /app/claw-bench/tasks/email/eml-005-extract-action-items/environment/setup.sh
[19:57:03]   [container] [setup] setup.sh 成功
[19:57:03]   [container] [setup] 工作空间文件: ['email_thread.json', 'instruction.md']
[19:57:03]   [container] DONE
[19:57:03]   [container-err] Loading weights:   0%|          | 0/103 [00:00<?, ?it/s]
[19:57:03]   [container-err] Loading weights: 100%|██████████| 103/103 [00:00<00:00, 24775.67it/s]
[19:57:03]   [container-err] [1mBertModel LOAD REPORT[0m from: sentence-transformers/all-MiniLM-L6-v2
[19:57:03]   [container-err] Key                     | Status     |  | 
[19:57:03]   [container-err] ------------------------+------------+--+-
[19:57:03]   [container-err] embeddings.position_ids | UNEXPECTED |  | 
[19:57:03]   [container-err] 
[19:57:03]   [container-err] Notes:
[19:57:03]   [container-err] - UNEXPECTED:	can be ignored when loading from different task/architecture; not ok if you expect identical arch.
[19:57:03] [clawbench_eml-005_qwen3.6-27b_20260520_115522] Agent finished in 96.02s, returncode=0
[19:57:03] [clawbench_eml-005_qwen3.6-27b_20260520_115522] Agent result: passed=True, score=1.0000
[19:57:03] [eml-005] Result saved to /Volumes/F/work/ClawEvalkit-private-emnlp/outputs/harness/procedure/clawbench-official/qwen3.6-27b/eml-005.json
[19:57:07] [clawbench_eml-007_qwen3.6-27b_20260520_115703] Container started
[19:57:07] [eml-007] Harness detected, timeout adjusted: 180 → 360
[19:57:14]   [container] [setup] 运行 setup.sh: /app/claw-bench/tasks/email/eml-006-generate-summary/environment/setup.sh
[19:57:14]   [container] [setup] setup.sh 成功
[19:57:14]   [container] [setup] 工作空间文件: ['long_email.txt', 'instruction.md']
[19:57:14]   [container] DONE
[19:57:14]   [container-err] Loading weights:   0%|          | 0/103 [00:00<?, ?it/s]
[19:57:14]   [container-err] Loading weights: 100%|██████████| 103/103 [00:00<00:00, 23836.53it/s]
[19:57:14]   [container-err] [1mBertModel LOAD REPORT[0m from: sentence-transformers/all-MiniLM-L6-v2
[19:57:14]   [container-err] Key                     | Status     |  | 
[19:57:14]   [container-err] ------------------------+------------+--+-
[19:57:14]   [container-err] embeddings.position_ids | UNEXPECTED |  | 
[19:57:14]   [container-err] 
[19:57:14]   [container-err] Notes:
[19:57:14]   [container-err] - UNEXPECTED:	can be ignored when loading from different task/architecture; not ok if you expect identical arch.
[19:57:14] [clawbench_eml-006_qwen3.6-27b_20260520_115612] Agent finished in 59.41s, returncode=0
[19:57:14] [clawbench_eml-006_qwen3.6-27b_20260520_115612] Agent result: passed=True, score=1.0000
[19:57:15] [eml-006] Result saved to /Volumes/F/work/ClawEvalkit-private-emnlp/outputs/harness/procedure/clawbench-official/qwen3.6-27b/eml-006.json
[19:57:20] [clawbench_eml-008_qwen3.6-27b_20260520_115715] Container started
[19:57:20] [eml-008] Harness detected, timeout adjusted: 180 → 360
[19:57:45]   [container] [setup] 运行 setup.sh: /app/claw-bench/tasks/email/eml-007-filter-sort-inbox/environment/setup.sh
[19:57:45]   [container] [setup] setup.sh 成功
[19:57:45]   [container] [setup] 工作空间文件: ['inbox.json', 'instruction.md']
[19:57:45]   [container] DONE
[19:57:45]   [container-err] Loading weights:   0%|          | 0/103 [00:00<?, ?it/s]
[19:57:45]   [container-err] Loading weights: 100%|██████████| 103/103 [00:00<00:00, 91683.64it/s]
[19:57:45]   [container-err] [1mBertModel LOAD REPORT[0m from: sentence-transformers/all-MiniLM-L6-v2
[19:57:45]   [container-err] Key                     | Status     |  | 
[19:57:45]   [container-err] ------------------------+------------+--+-
[19:57:45]   [container-err] embeddings.position_ids | UNEXPECTED |  | 
[19:57:45]   [container-err] 
[19:57:45]   [container-err] Notes:
[19:57:45]   [container-err] - UNEXPECTED:	can be ignored when loading from different task/architecture; not ok if you expect identical arch.
[19:57:45] [clawbench_eml-007_qwen3.6-27b_20260520_115703] Agent finished in 37.53s, returncode=0
[19:57:45] [clawbench_eml-007_qwen3.6-27b_20260520_115703] Agent result: passed=True, score=1.0000
[19:57:45] [eml-007] Result saved to /Volumes/F/work/ClawEvalkit-private-emnlp/outputs/harness/procedure/clawbench-official/qwen3.6-27b/eml-007.json
[19:57:50] [clawbench_eml-009_qwen3.6-27b_20260520_115745] Container started
[19:57:50] [eml-009] Harness detected, timeout adjusted: 300 → 480
[19:58:21]   [container] [setup] 运行 setup.sh: /app/claw-bench/tasks/email/eml-008-attachment-inventory/environment/setup.sh
[19:58:21]   [container] [setup] setup.sh 成功
[19:58:21]   [container] [setup] 工作空间文件: ['instruction.md']
[19:58:21]   [container] DONE
[19:58:21]   [container-err] Loading weights:   0%|          | 0/103 [00:00<?, ?it/s]
[19:58:21]   [container-err] Loading weights: 100%|██████████| 103/103 [00:00<00:00, 25152.15it/s]
[19:58:21]   [container-err] [1mBertModel LOAD REPORT[0m from: sentence-transformers/all-MiniLM-L6-v2
[19:58:21]   [container-err] Key                     | Status     |  | 
[19:58:21]   [container-err] ------------------------+------------+--+-
[19:58:21]   [container-err] embeddings.position_ids | UNEXPECTED |  | 
[19:58:21]   [container-err] 
[19:58:21]   [container-err] Notes:
[19:58:21]   [container-err] - UNEXPECTED:	can be ignored when loading from different task/architecture; not ok if you expect identical arch.
[19:58:21] [clawbench_eml-008_qwen3.6-27b_20260520_115715] Agent finished in 61.94s, returncode=0
[19:58:22] [clawbench_eml-008_qwen3.6-27b_20260520_115715] Agent result: passed=True, score=1.0000
[19:58:22] [eml-008] Result saved to /Volumes/F/work/ClawEvalkit-private-emnlp/outputs/harness/procedure/clawbench-official/qwen3.6-27b/eml-008.json
[19:58:25] [clawbench_eml-010_qwen3.6-27b_20260520_115822] Container started
[19:58:25] [eml-010] Harness detected, timeout adjusted: 300 → 480
[19:58:58]   [container] [setup] 运行 setup.sh: /app/claw-bench/tasks/email/eml-009-thread-reconstruction/environment/setup.sh
[19:58:58]   [container] [setup] setup.sh 成功
[19:58:58]   [container] [setup] 工作空间文件: ['flat_emails.json', 'instruction.md']
[19:58:58]   [container] DONE
[19:58:58]   [container-err] Loading weights:   0%|          | 0/103 [00:00<?, ?it/s]
[19:58:58]   [container-err] Loading weights: 100%|██████████| 103/103 [00:00<00:00, 12020.07it/s]
[19:58:58]   [container-err] [1mBertModel LOAD REPORT[0m from: sentence-transformers/all-MiniLM-L6-v2
[19:58:58]   [container-err] Key                     | Status     |  | 
[19:58:58]   [container-err] ------------------------+------------+--+-
[19:58:58]   [container-err] embeddings.position_ids | UNEXPECTED |  | 
[19:58:58]   [container-err] 
[19:58:58]   [container-err] Notes:
[19:58:58]   [container-err] - UNEXPECTED:	can be ignored when loading from different task/architecture; not ok if you expect identical arch.
[19:58:58] [clawbench_eml-009_qwen3.6-27b_20260520_115745] Agent finished in 68.00s, returncode=0
[19:58:58] [clawbench_eml-009_qwen3.6-27b_20260520_115745] Agent result: passed=False, score=0.9412
[19:58:58] [eml-009] Result saved to /Volumes/F/work/ClawEvalkit-private-emnlp/outputs/harness/procedure/clawbench-official/qwen3.6-27b/eml-009.json
[19:59:00] [clawbench_eml-011_qwen3.6-27b_20260520_115858] Container started
[19:59:00] [eml-011] Harness detected, timeout adjusted: 300 → 480
[20:00:14]   [container] [setup] 运行 setup.sh: /app/claw-bench/tasks/email/eml-011-analytics-dashboard/environment/setup.sh
[20:00:14]   [container] [setup] setup.sh 成功
[20:00:14]   [container] [setup] 工作空间文件: ['email_archive.json', 'instruction.md']
[20:00:14]   [container] DONE
[20:00:14]   [container-err] Loading weights:   0%|          | 0/103 [00:00<?, ?it/s]
[20:00:14]   [container-err] Loading weights: 100%|██████████| 103/103 [00:00<00:00, 25209.39it/s]
[20:00:14]   [container-err] [1mBertModel LOAD REPORT[0m from: sentence-transformers/all-MiniLM-L6-v2
[20:00:14]   [container-err] Key                     | Status     |  | 
[20:00:14]   [container-err] ------------------------+------------+--+-
[20:00:14]   [container-err] embeddings.position_ids | UNEXPECTED |  | 
[20:00:14]   [container-err] 
[20:00:14]   [container-err] Notes:
[20:00:14]   [container-err] - UNEXPECTED:	can be ignored when loading from different task/architecture; not ok if you expect identical arch.
[20:00:14] [clawbench_eml-011_qwen3.6-27b_20260520_115858] Agent finished in 74.28s, returncode=0
[20:00:15] [clawbench_eml-011_qwen3.6-27b_20260520_115858] Agent result: passed=False, score=0.9474
[20:00:15] [eml-011] Result saved to /Volumes/F/work/ClawEvalkit-private-emnlp/outputs/harness/procedure/clawbench-official/qwen3.6-27b/eml-011.json
[20:00:17] [clawbench_eml-012_qwen3.6-27b_20260520_120015] Container started
[20:00:17] [eml-012] Harness detected, timeout adjusted: 600 → 780
[20:01:06]   [container] [setup] 运行 setup.sh: /app/claw-bench/tasks/email/eml-010-auto-reply-generator/environment/setup.sh
[20:01:06]   [container] [setup] setup.sh 成功
[20:01:06]   [container] [setup] 工作空间文件: ['incoming.json', 'instruction.md', 'rules.json']
[20:01:06]   [container] DONE
[20:01:06]   [container-err] Loading weights:   0%|          | 0/103 [00:00<?, ?it/s]
[20:01:06]   [container-err] Loading weights: 100%|██████████| 103/103 [00:00<00:00, 43743.75it/s]
[20:01:06]   [container-err] [1mBertModel LOAD REPORT[0m from: sentence-transformers/all-MiniLM-L6-v2
[20:01:06]   [container-err] Key                     | Status     |  | 
[20:01:06]   [container-err] ------------------------+------------+--+-
[20:01:06]   [container-err] embeddings.position_ids | UNEXPECTED |  | 
[20:01:06]   [container-err] 
[20:01:06]   [container-err] Notes:
[20:01:06]   [container-err] - UNEXPECTED:	can be ignored when loading from different task/architecture; not ok if you expect identical arch.
[20:01:06] [clawbench_eml-010_qwen3.6-27b_20260520_115822] Agent finished in 161.21s, returncode=0
[20:01:06] [clawbench_eml-010_qwen3.6-27b_20260520_115822] Agent result: passed=False, score=0.9375
[20:01:07] [eml-010] Result saved to /Volumes/F/work/ClawEvalkit-private-emnlp/outputs/harness/procedure/clawbench-official/qwen3.6-27b/eml-010.json
[20:01:10] [clawbench_eml-013_qwen3.6-27b_20260520_120107] Container started
[20:01:10] [eml-013] Harness detected, timeout adjusted: 120 → 300
[20:03:08]   [container] [setup] 运行 setup.sh: /app/claw-bench/tasks/email/eml-013-signature-extractor/environment/setup.sh
[20:03:08]   [container] [setup] setup.sh 成功
[20:03:08]   [container] [setup] 工作空间文件: ['instruction.md', 'emails.txt']
[20:03:08]   [container] DONE
[20:03:08]   [container-err] Loading weights:   0%|          | 0/103 [00:00<?, ?it/s]
[20:03:08]   [container-err] Loading weights: 100%|██████████| 103/103 [00:00<00:00, 25799.54it/s]
[20:03:08]   [container-err] [1mBertModel LOAD REPORT[0m from: sentence-transformers/all-MiniLM-L6-v2
[20:03:08]   [container-err] Key                     | Status     |  | 
[20:03:08]   [container-err] ------------------------+------------+--+-
[20:03:08]   [container-err] embeddings.position_ids | UNEXPECTED |  | 
[20:03:08]   [container-err] 
[20:03:08]   [container-err] Notes:
[20:03:08]   [container-err] - UNEXPECTED:	can be ignored when loading from different task/architecture; not ok if you expect identical arch.
[20:03:08] [clawbench_eml-013_qwen3.6-27b_20260520_120107] Agent finished in 118.27s, returncode=0
[20:03:08] [clawbench_eml-013_qwen3.6-27b_20260520_120107] Agent result: passed=False, score=0.9524
[20:03:09] [eml-013] Result saved to /Volumes/F/work/ClawEvalkit-private-emnlp/outputs/harness/procedure/clawbench-official/qwen3.6-27b/eml-013.json
[20:03:14] [clawbench_eml-014_qwen3.6-27b_20260520_120309] Container started
[20:03:14] [eml-014] Harness detected, timeout adjusted: 180 → 360
[20:03:18]   [container] [setup] 运行 setup.sh: /app/claw-bench/tasks/email/eml-012-complex-workflow/environment/setup.sh
[20:03:18]   [container] [setup] setup.sh 成功
[20:03:18]   [container] [setup] 工作空间文件: ['instruction.md', 'routing_rules.json', 'incoming_batch.json']
[20:03:18]   [container] DONE
[20:03:18]   [container-err] Loading weights:   0%|          | 0/103 [00:00<?, ?it/s]
[20:03:18]   [container-err] Loading weights: 100%|██████████| 103/103 [00:00<00:00, 25490.52it/s]
[20:03:18]   [container-err] [1mBertModel LOAD REPORT[0m from: sentence-transformers/all-MiniLM-L6-v2
[20:03:18]   [container-err] Key                     | Status     |  | 
[20:03:18]   [container-err] ------------------------+------------+--+-
[20:03:18]   [container-err] embeddings.position_ids | UNEXPECTED |  | 
[20:03:18]   [container-err] 
[20:03:18]   [container-err] Notes:
[20:03:18]   [container-err] - UNEXPECTED:	can be ignored when loading from different task/architecture; not ok if you expect identical arch.
[20:03:18] [clawbench_eml-012_qwen3.6-27b_20260520_120015] Agent finished in 180.86s, returncode=0
[20:03:18] [clawbench_eml-012_qwen3.6-27b_20260520_120015] Agent result: passed=True, score=1.0000
[20:03:19] [eml-012] Result saved to /Volumes/F/work/ClawEvalkit-private-emnlp/outputs/harness/procedure/clawbench-official/qwen3.6-27b/eml-012.json
[20:03:25] [clawbench_eml-015_qwen3.6-27b_20260520_120319] Container started
[20:03:25] [eml-015] Harness detected, timeout adjusted: 180 → 360
[20:04:25]   [container] [setup] 运行 setup.sh: /app/claw-bench/tasks/email/eml-014-thread-reconstructor/environment/setup.sh
[20:04:25]   [container] [setup] setup.sh 成功
[20:04:25]   [container] [setup] 工作空间文件: ['instruction.md', 'emails.json']
[20:04:25]   [container] DONE
[20:04:25]   [container-err] Loading weights:   0%|          | 0/103 [00:00<?, ?it/s]
[20:04:25]   [container-err] Loading weights: 100%|██████████| 103/103 [00:00<00:00, 24254.06it/s]
[20:04:25]   [container-err] [1mBertModel LOAD REPORT[0m from: sentence-transformers/all-MiniLM-L6-v2
[20:04:25]   [container-err] Key                     | Status     |  | 
[20:04:25]   [container-err] ------------------------+------------+--+-
[20:04:25]   [container-err] embeddings.position_ids | UNEXPECTED |  | 
[20:04:25]   [container-err] 
[20:04:25]   [container-err] Notes:
[20:04:25]   [container-err] - UNEXPECTED:	can be ignored when loading from different task/architecture; not ok if you expect identical arch.
[20:04:25] [clawbench_eml-014_qwen3.6-27b_20260520_120309] Agent finished in 71.44s, returncode=0
[20:04:25] [clawbench_eml-014_qwen3.6-27b_20260520_120309] Agent result: passed=False, score=0.9565
[20:04:26] [eml-014] Result saved to /Volumes/F/work/ClawEvalkit-private-emnlp/outputs/harness/procedure/clawbench-official/qwen3.6-27b/eml-014.json
[20:04:31] [clawbench_eml-016_qwen3.6-27b_20260520_120426] Container started
[20:04:31] [eml-016] Harness detected, timeout adjusted: 180 → 360
[20:04:45]   [container] [setup] 运行 setup.sh: /app/claw-bench/tasks/email/eml-015-auto-reply-generator/environment/setup.sh
[20:04:45]   [container] [setup] setup.sh 成功
[20:04:45]   [container] [setup] 工作空间文件: ['inbox.json', 'instruction.md', 'rules.yaml', 'rules.json']
[20:04:45]   [container] DONE
[20:04:45]   [container-err] Loading weights:   0%|          | 0/103 [00:00<?, ?it/s]
[20:04:45]   [container-err] Loading weights: 100%|██████████| 103/103 [00:00<00:00, 15525.53it/s]
[20:04:45]   [container-err] [1mBertModel LOAD REPORT[0m from: sentence-transformers/all-MiniLM-L6-v2
[20:04:45]   [container-err] Key                     | Status     |  | 
[20:04:45]   [container-err] ------------------------+------------+--+-
[20:04:45]   [container-err] embeddings.position_ids | UNEXPECTED |  | 
[20:04:45]   [container-err] 
[20:04:45]   [container-err] Notes:
[20:04:45]   [container-err] - UNEXPECTED:	can be ignored when loading from different task/architecture; not ok if you expect identical arch.
[20:04:45] [clawbench_eml-015_qwen3.6-27b_20260520_120319] Agent finished in 79.88s, returncode=0
[20:04:45] [clawbench_eml-015_qwen3.6-27b_20260520_120319] Agent result: passed=False, score=0.9565
[20:04:46] [eml-015] Result saved to /Volumes/F/work/ClawEvalkit-private-emnlp/outputs/harness/procedure/clawbench-official/qwen3.6-27b/eml-015.json
[20:04:49] [clawbench_eml-017_qwen3.6-27b_20260520_120446] Container started
[20:04:49] [eml-017] Harness detected, timeout adjusted: 180 → 360
[20:05:43]   [container] [setup] 运行 setup.sh: /app/claw-bench/tasks/email/eml-016-weekly-digest-generator/environment/setup.sh
[20:05:43]   [container] [setup] setup.sh 成功
[20:05:43]   [container] [setup] 工作空间文件: ['email_01.json', 'email_06.json', 'email_07.json', 'instruction.md', 'email_08.json', 'email_04.json', 'email_05.json', 'email_02.json', 'email_03.json']
[20:05:43]   [container] DONE
[20:05:43]   [container-err] Loading weights:   0%|          | 0/103 [00:00<?, ?it/s]
[20:05:43]   [container-err] Loading weights: 100%|██████████| 103/103 [00:00<00:00, 61522.83it/s]
[20:05:43]   [container-err] [1mBertModel LOAD REPORT[0m from: sentence-transformers/all-MiniLM-L6-v2
[20:05:43]   [container-err] Key                     | Status     |  | 
[20:05:43]   [container-err] ------------------------+------------+--+-
[20:05:43]   [container-err] embeddings.position_ids | UNEXPECTED |  | 
[20:05:43]   [container-err] 
[20:05:43]   [container-err] Notes:
[20:05:43]   [container-err] - UNEXPECTED:	can be ignored when loading from different task/architecture; not ok if you expect identical arch.
[20:05:43] [clawbench_eml-016_qwen3.6-27b_20260520_120426] Agent finished in 71.27s, returncode=0
[20:05:43] [clawbench_eml-016_qwen3.6-27b_20260520_120426] Agent result: passed=True, score=1.0000
[20:05:43] [eml-016] Result saved to /Volumes/F/work/ClawEvalkit-private-emnlp/outputs/harness/procedure/clawbench-official/qwen3.6-27b/eml-016.json
[20:05:45] [clawbench_eml-018_qwen3.6-27b_20260520_120543] Container started
[20:05:45] [eml-018] Harness detected, timeout adjusted: 240 → 420
[20:06:12]   [container] [setup] 运行 setup.sh: /app/claw-bench/tasks/email/eml-017-out-of-office-responder/environment/setup.sh
[20:06:12]   [container] [setup] setup.sh 成功
[20:06:12]   [container] [setup] 工作空间文件: ['incoming_01.json', 'instruction.md', 'ooo_config.json', 'incoming_04.json', 'incoming_02.json', 'incoming_03.json']
[20:06:12]   [container] DONE
[20:06:12]   [container-err] Loading weights:   0%|          | 0/103 [00:00<?, ?it/s]
[20:06:12]   [container-err] Loading weights: 100%|██████████| 103/103 [00:00<00:00, 34237.86it/s]
[20:06:12]   [container-err] [1mBertModel LOAD REPORT[0m from: sentence-transformers/all-MiniLM-L6-v2
[20:06:12]   [container-err] Key                     | Status     |  | 
[20:06:12]   [container-err] ------------------------+------------+--+-
[20:06:12]   [container-err] embeddings.position_ids | UNEXPECTED |  | 
[20:06:12]   [container-err] 
[20:06:12]   [container-err] Notes:
[20:06:12]   [container-err] - UNEXPECTED:	can be ignored when loading from different task/architecture; not ok if you expect identical arch.
[20:06:12] [clawbench_eml-017_qwen3.6-27b_20260520_120446] Agent finished in 83.35s, returncode=0
[20:06:12] [clawbench_eml-017_qwen3.6-27b_20260520_120446] Agent result: passed=True, score=1.0000
[20:06:13] [eml-017] Result saved to /Volumes/F/work/ClawEvalkit-private-emnlp/outputs/harness/procedure/clawbench-official/qwen3.6-27b/eml-017.json
[20:06:17] [clawbench_file-001_qwen3.6-27b_20260520_120613] Container started
[20:06:17] [file-001] Harness detected, timeout adjusted: 120 → 300
[20:07:04]   [container] [setup] 运行 setup.sh: /app/claw-bench/tasks/file-operations/file-001-csv-to-markdown/environment/setup.sh
[20:07:04]   [container] [setup] setup.sh 成功
[20:07:04]   [container] [setup] 工作空间文件: ['sample.csv', 'instruction.md']
[20:07:04]   [container] DONE
[20:07:04]   [container-err] Loading weights:   0%|          | 0/103 [00:00<?, ?it/s]
[20:07:04]   [container-err] Loading weights: 100%|██████████| 103/103 [00:00<00:00, 29746.84it/s]
[20:07:04]   [container-err] [1mBertModel LOAD REPORT[0m from: sentence-transformers/all-MiniLM-L6-v2
[20:07:04]   [container-err] Key                     | Status     |  | 
[20:07:04]   [container-err] ------------------------+------------+--+-
[20:07:04]   [container-err] embeddings.position_ids | UNEXPECTED |  | 
[20:07:04]   [container-err] 
[20:07:04]   [container-err] Notes:
[20:07:04]   [container-err] - UNEXPECTED:	can be ignored when loading from different task/architecture; not ok if you expect identical arch.
[20:07:04] [clawbench_file-001_qwen3.6-27b_20260520_120613] Agent finished in 46.38s, returncode=0
[20:07:04] [clawbench_file-001_qwen3.6-27b_20260520_120613] Agent result: passed=True, score=1.0000
[20:07:04] [file-001] Result saved to /Volumes/F/work/ClawEvalkit-private-emnlp/outputs/harness/procedure/clawbench-official/qwen3.6-27b/file-001.json
[20:07:06]   [container] [setup] 运行 setup.sh: /app/claw-bench/tasks/email/eml-018-expense-receipt-emails/environment/setup.sh
[20:07:06]   [container] [setup] setup.sh 成功
[20:07:06]   [container] [setup] 工作空间文件: ['receipt_04.json', 'receipt_05.json', 'receipt_02.json', 'receipt_03.json', 'instruction.md', 'receipt_01.json', 'receipt_06.json']
[20:07:06]   [container] DONE
[20:07:06]   [container-err] Loading weights:   0%|          | 0/103 [00:00<?, ?it/s]
[20:07:06]   [container-err] Loading weights: 100%|██████████| 103/103 [00:00<00:00, 15589.96it/s]
[20:07:06]   [container-err] [1mBertModel LOAD REPORT[0m from: sentence-transformers/all-MiniLM-L6-v2
[20:07:06]   [container-err] Key                     | Status     |  | 
[20:07:06]   [container-err] ------------------------+------------+--+-
[20:07:06]   [container-err] embeddings.position_ids | UNEXPECTED |  | 
[20:07:06]   [container-err] 
[20:07:06]   [container-err] Notes:
[20:07:06]   [container-err] - UNEXPECTED:	can be ignored when loading from different task/architecture; not ok if you expect identical arch.
[20:07:06] [clawbench_eml-018_qwen3.6-27b_20260520_120543] Agent finished in 80.76s, returncode=0
[20:07:06] [clawbench_eml-018_qwen3.6-27b_20260520_120543] Agent result: passed=True, score=1.0000
[20:07:07] [eml-018] Result saved to /Volumes/F/work/ClawEvalkit-private-emnlp/outputs/harness/procedure/clawbench-official/qwen3.6-27b/eml-018.json
[20:07:07] [clawbench_file-002_qwen3.6-27b_20260520_120704] Container started
[20:07:07] [file-002] Harness detected, timeout adjusted: 120 → 300
[20:07:09] [clawbench_file-003_qwen3.6-27b_20260520_120707] Container started
[20:07:09] [file-003] Harness detected, timeout adjusted: 120 → 300
[20:07:38]   [container] [setup] 运行 setup.sh: /app/claw-bench/tasks/file-operations/file-003-find-and-replace/environment/setup.sh
[20:07:38]   [container] [setup] setup.sh 成功
[20:07:38]   [container] [setup] 工作空间文件: ['instruction.md', 'input.txt']
[20:07:38]   [container] DONE
[20:07:38]   [container-err] Loading weights:   0%|          | 0/103 [00:00<?, ?it/s]
[20:07:38]   [container-err] Loading weights: 100%|██████████| 103/103 [00:00<00:00, 21237.50it/s]
[20:07:38]   [container-err] [1mBertModel LOAD REPORT[0m from: sentence-transformers/all-MiniLM-L6-v2
[20:07:38]   [container-err] Key                     | Status     |  | 
[20:07:38]   [container-err] ------------------------+------------+--+-
[20:07:38]   [container-err] embeddings.position_ids | UNEXPECTED |  | 
[20:07:38]   [container-err] 
[20:07:38]   [container-err] Notes:
[20:07:38]   [container-err] - UNEXPECTED:	can be ignored when loading from different task/architecture; not ok if you expect identical arch.
[20:07:38] [clawbench_file-003_qwen3.6-27b_20260520_120707] Agent finished in 28.81s, returncode=0
[20:07:38] [clawbench_file-003_qwen3.6-27b_20260520_120707] Agent result: passed=True, score=1.0000
[20:07:38] [file-003] Result saved to /Volumes/F/work/ClawEvalkit-private-emnlp/outputs/harness/procedure/clawbench-official/qwen3.6-27b/file-003.json
[20:07:41] [clawbench_file-004_qwen3.6-27b_20260520_120738] Container started
[20:07:41] [file-004] Harness detected, timeout adjusted: 120 → 300
[20:08:07]   [container] [setup] 运行 setup.sh: /app/claw-bench/tasks/file-operations/file-002-csv-to-json/environment/setup.sh
[20:08:07]   [container] [setup] setup.sh 成功
[20:08:07]   [container] [setup] 工作空间文件: ['data.csv', 'instruction.md']
[20:08:07]   [container] DONE
[20:08:07]   [container-err] Loading weights:   0%|          | 0/103 [00:00<?, ?it/s]
[20:08:07]   [container-err] Loading weights: 100%|██████████| 103/103 [00:00<00:00, 74523.60it/s]
[20:08:07]   [container-err] [1mBertModel LOAD REPORT[0m from: sentence-transformers/all-MiniLM-L6-v2
[20:08:07]   [container-err] Key                     | Status     |  | 
[20:08:07]   [container-err] ------------------------+------------+--+-
[20:08:07]   [container-err] embeddings.position_ids | UNEXPECTED |  | 
[20:08:07]   [container-err] 
[20:08:07]   [container-err] Notes:
[20:08:07]   [container-err] - UNEXPECTED:	can be ignored when loading from different task/architecture; not ok if you expect identical arch.
[20:08:07] [clawbench_file-002_qwen3.6-27b_20260520_120704] Agent finished in 59.59s, returncode=0
[20:08:07] [clawbench_file-002_qwen3.6-27b_20260520_120704] Agent result: passed=True, score=1.0000
[20:08:08] [file-002] Result saved to /Volumes/F/work/ClawEvalkit-private-emnlp/outputs/harness/procedure/clawbench-official/qwen3.6-27b/file-002.json
[20:08:12] [clawbench_file-005_qwen3.6-27b_20260520_120808] Container started
[20:08:12] [file-005] Harness detected, timeout adjusted: 120 → 300
[20:08:13]   [container] [setup] 运行 setup.sh: /app/claw-bench/tasks/file-operations/file-004-sort-lines/environment/setup.sh
[20:08:13]   [container] [setup] setup.sh 成功
[20:08:13]   [container] [setup] 工作空间文件: ['names.txt', 'instruction.md']
[20:08:13]   [container] DONE
[20:08:13]   [container-err] Loading weights:   0%|          | 0/103 [00:00<?, ?it/s]
[20:08:13]   [container-err] Loading weights: 100%|██████████| 103/103 [00:00<00:00, 10448.48it/s]
[20:08:13]   [container-err] [1mBertModel LOAD REPORT[0m from: sentence-transformers/all-MiniLM-L6-v2
[20:08:13]   [container-err] Key                     | Status     |  | 
[20:08:13]   [container-err] ------------------------+------------+--+-
[20:08:13]   [container-err] embeddings.position_ids | UNEXPECTED |  | 
[20:08:13]   [container-err] 
[20:08:13]   [container-err] Notes:
[20:08:13]   [container-err] - UNEXPECTED:	can be ignored when loading from different task/architecture; not ok if you expect identical arch.
[20:08:13] [clawbench_file-004_qwen3.6-27b_20260520_120738] Agent finished in 31.99s, returncode=0
[20:08:13] [clawbench_file-004_qwen3.6-27b_20260520_120738] Agent result: passed=True, score=1.0000
[20:08:14] [file-004] Result saved to /Volumes/F/work/ClawEvalkit-private-emnlp/outputs/harness/procedure/clawbench-official/qwen3.6-27b/file-004.json
[20:08:18] [clawbench_file-006_qwen3.6-27b_20260520_120814] Container started
[20:08:18] [file-006] Harness detected, timeout adjusted: 120 → 300
[20:08:49]   [container] [setup] 运行 setup.sh: /app/claw-bench/tasks/file-operations/file-006-extract-emails/environment/setup.sh
[20:08:49]   [container] [setup] setup.sh 成功
[20:08:49]   [container] [setup] 工作空间文件: ['document.txt', 'instruction.md']
[20:08:49]   [container] DONE
[20:08:49]   [container-err] Loading weights:   0%|          | 0/103 [00:00<?, ?it/s]
[20:08:49]   [container-err] Loading weights: 100%|██████████| 103/103 [00:00<00:00, 28325.03it/s]
[20:08:49]   [container-err] [1mBertModel LOAD REPORT[0m from: sentence-transformers/all-MiniLM-L6-v2
[20:08:49]   [container-err] Key                     | Status     |  | 
[20:08:49]   [container-err] ------------------------+------------+--+-
[20:08:49]   [container-err] embeddings.position_ids | UNEXPECTED |  | 
[20:08:49]   [container-err] 
[20:08:49]   [container-err] Notes:
[20:08:49]   [container-err] - UNEXPECTED:	can be ignored when loading from different task/architecture; not ok if you expect identical arch.
[20:08:49] [clawbench_file-006_qwen3.6-27b_20260520_120814] Agent finished in 30.90s, returncode=0
[20:08:49] [clawbench_file-006_qwen3.6-27b_20260520_120814] Agent result: passed=True, score=1.0000
[20:08:50] [file-006] Result saved to /Volumes/F/work/ClawEvalkit-private-emnlp/outputs/harness/procedure/clawbench-official/qwen3.6-27b/file-006.json
[20:08:53] [clawbench_file-007_qwen3.6-27b_20260520_120850] Container started
[20:08:53] [file-007] Harness detected, timeout adjusted: 120 → 300
[20:09:04]   [container] [setup] 运行 setup.sh: /app/claw-bench/tasks/file-operations/file-005-merge-files/environment/setup.sh
[20:09:04]   [container] [setup] setup.sh 成功
[20:09:04]   [container] [setup] 工作空间文件: ['instruction.md', 'part2.txt', 'part3.txt', 'part1.txt']
[20:09:04]   [container] DONE
[20:09:04]   [container-err] Loading weights:   0%|          | 0/103 [00:00<?, ?it/s]
[20:09:04]   [container-err] Loading weights: 100%|██████████| 103/103 [00:00<00:00, 26200.09it/s]
[20:09:04]   [container-err] [1mBertModel LOAD REPORT[0m from: sentence-transformers/all-MiniLM-L6-v2
[20:09:04]   [container-err] Key                     | Status     |  | 
[20:09:04]   [container-err] ------------------------+------------+--+-
[20:09:04]   [container-err] embeddings.position_ids | UNEXPECTED |  | 
[20:09:04]   [container-err] 
[20:09:04]   [container-err] Notes:
[20:09:04]   [container-err] - UNEXPECTED:	can be ignored when loading from different task/architecture; not ok if you expect identical arch.
[20:09:04] [clawbench_file-005_qwen3.6-27b_20260520_120808] Agent finished in 52.34s, returncode=0
[20:09:04] [clawbench_file-005_qwen3.6-27b_20260520_120808] Agent result: passed=True, score=1.0000
[20:09:05] [file-005] Result saved to /Volumes/F/work/ClawEvalkit-private-emnlp/outputs/harness/procedure/clawbench-official/qwen3.6-27b/file-005.json
[20:09:10] [clawbench_file-008_qwen3.6-27b_20260520_120905] Container started
[20:09:10] [file-008] Harness detected, timeout adjusted: 120 → 300
[20:09:15]   [container] [setup] 运行 setup.sh: /app/claw-bench/tasks/file-operations/file-007-json-to-yaml/environment/setup.sh
[20:09:15]   [container] [setup] setup.sh 成功
[20:09:15]   [container] [setup] 工作空间文件: ['config.json', 'instruction.md']
[20:09:15]   [container] DONE
[20:09:15]   [container-err] Loading weights:   0%|          | 0/103 [00:00<?, ?it/s]
[20:09:15]   [container-err] Loading weights: 100%|██████████| 103/103 [00:00<00:00, 9952.85it/s]
[20:09:15]   [container-err] [1mBertModel LOAD REPORT[0m from: sentence-transformers/all-MiniLM-L6-v2
[20:09:15]   [container-err] Key                     | Status     |  | 
[20:09:15]   [container-err] ------------------------+------------+--+-
[20:09:15]   [container-err] embeddings.position_ids | UNEXPECTED |  | 
[20:09:15]   [container-err] 
[20:09:15]   [container-err] Notes:
[20:09:15]   [container-err] - UNEXPECTED:	can be ignored when loading from different task/architecture; not ok if you expect identical arch.
[20:09:15] [clawbench_file-007_qwen3.6-27b_20260520_120850] Agent finished in 21.88s, returncode=0
[20:09:15] [clawbench_file-007_qwen3.6-27b_20260520_120850] Agent result: passed=True, score=1.0000
[20:09:16] [file-007] Result saved to /Volumes/F/work/ClawEvalkit-private-emnlp/outputs/harness/procedure/clawbench-official/qwen3.6-27b/file-007.json
[20:09:20] [clawbench_file-009_qwen3.6-27b_20260520_120916] Container started
[20:09:20] [file-009] Harness detected, timeout adjusted: 120 → 300
[20:09:40]   [container] [setup] 运行 setup.sh: /app/claw-bench/tasks/file-operations/file-008-deduplicate-lines/environment/setup.sh
[20:09:40]   [container] [setup] setup.sh 成功
[20:09:40]   [container] [setup] 工作空间文件: ['instruction.md', 'data.txt']
[20:09:40]   [container] DONE
[20:09:40]   [container-err] Loading weights:   0%|          | 0/103 [00:00<?, ?it/s]
[20:09:40]   [container-err] Loading weights: 100%|██████████| 103/103 [00:00<00:00, 37740.31it/s]
[20:09:40]   [container-err] [1mBertModel LOAD REPORT[0m from: sentence-transformers/all-MiniLM-L6-v2
[20:09:40]   [container-err] Key                     | Status     |  | 
[20:09:40]   [container-err] ------------------------+------------+--+-
[20:09:40]   [container-err] embeddings.position_ids | UNEXPECTED |  | 
[20:09:40]   [container-err] 
[20:09:40]   [container-err] Notes:
[20:09:40]   [container-err] - UNEXPECTED:	can be ignored when loading from different task/architecture; not ok if you expect identical arch.
[20:09:40] [clawbench_file-008_qwen3.6-27b_20260520_120905] Agent finished in 29.61s, returncode=0
[20:09:40] [clawbench_file-008_qwen3.6-27b_20260520_120905] Agent result: passed=True, score=1.0000
[20:09:41] [file-008] Result saved to /Volumes/F/work/ClawEvalkit-private-emnlp/outputs/harness/procedure/clawbench-official/qwen3.6-27b/file-008.json
[20:09:44] [clawbench_file-010_qwen3.6-27b_20260520_120941] Container started
[20:09:44] [file-010] Harness detected, timeout adjusted: 120 → 300
[20:09:57]   [container] [setup] 运行 setup.sh: /app/claw-bench/tasks/file-operations/file-009-word-frequency/environment/setup.sh
[20:09:57]   [container] [setup] setup.sh 成功
[20:09:57]   [container] [setup] 工作空间文件: ['instruction.md', 'article.txt']
[20:09:57]   [container] DONE
[20:09:57]   [container-err] Loading weights:   0%|          | 0/103 [00:00<?, ?it/s]
[20:09:57]   [container-err] Loading weights: 100%|██████████| 103/103 [00:00<00:00, 21009.26it/s]
[20:09:57]   [container-err] [1mBertModel LOAD REPORT[0m from: sentence-transformers/all-MiniLM-L6-v2
[20:09:57]   [container-err] Key                     | Status     |  | 
[20:09:57]   [container-err] ------------------------+------------+--+-
[20:09:57]   [container-err] embeddings.position_ids | UNEXPECTED |  | 
[20:09:57]   [container-err] 
[20:09:57]   [container-err] Notes:
[20:09:57]   [container-err] - UNEXPECTED:	can be ignored when loading from different task/architecture; not ok if you expect identical arch.
[20:09:57] [clawbench_file-009_qwen3.6-27b_20260520_120916] Agent finished in 37.17s, returncode=0
[20:09:57] [clawbench_file-009_qwen3.6-27b_20260520_120916] Agent result: passed=True, score=1.0000
[20:09:59] [file-009] Result saved to /Volumes/F/work/ClawEvalkit-private-emnlp/outputs/harness/procedure/clawbench-official/qwen3.6-27b/file-009.json
[20:10:04] [clawbench_file-011_qwen3.6-27b_20260520_120959] Container started
[20:10:04] [file-011] Harness detected, timeout adjusted: 120 → 300
[20:10:06]   [container] [setup] 运行 setup.sh: /app/claw-bench/tasks/file-operations/file-010-directory-tree/environment/setup.sh
[20:10:06]   [container] [setup] setup.sh 成功
[20:10:06]   [container] [setup] 工作空间文件: ['instruction.md']
[20:10:06]   [container] DONE
[20:10:06]   [container-err] Loading weights:   0%|          | 0/103 [00:00<?, ?it/s]
[20:10:06]   [container-err] Loading weights: 100%|██████████| 103/103 [00:00<00:00, 32445.61it/s]
[20:10:06]   [container-err] [1mBertModel LOAD REPORT[0m from: sentence-transformers/all-MiniLM-L6-v2
[20:10:06]   [container-err] Key                     | Status     |  | 
[20:10:06]   [container-err] ------------------------+------------+--+-
[20:10:06]   [container-err] embeddings.position_ids | UNEXPECTED |  | 
[20:10:06]   [container-err] 
[20:10:06]   [container-err] Notes:
[20:10:06]   [container-err] - UNEXPECTED:	can be ignored when loading from different task/architecture; not ok if you expect identical arch.
[20:10:06] [clawbench_file-010_qwen3.6-27b_20260520_120941] Agent finished in 22.48s, returncode=0
[20:10:06] [clawbench_file-010_qwen3.6-27b_20260520_120941] Agent result: passed=True, score=0.7857
[20:10:07] [file-010] Result saved to /Volumes/F/work/ClawEvalkit-private-emnlp/outputs/harness/procedure/clawbench-official/qwen3.6-27b/file-010.json
[20:10:11] [clawbench_file-012_qwen3.6-27b_20260520_121007] Container started
[20:10:11] [file-012] Harness detected, timeout adjusted: 120 → 300
[20:10:33]   [container] [setup] 运行 setup.sh: /app/claw-bench/tasks/file-operations/file-012-csv-stats/environment/setup.sh
[20:10:33]   [container] [setup] setup.sh 成功
[20:10:33]   [container] [setup] 工作空间文件: ['instruction.md', 'sales.csv']
[20:10:33]   [container] DONE
[20:10:33]   [container-err] Loading weights:   0%|          | 0/103 [00:00<?, ?it/s]
[20:10:33]   [container-err] Loading weights: 100%|██████████| 103/103 [00:00<00:00, 23049.32it/s]
[20:10:33]   [container-err] [1mBertModel LOAD REPORT[0m from: sentence-transformers/all-MiniLM-L6-v2
[20:10:33]   [container-err] Key                     | Status     |  | 
[20:10:33]   [container-err] ------------------------+------------+--+-
[20:10:33]   [container-err] embeddings.position_ids | UNEXPECTED |  | 
[20:10:33]   [container-err] 
[20:10:33]   [container-err] Notes:
[20:10:33]   [container-err] - UNEXPECTED:	can be ignored when loading from different task/architecture; not ok if you expect identical arch.
[20:10:33] [clawbench_file-012_qwen3.6-27b_20260520_121007] Agent finished in 21.80s, returncode=0
[20:10:33] [clawbench_file-012_qwen3.6-27b_20260520_121007] Agent result: passed=True, score=1.0000
[20:10:34] [file-012] Result saved to /Volumes/F/work/ClawEvalkit-private-emnlp/outputs/harness/procedure/clawbench-official/qwen3.6-27b/file-012.json
[20:10:37] [clawbench_file-013_qwen3.6-27b_20260520_121034] Container started
[20:10:37] [file-013] Harness detected, timeout adjusted: 120 → 300
[20:10:58]   [container] [setup] 运行 setup.sh: /app/claw-bench/tasks/file-operations/file-011-log-filtering/environment/setup.sh
[20:10:58]   [container] [setup] setup.sh 失败 (rc=1)
[20:10:58]   [container] [setup] stderr: cp: cannot stat '/app/claw-bench/tasks/file-operations/file-011-log-filtering/environment/data/app.log': No such file or directory
[20:10:58]   [container] 
[20:10:58]   [container] [setup] 重试 (bash -x) ...
[20:10:58]   [container] [setup] 重试也失败 (rc=1)
[20:10:58]   [container] [setup] stderr: + set -euo pipefail
[20:10:58]   [container] +++ dirname /app/claw-bench/tasks/file-operations/file-011-log-filtering/environment/setup.sh
[20:10:58]   [container] ++ cd /app/claw-bench/tasks/file-operations/file-011-log-filtering/environment/..
[20:10:58]   [container] ++ pwd
[20:10:58]   [container] + TASK_DIR=/app/claw-bench/tasks/file-operations/file-011-log-filtering
[20:10:58]   [container] + WORKSPACE=/tmp/clawbench_workspace
[20:10:58]   [container] + mkdir -p /tmp/clawbench_workspace
[20:10:58]   [container] + cp /app/claw-bench/tasks/file-operations/file-011-log-filtering/environment/data/app.log /tmp/clawbench_workspace/app.log
[20:10:58]   [container] cp: cannot stat '/app/claw-bench/tasks/file-operations/file-011-log-filtering/environment/data/app.log': No such file or directory
[20:10:58]   [container] 
[20:10:58]   [container] [setup] 工作空间文件: ['instruction.md']
[20:10:58]   [container] DONE
[20:10:58]   [container-err] Loading weights:   0%|          | 0/103 [00:00<?, ?it/s]
[20:10:58]   [container-err] Loading weights: 100%|██████████| 103/103 [00:00<00:00, 31765.68it/s]
[20:10:58]   [container-err] [1mBertModel LOAD REPORT[0m from: sentence-transformers/all-MiniLM-L6-v2
[20:10:58]   [container-err] Key                     | Status     |  | 
[20:10:58]   [container-err] ------------------------+------------+--+-
[20:10:58]   [container-err] embeddings.position_ids | UNEXPECTED |  | 
[20:10:58]   [container-err] 
[20:10:58]   [container-err] Notes:
[20:10:58]   [container-err] - UNEXPECTED:	can be ignored when loading from different task/architecture; not ok if you expect identical arch.
[20:10:58] [clawbench_file-011_qwen3.6-27b_20260520_120959] Agent finished in 53.93s, returncode=0
[20:10:58] [clawbench_file-011_qwen3.6-27b_20260520_120959] Agent result: passed=False, score=0.6923
[20:10:58] [file-011] Result saved to /Volumes/F/work/ClawEvalkit-private-emnlp/outputs/harness/procedure/clawbench-official/qwen3.6-27b/file-011.json
[20:11:05] [clawbench_file-014_qwen3.6-27b_20260520_121058] Container started
[20:11:05] [file-014] Harness detected, timeout adjusted: 120 → 300
[20:11:07]   [container] [setup] 运行 setup.sh: /app/claw-bench/tasks/file-operations/file-013-multi-file-search/environment/setup.sh
[20:11:07]   [container] [setup] setup.sh 成功
[20:11:07]   [container] [setup] 工作空间文件: ['backlog.txt', 'design.txt', 'instruction.md', 'meeting_notes.txt', 'api_notes.txt', 'changelog.txt']
[20:11:07]   [container] DONE
[20:11:07]   [container-err] Loading weights:   0%|          | 0/103 [00:00<?, ?it/s]
[20:11:07]   [container-err] Loading weights: 100%|██████████| 103/103 [00:00<00:00, 21065.60it/s]
[20:11:07]   [container-err] [1mBertModel LOAD REPORT[0m from: sentence-transformers/all-MiniLM-L6-v2
[20:11:07]   [container-err] Key                     | Status     |  | 
[20:11:07]   [container-err] ------------------------+------------+--+-
[20:11:07]   [container-err] embeddings.position_ids | UNEXPECTED |  | 
[20:11:07]   [container-err] 
[20:11:07]   [container-err] Notes:
[20:11:07]   [container-err] - UNEXPECTED:	can be ignored when loading from different task/architecture; not ok if you expect identical arch.
[20:11:07] [clawbench_file-013_qwen3.6-27b_20260520_121034] Agent finished in 29.75s, returncode=0
[20:11:07] [clawbench_file-013_qwen3.6-27b_20260520_121034] Agent result: passed=False, score=0.9286
[20:11:07] [file-013] Result saved to /Volumes/F/work/ClawEvalkit-private-emnlp/outputs/harness/procedure/clawbench-official/qwen3.6-27b/file-013.json
[20:11:12] [clawbench_file-015_qwen3.6-27b_20260520_121107] Container started
[20:11:12] [file-015] Harness detected, timeout adjusted: 180 → 360
[20:11:48]   [container] [setup] 运行 setup.sh: /app/claw-bench/tasks/file-operations/file-015-data-pipeline/environment/setup.sh
[20:11:48]   [container] [setup] setup.sh 成功
[20:11:48]   [container] [setup] 工作空间文件: ['instruction.md', 'raw_data.csv']
[20:11:48]   [container] DONE
[20:11:48]   [container-err] Loading weights:   0%|          | 0/103 [00:00<?, ?it/s]
[20:11:48]   [container-err] Loading weights: 100%|██████████| 103/103 [00:00<00:00, 27539.57it/s]
[20:11:48]   [container-err] [1mBertModel LOAD REPORT[0m from: sentence-transformers/all-MiniLM-L6-v2
[20:11:48]   [container-err] Key                     | Status     |  | 
[20:11:48]   [container-err] ------------------------+------------+--+-
[20:11:48]   [container-err] embeddings.position_ids | UNEXPECTED |  | 
[20:11:48]   [container-err] 
[20:11:48]   [container-err] Notes:
[20:11:48]   [container-err] - UNEXPECTED:	can be ignored when loading from different task/architecture; not ok if you expect identical arch.
[20:11:48] [clawbench_file-015_qwen3.6-27b_20260520_121107] Agent finished in 35.72s, returncode=0
[20:11:48] [clawbench_file-015_qwen3.6-27b_20260520_121107] Agent result: passed=True, score=1.0000
[20:11:48] [file-015] Result saved to /Volumes/F/work/ClawEvalkit-private-emnlp/outputs/harness/procedure/clawbench-official/qwen3.6-27b/file-015.json
[20:11:52] [clawbench_fin-001-portfolio-beta_qwen3.6-27b_20260520_121148] Container started
[20:11:52] [fin-001-portfolio-beta] Harness detected, timeout adjusted: 3600 → 3780
[20:11:54]   [container] [setup] 运行 setup.sh: /app/claw-bench/tasks/file-operations/file-014-file-diff/environment/setup.sh
[20:11:54]   [container] [setup] setup.sh 成功
[20:11:54]   [container] [setup] 工作空间文件: ['original.txt', 'instruction.md', 'modified.txt']
[20:11:54]   [container] DONE
[20:11:54]   [container-err] Loading weights:   0%|          | 0/103 [00:00<?, ?it/s]
[20:11:54]   [container-err] Loading weights: 100%|██████████| 103/103 [00:00<00:00, 22476.11it/s]
[20:11:54]   [container-err] [1mBertModel LOAD REPORT[0m from: sentence-transformers/all-MiniLM-L6-v2
[20:11:54]   [container-err] Key                     | Status     |  | 
[20:11:54]   [container-err] ------------------------+------------+--+-
[20:11:54]   [container-err] embeddings.position_ids | UNEXPECTED |  | 
[20:11:54]   [container-err] 
[20:11:54]   [container-err] Notes:
[20:11:54]   [container-err] - UNEXPECTED:	can be ignored when loading from different task/architecture; not ok if you expect identical arch.
[20:11:54] [clawbench_file-014_qwen3.6-27b_20260520_121058] Agent finished in 49.21s, returncode=0
[20:11:54] [clawbench_file-014_qwen3.6-27b_20260520_121058] Agent result: passed=True, score=1.0000
[20:11:55] [file-014] Result saved to /Volumes/F/work/ClawEvalkit-private-emnlp/outputs/harness/procedure/clawbench-official/qwen3.6-27b/file-014.json
[20:11:59] [clawbench_fin-002-dcf-valuation_qwen3.6-27b_20260520_121155] Container started
[20:11:59] [fin-002-dcf-valuation] Harness detected, timeout adjusted: 3600 → 3780
[20:12:48]   [container] [setup] 运行 setup.sh: /app/claw-bench/tasks/financial-analysis/fin-001-portfolio-beta/environment/setup.sh
[20:12:48]   [container] [setup] setup.sh 成功
[20:12:48]   [container] [setup] 工作空间文件: ['stock_returns.csv', 'instruction.md']
[20:12:48]   [container] DONE
[20:12:48]   [container-err] Loading weights:   0%|          | 0/103 [00:00<?, ?it/s]
[20:12:48]   [container-err] Loading weights: 100%|██████████| 103/103 [00:00<00:00, 33290.69it/s]
[20:12:48]   [container-err] [1mBertModel LOAD REPORT[0m from: sentence-transformers/all-MiniLM-L6-v2
[20:12:48]   [container-err] Key                     | Status     |  | 
[20:12:48]   [container-err] ------------------------+------------+--+-
[20:12:48]   [container-err] embeddings.position_ids | UNEXPECTED |  | 
[20:12:48]   [container-err] 
[20:12:48]   [container-err] Notes:
[20:12:48]   [container-err] - UNEXPECTED:	can be ignored when loading from different task/architecture; not ok if you expect identical arch.
[20:12:48] [clawbench_fin-001-portfolio-beta_qwen3.6-27b_20260520_121148] Agent finished in 55.48s, returncode=0
[20:12:48] [clawbench_fin-001-portfolio-beta_qwen3.6-27b_20260520_121148] Agent result: passed=True, score=1.0000
[20:12:48] [fin-001-portfolio-beta] Result saved to /Volumes/F/work/ClawEvalkit-private-emnlp/outputs/harness/procedure/clawbench-official/qwen3.6-27b/fin-001-portfolio-beta.json
[20:12:52] [clawbench_fin-003-risk-metrics_qwen3.6-27b_20260520_121248] Container started
[20:12:52] [fin-003-risk-metrics] Harness detected, timeout adjusted: 3600 → 3780
[20:13:21]   [container] [setup] 运行 setup.sh: /app/claw-bench/tasks/financial-analysis/fin-002-dcf-valuation/environment/setup.sh
[20:13:21]   [container] [setup] setup.sh 成功
[20:13:21]   [container] [setup] 工作空间文件: ['instruction.md', 'financials.csv']
[20:13:21]   [container] DONE
[20:13:21]   [container-err] Loading weights:   0%|          | 0/103 [00:00<?, ?it/s]
[20:13:21]   [container-err] Loading weights: 100%|██████████| 103/103 [00:00<00:00, 24943.03it/s]
[20:13:21]   [container-err] [1mBertModel LOAD REPORT[0m from: sentence-transformers/all-MiniLM-L6-v2
[20:13:21]   [container-err] Key                     | Status     |  | 
[20:13:21]   [container-err] ------------------------+------------+--+-
[20:13:21]   [container-err] embeddings.position_ids | UNEXPECTED |  | 
[20:13:21]   [container-err] 
[20:13:21]   [container-err] Notes:
[20:13:21]   [container-err] - UNEXPECTED:	can be ignored when loading from different task/architecture; not ok if you expect identical arch.
[20:13:21] [clawbench_fin-002-dcf-valuation_qwen3.6-27b_20260520_121155] Agent finished in 81.84s, returncode=0
[20:13:21] [clawbench_fin-002-dcf-valuation_qwen3.6-27b_20260520_121155] Agent result: passed=True, score=1.0000
[20:13:21] [fin-002-dcf-valuation] Result saved to /Volumes/F/work/ClawEvalkit-private-emnlp/outputs/harness/procedure/clawbench-official/qwen3.6-27b/fin-002-dcf-valuation.json
[20:13:26] [clawbench_fin-004-earnings-report_qwen3.6-27b_20260520_121321] Container started
[20:13:26] [fin-004-earnings-report] Harness detected, timeout adjusted: 3600 → 3780
[20:13:27]   [container] [setup] 运行 setup.sh: /app/claw-bench/tasks/financial-analysis/fin-003-risk-metrics/environment/setup.sh
[20:13:27]   [container] [setup] setup.sh 成功
[20:13:27]   [container] [setup] 工作空间文件: ['portfolio_returns.csv', 'instruction.md']
[20:13:27]   [container] DONE
[20:13:27]   [container-err] Loading weights:   0%|          | 0/103 [00:00<?, ?it/s]
[20:13:27]   [container-err] Loading weights: 100%|██████████| 103/103 [00:00<00:00, 45001.39it/s]
[20:13:27]   [container-err] [1mBertModel LOAD REPORT[0m from: sentence-transformers/all-MiniLM-L6-v2
[20:13:27]   [container-err] Key                     | Status     |  | 
[20:13:27]   [container-err] ------------------------+------------+--+-
[20:13:27]   [container-err] embeddings.position_ids | UNEXPECTED |  | 
[20:13:27]   [container-err] 
[20:13:27]   [container-err] Notes:
[20:13:27]   [container-err] - UNEXPECTED:	can be ignored when loading from different task/architecture; not ok if you expect identical arch.
[20:13:27] [clawbench_fin-003-risk-metrics_qwen3.6-27b_20260520_121248] Agent finished in 34.79s, returncode=0
[20:13:27] [clawbench_fin-003-risk-metrics_qwen3.6-27b_20260520_121248] Agent result: passed=True, score=1.0000
[20:13:27] [fin-003-risk-metrics] Result saved to /Volumes/F/work/ClawEvalkit-private-emnlp/outputs/harness/procedure/clawbench-official/qwen3.6-27b/fin-003-risk-metrics.json
[20:13:30] [clawbench_fin-005-forex-arbitrage_qwen3.6-27b_20260520_121327] Container started
[20:13:30] [fin-005-forex-arbitrage] Harness detected, timeout adjusted: 3600 → 3780
[20:13:58]   [container] [setup] 运行 setup.sh: /app/claw-bench/tasks/financial-analysis/fin-005-forex-arbitrage/environment/setup.sh
[20:13:58]   [container] [setup] setup.sh 成功
[20:13:58]   [container] [setup] 工作空间文件: ['exchange_rates.csv', 'instruction.md']
[20:13:58]   [container] DONE
[20:13:58]   [container-err] Loading weights:   0%|          | 0/103 [00:00<?, ?it/s]
[20:13:58]   [container-err] Loading weights: 100%|██████████| 103/103 [00:00<00:00, 36178.99it/s]
[20:13:58]   [container-err] [1mBertModel LOAD REPORT[0m from: sentence-transformers/all-MiniLM-L6-v2
[20:13:58]   [container-err] Key                     | Status     |  | 
[20:13:58]   [container-err] ------------------------+------------+--+-
[20:13:58]   [container-err] embeddings.position_ids | UNEXPECTED |  | 
[20:13:58]   [container-err] 
[20:13:58]   [container-err] Notes:
[20:13:58]   [container-err] - UNEXPECTED:	can be ignored when loading from different task/architecture; not ok if you expect identical arch.
[20:13:58] [clawbench_fin-005-forex-arbitrage_qwen3.6-27b_20260520_121327] Agent finished in 28.03s, returncode=0
[20:13:58] [clawbench_fin-005-forex-arbitrage_qwen3.6-27b_20260520_121327] Agent result: passed=True, score=1.0000
[20:13:59] [fin-005-forex-arbitrage] Result saved to /Volumes/F/work/ClawEvalkit-private-emnlp/outputs/harness/procedure/clawbench-official/qwen3.6-27b/fin-005-forex-arbitrage.json
[20:14:03] [clawbench_fin-006_qwen3.6-27b_20260520_121359] Container started
[20:14:03] [fin-006] Harness detected, timeout adjusted: 300 → 480
[20:14:05]   [container] [setup] 运行 setup.sh: /app/claw-bench/tasks/financial-analysis/fin-004-earnings-report/environment/setup.sh
[20:14:05]   [container] [setup] setup.sh 成功
[20:14:05]   [container] [setup] 工作空间文件: ['earnings_q2.txt', 'earnings_q1.txt', 'instruction.md']
[20:14:05]   [container] DONE
[20:14:05]   [container-err] Loading weights:   0%|          | 0/103 [00:00<?, ?it/s]
[20:14:05]   [container-err] Loading weights: 100%|██████████| 103/103 [00:00<00:00, 38832.66it/s]
[20:14:05]   [container-err] [1mBertModel LOAD REPORT[0m from: sentence-transformers/all-MiniLM-L6-v2
[20:14:05]   [container-err] Key                     | Status     |  | 
[20:14:05]   [container-err] ------------------------+------------+--+-
[20:14:05]   [container-err] embeddings.position_ids | UNEXPECTED |  | 
[20:14:05]   [container-err] 
[20:14:05]   [container-err] Notes:
[20:14:05]   [container-err] - UNEXPECTED:	can be ignored when loading from different task/architecture; not ok if you expect identical arch.
[20:14:05] [clawbench_fin-004-earnings-report_qwen3.6-27b_20260520_121321] Agent finished in 39.53s, returncode=0
[20:14:05] [clawbench_fin-004-earnings-report_qwen3.6-27b_20260520_121321] Agent result: passed=True, score=1.0000
[20:14:06] [fin-004-earnings-report] Result saved to /Volumes/F/work/ClawEvalkit-private-emnlp/outputs/harness/procedure/clawbench-official/qwen3.6-27b/fin-004-earnings-report.json
[20:14:09] [clawbench_fin-008_qwen3.6-27b_20260520_121406] Container started
[20:14:09] [fin-008] Harness detected, timeout adjusted: 300 → 480
[20:15:01]   [container] [setup] 运行 setup.sh: /app/claw-bench/tasks/financial-analysis/fin-008-calculate-wacc-from-financial-statements/environment/setup.sh
[20:15:01]   [container] [setup] setup.sh 成功
[20:15:01]   [container] [setup] 工作空间文件: ['balance_sheet.csv', 'income_statement.csv', 'instruction.md']
[20:15:01]   [container] DONE
[20:15:01]   [container-err] Loading weights:   0%|          | 0/103 [00:00<?, ?it/s]
[20:15:01]   [container-err] Loading weights: 100%|██████████| 103/103 [00:00<00:00, 22922.13it/s]
[20:15:01]   [container-err] [1mBertModel LOAD REPORT[0m from: sentence-transformers/all-MiniLM-L6-v2
[20:15:01]   [container-err] Key                     | Status     |  | 
[20:15:01]   [container-err] ------------------------+------------+--+-
[20:15:01]   [container-err] embeddings.position_ids | UNEXPECTED |  | 
[20:15:01]   [container-err] 
[20:15:01]   [container-err] Notes:
[20:15:01]   [container-err] - UNEXPECTED:	can be ignored when loading from different task/architecture; not ok if you expect identical arch.
[20:15:01] [clawbench_fin-008_qwen3.6-27b_20260520_121406] Agent finished in 51.67s, returncode=0
[20:15:01] [clawbench_fin-008_qwen3.6-27b_20260520_121406] Agent result: passed=True, score=1.0000
[20:15:01] [fin-008] Result saved to /Volumes/F/work/ClawEvalkit-private-emnlp/outputs/harness/procedure/clawbench-official/qwen3.6-27b/fin-008.json
[20:15:05] [clawbench_mkt-001-survey-analysis_qwen3.6-27b_20260520_121501] Container started
[20:15:05] [mkt-001-survey-analysis] Harness detected, timeout adjusted: 3600 → 3780
[20:15:22]   [container] [setup] 运行 setup.sh: /app/claw-bench/tasks/financial-analysis/fin-006-analyze-stock-portfolio-risk-using-var-and-cvar/environment/setup.sh
[20:15:22]   [container] [setup] setup.sh 成功
[20:15:22]   [container] [setup] 工作空间文件: ['portfolio_returns.csv', 'instruction.md']
[20:15:22]   [container] DONE
[20:15:22]   [container-err] Loading weights:   0%|          | 0/103 [00:00<?, ?it/s]
[20:15:22]   [container-err] Loading weights: 100%|██████████| 103/103 [00:00<00:00, 22079.80it/s]
[20:15:22]   [container-err] [1mBertModel LOAD REPORT[0m from: sentence-transformers/all-MiniLM-L6-v2
[20:15:22]   [container-err] Key                     | Status     |  | 
[20:15:22]   [container-err] ------------------------+------------+--+-
[20:15:22]   [container-err] embeddings.position_ids | UNEXPECTED |  | 
[20:15:22]   [container-err] 
[20:15:22]   [container-err] Notes:
[20:15:22]   [container-err] - UNEXPECTED:	can be ignored when loading from different task/architecture; not ok if you expect identical arch.
[20:15:22] [clawbench_fin-006_qwen3.6-27b_20260520_121359] Agent finished in 78.94s, returncode=0
[20:15:22] [clawbench_fin-006_qwen3.6-27b_20260520_121359] Agent result: passed=False, score=0.0000
[20:15:24] [fin-006] Result saved to /Volumes/F/work/ClawEvalkit-private-emnlp/outputs/harness/procedure/clawbench-official/qwen3.6-27b/fin-006.json
[20:15:26] [clawbench_mkt-002-competitor-matrix_qwen3.6-27b_20260520_121524] Container started
[20:15:26] [mkt-002-competitor-matrix] Harness detected, timeout adjusted: 3600 → 3780
[20:15:47]   [container] [setup] 运行 setup.sh: /app/claw-bench/tasks/market-research/mkt-001-survey-analysis/environment/setup.sh
[20:15:47]   [container] [setup] setup.sh 成功
[20:15:47]   [container] [setup] 工作空间文件: ['instruction.md', 'survey_responses.csv']
[20:15:47]   [container] DONE
[20:15:47]   [container-err] Loading weights:   0%|          | 0/103 [00:00<?, ?it/s]
[20:15:47]   [container-err] Loading weights: 100%|██████████| 103/103 [00:00<00:00, 28990.29it/s]
[20:15:47]   [container-err] [1mBertModel LOAD REPORT[0m from: sentence-transformers/all-MiniLM-L6-v2
[20:15:47]   [container-err] Key                     | Status     |  | 
[20:15:47]   [container-err] ------------------------+------------+--+-
[20:15:47]   [container-err] embeddings.position_ids | UNEXPECTED |  | 
[20:15:47]   [container-err] 
[20:15:47]   [container-err] Notes:
[20:15:47]   [container-err] - UNEXPECTED:	can be ignored when loading from different task/architecture; not ok if you expect identical arch.
[20:15:47] [clawbench_mkt-001-survey-analysis_qwen3.6-27b_20260520_121501] Agent finished in 41.96s, returncode=0
[20:15:47] [clawbench_mkt-001-survey-analysis_qwen3.6-27b_20260520_121501] Agent result: passed=True, score=1.0000
[20:15:48] [mkt-001-survey-analysis] Result saved to /Volumes/F/work/ClawEvalkit-private-emnlp/outputs/harness/procedure/clawbench-official/qwen3.6-27b/mkt-001-survey-analysis.json
[20:15:50] [clawbench_mkt-003-pricing-analysis_qwen3.6-27b_20260520_121548] Container started
[20:15:50] [mkt-003-pricing-analysis] Harness detected, timeout adjusted: 3600 → 3780
[20:16:03]   [container] [setup] 运行 setup.sh: /app/claw-bench/tasks/market-research/mkt-002-competitor-matrix/environment/setup.sh
[20:16:03]   [container] [setup] setup.sh 成功
[20:16:03]   [container] [setup] 工作空间文件: ['products.csv', 'instruction.md']
[20:16:03]   [container] DONE
[20:16:03]   [container-err] Loading weights:   0%|          | 0/103 [00:00<?, ?it/s]
[20:16:03]   [container-err] Loading weights: 100%|██████████| 103/103 [00:00<00:00, 20649.74it/s]
[20:16:03]   [container-err] [1mBertModel LOAD REPORT[0m from: sentence-transformers/all-MiniLM-L6-v2
[20:16:03]   [container-err] Key                     | Status     |  | 
[20:16:03]   [container-err] ------------------------+------------+--+-
[20:16:03]   [container-err] embeddings.position_ids | UNEXPECTED |  | 
[20:16:03]   [container-err] 
[20:16:03]   [container-err] Notes:
[20:16:03]   [container-err] - UNEXPECTED:	can be ignored when loading from different task/architecture; not ok if you expect identical arch.
[20:16:03] [clawbench_mkt-002-competitor-matrix_qwen3.6-27b_20260520_121524] Agent finished in 37.02s, returncode=0
[20:16:03] [clawbench_mkt-002-competitor-matrix_qwen3.6-27b_20260520_121524] Agent result: passed=True, score=1.0000
[20:16:04] [mkt-002-competitor-matrix] Result saved to /Volumes/F/work/ClawEvalkit-private-emnlp/outputs/harness/procedure/clawbench-official/qwen3.6-27b/mkt-002-competitor-matrix.json
[20:16:07] [clawbench_mkt-004-trend-extraction_qwen3.6-27b_20260520_121604] Container started
[20:16:07] [mkt-004-trend-extraction] Harness detected, timeout adjusted: 3600 → 3780
[20:16:29]   [container] [setup] 运行 setup.sh: /app/claw-bench/tasks/market-research/mkt-003-pricing-analysis/environment/setup.sh
[20:16:29]   [container] [setup] setup.sh 成功
[20:16:29]   [container] [setup] 工作空间文件: ['instruction.md', 'pricing_history.csv']
[20:16:29]   [container] DONE
[20:16:29]   [container-err] Loading weights:   0%|          | 0/103 [00:00<?, ?it/s]
[20:16:29]   [container-err] Loading weights: 100%|██████████| 103/103 [00:00<00:00, 33740.50it/s]
[20:16:29]   [container-err] [1mBertModel LOAD REPORT[0m from: sentence-transformers/all-MiniLM-L6-v2
[20:16:29]   [container-err] Key                     | Status     |  | 
[20:16:29]   [container-err] ------------------------+------------+--+-
[20:16:29]   [container-err] embeddings.position_ids | UNEXPECTED |  | 
[20:16:29]   [container-err] 
[20:16:29]   [container-err] Notes:
[20:16:29]   [container-err] - UNEXPECTED:	can be ignored when loading from different task/architecture; not ok if you expect identical arch.
[20:16:29] [clawbench_mkt-003-pricing-analysis_qwen3.6-27b_20260520_121548] Agent finished in 38.99s, returncode=0
[20:16:30] [clawbench_mkt-003-pricing-analysis_qwen3.6-27b_20260520_121548] Agent result: passed=False, score=0.0000
[20:16:30] [mkt-003-pricing-analysis] Result saved to /Volumes/F/work/ClawEvalkit-private-emnlp/outputs/harness/procedure/clawbench-official/qwen3.6-27b/mkt-003-pricing-analysis.json
[20:16:35] [clawbench_mkt-005-market-sizing_qwen3.6-27b_20260520_121630] Container started
[20:16:35] [mkt-005-market-sizing] Harness detected, timeout adjusted: 3600 → 3780
[20:16:52]   [container] [setup] 运行 setup.sh: /app/claw-bench/tasks/market-research/mkt-004-trend-extraction/environment/setup.sh
[20:16:52]   [container] [setup] setup.sh 成功
[20:16:52]   [container] [setup] 工作空间文件: ['monthly_sales.csv', 'instruction.md']
[20:16:52]   [container] DONE
[20:16:52]   [container-err] Loading weights:   0%|          | 0/103 [00:00<?, ?it/s]
[20:16:52]   [container-err] Loading weights: 100%|██████████| 103/103 [00:00<00:00, 39188.44it/s]
[20:16:52]   [container-err] [1mBertModel LOAD REPORT[0m from: sentence-transformers/all-MiniLM-L6-v2
[20:16:52]   [container-err] Key                     | Status     |  | 
[20:16:52]   [container-err] ------------------------+------------+--+-
[20:16:52]   [container-err] embeddings.position_ids | UNEXPECTED |  | 
[20:16:52]   [container-err] 
[20:16:52]   [container-err] Notes:
[20:16:52]   [container-err] - UNEXPECTED:	can be ignored when loading from different task/architecture; not ok if you expect identical arch.
[20:16:52] [clawbench_mkt-004-trend-extraction_qwen3.6-27b_20260520_121604] Agent finished in 44.83s, returncode=0
[20:16:52] [clawbench_mkt-004-trend-extraction_qwen3.6-27b_20260520_121604] Agent result: passed=False, score=0.8000
[20:16:52] [mkt-004-trend-extraction] Result saved to /Volumes/F/work/ClawEvalkit-private-emnlp/outputs/harness/procedure/clawbench-official/qwen3.6-27b/mkt-004-trend-extraction.json
[20:16:56] [clawbench_mem-001_qwen3.6-27b_20260520_121652] Container started
[20:16:56] [mem-001] Harness detected, timeout adjusted: 120 → 300
[20:17:02]   [container] [setup] 运行 setup.sh: /app/claw-bench/tasks/market-research/mkt-005-market-sizing/environment/setup.sh
[20:17:02]   [container] [setup] setup.sh 成功
[20:17:02]   [container] [setup] 工作空间文件: ['instruction.md', 'market_data.csv', 'company_data.json']
[20:17:02]   [container] DONE
[20:17:02]   [container-err] Loading weights:   0%|          | 0/103 [00:00<?, ?it/s]
[20:17:02]   [container-err] Loading weights: 100%|██████████| 103/103 [00:00<00:00, 21512.46it/s]
[20:17:02]   [container-err] [1mBertModel LOAD REPORT[0m from: sentence-transformers/all-MiniLM-L6-v2
[20:17:02]   [container-err] Key                     | Status     |  | 
[20:17:02]   [container-err] ------------------------+------------+--+-
[20:17:02]   [container-err] embeddings.position_ids | UNEXPECTED |  | 
[20:17:02]   [container-err] 
[20:17:02]   [container-err] Notes:
[20:17:02]   [container-err] - UNEXPECTED:	can be ignored when loading from different task/architecture; not ok if you expect identical arch.
[20:17:02] [clawbench_mkt-005-market-sizing_qwen3.6-27b_20260520_121630] Agent finished in 27.21s, returncode=0
[20:17:02] [clawbench_mkt-005-market-sizing_qwen3.6-27b_20260520_121630] Agent result: passed=True, score=1.0000
[20:17:02] [mkt-005-market-sizing] Result saved to /Volumes/F/work/ClawEvalkit-private-emnlp/outputs/harness/procedure/clawbench-official/qwen3.6-27b/mkt-005-market-sizing.json
[20:17:05] [clawbench_mem-002_qwen3.6-27b_20260520_121702] Container started
[20:17:05] [mem-002] Harness detected, timeout adjusted: 180 → 360
[20:17:25]   [container] [setup] 运行 setup.sh: /app/claw-bench/tasks/memory/mem-001-recall-given-name/environment/setup.sh
[20:17:25]   [container] [setup] setup.sh 成功
[20:17:25]   [container] [setup] 工作空间文件: ['notes.txt', 'instruction.md', 'inventory.csv']
[20:17:25]   [container] DONE
[20:17:25]   [container-err] Loading weights:   0%|          | 0/103 [00:00<?, ?it/s]
[20:17:25]   [container-err] Loading weights: 100%|██████████| 103/103 [00:00<00:00, 26143.01it/s]
[20:17:25]   [container-err] [1mBertModel LOAD REPORT[0m from: sentence-transformers/all-MiniLM-L6-v2
[20:17:25]   [container-err] Key                     | Status     |  | 
[20:17:25]   [container-err] ------------------------+------------+--+-
[20:17:25]   [container-err] embeddings.position_ids | UNEXPECTED |  | 
[20:17:25]   [container-err] 
[20:17:25]   [container-err] Notes:
[20:17:25]   [container-err] - UNEXPECTED:	can be ignored when loading from different task/architecture; not ok if you expect identical arch.
[20:17:25] [clawbench_mem-001_qwen3.6-27b_20260520_121652] Agent finished in 28.81s, returncode=0
[20:17:25] [clawbench_mem-001_qwen3.6-27b_20260520_121652] Agent result: passed=True, score=1.0000
[20:17:26] [mem-001] Result saved to /Volumes/F/work/ClawEvalkit-private-emnlp/outputs/harness/procedure/clawbench-official/qwen3.6-27b/mem-001.json
[20:17:29] [clawbench_mem-003_qwen3.6-27b_20260520_121726] Container started
[20:17:29] [mem-003] Harness detected, timeout adjusted: 180 → 360
[20:17:39]   [container] [setup] 运行 setup.sh: /app/claw-bench/tasks/memory/mem-002-multi-step-instructions/environment/setup.sh
[20:17:39]   [container] [setup] setup.sh 成功
[20:17:39]   [container] [setup] 工作空间文件: ['instruction.md', 'words.txt']
[20:17:39]   [container] DONE
[20:17:39]   [container-err] Loading weights:   0%|          | 0/103 [00:00<?, ?it/s]
[20:17:39]   [container-err] Loading weights: 100%|██████████| 103/103 [00:00<00:00, 20733.99it/s]
[20:17:39]   [container-err] [1mBertModel LOAD REPORT[0m from: sentence-transformers/all-MiniLM-L6-v2
[20:17:39]   [container-err] Key                     | Status     |  | 
[20:17:39]   [container-err] ------------------------+------------+--+-
[20:17:39]   [container-err] embeddings.position_ids | UNEXPECTED |  | 
[20:17:39]   [container-err] 
[20:17:39]   [container-err] Notes:
[20:17:39]   [container-err] - UNEXPECTED:	can be ignored when loading from different task/architecture; not ok if you expect identical arch.
[20:17:39] [clawbench_mem-002_qwen3.6-27b_20260520_121702] Agent finished in 33.81s, returncode=0
[20:17:39] [clawbench_mem-002_qwen3.6-27b_20260520_121702] Agent result: passed=True, score=1.0000
[20:17:41] [mem-002] Result saved to /Volumes/F/work/ClawEvalkit-private-emnlp/outputs/harness/procedure/clawbench-official/qwen3.6-27b/mem-002.json
[20:17:44] [clawbench_mem-004_qwen3.6-27b_20260520_121741] Container started
[20:17:44] [mem-004] Harness detected, timeout adjusted: 180 → 360
[20:18:00]   [container] [setup] 运行 setup.sh: /app/claw-bench/tasks/memory/mem-003-context-carry-over/environment/setup.sh
[20:18:00]   [container] [setup] setup.sh 成功
[20:18:00]   [container] [setup] 工作空间文件: ['config.json', 'instruction.md']
[20:18:00]   [container] DONE
[20:18:00]   [container-err] Loading weights:   0%|          | 0/103 [00:00<?, ?it/s]
[20:18:00]   [container-err] Loading weights: 100%|██████████| 103/103 [00:00<00:00, 28109.40it/s]
[20:18:00]   [container-err] [1mBertModel LOAD REPORT[0m from: sentence-transformers/all-MiniLM-L6-v2
[20:18:00]   [container-err] Key                     | Status     |  | 
[20:18:00]   [container-err] ------------------------+------------+--+-
[20:18:00]   [container-err] embeddings.position_ids | UNEXPECTED |  | 
[20:18:00]   [container-err] 
[20:18:00]   [container-err] Notes:
[20:18:00]   [container-err] - UNEXPECTED:	can be ignored when loading from different task/architecture; not ok if you expect identical arch.
[20:18:00] [clawbench_mem-003_qwen3.6-27b_20260520_121726] Agent finished in 31.65s, returncode=0
[20:18:00] [clawbench_mem-003_qwen3.6-27b_20260520_121726] Agent result: passed=True, score=1.0000
[20:18:03] [mem-003] Result saved to /Volumes/F/work/ClawEvalkit-private-emnlp/outputs/harness/procedure/clawbench-official/qwen3.6-27b/mem-003.json
[20:18:07] [clawbench_mem-005_qwen3.6-27b_20260520_121803] Container started
[20:18:07] [mem-005] Harness detected, timeout adjusted: 300 → 480
[20:18:46]   [container] [setup] 运行 setup.sh: /app/claw-bench/tasks/memory/mem-004-contradiction-resolution/environment/setup.sh
[20:18:46]   [container] [setup] setup.sh 成功
[20:18:46]   [container] [setup] 工作空间文件: ['spec.txt', 'instruction.md']
[20:18:46]   [container] DONE
[20:18:46]   [container-err] Loading weights:   0%|          | 0/103 [00:00<?, ?it/s]
[20:18:46]   [container-err] Loading weights: 100%|██████████| 103/103 [00:00<00:00, 20251.89it/s]
[20:18:46]   [container-err] [1mBertModel LOAD REPORT[0m from: sentence-transformers/all-MiniLM-L6-v2
[20:18:46]   [container-err] Key                     | Status     |  | 
[20:18:46]   [container-err] ------------------------+------------+--+-
[20:18:46]   [container-err] embeddings.position_ids | UNEXPECTED |  | 
[20:18:46]   [container-err] 
[20:18:46]   [container-err] Notes:
[20:18:46]   [container-err] - UNEXPECTED:	can be ignored when loading from different task/architecture; not ok if you expect identical arch.
[20:18:46] [clawbench_mem-004_qwen3.6-27b_20260520_121741] Agent finished in 61.21s, returncode=0
[20:18:46] [clawbench_mem-004_qwen3.6-27b_20260520_121741] Agent result: passed=False, score=0.9524
[20:18:46] [mem-004] Result saved to /Volumes/F/work/ClawEvalkit-private-emnlp/outputs/harness/procedure/clawbench-official/qwen3.6-27b/mem-004.json
[20:18:48] [clawbench_mem-006_qwen3.6-27b_20260520_121846] Container started
[20:18:48] [mem-006] Harness detected, timeout adjusted: 300 → 480
[20:18:58]   [container] [setup] 运行 setup.sh: /app/claw-bench/tasks/memory/mem-005-long-document-summarization/environment/setup.sh
[20:18:58]   [container] [setup] setup.sh 成功
[20:18:58]   [container] [setup] 工作空间文件: ['instruction.md', 'report.txt']
[20:18:58]   [container] DONE
[20:18:58]   [container-err] Loading weights:   0%|          | 0/103 [00:00<?, ?it/s]
[20:18:58]   [container-err] Loading weights: 100%|██████████| 103/103 [00:00<00:00, 33682.62it/s]
[20:18:58]   [container-err] [1mBertModel LOAD REPORT[0m from: sentence-transformers/all-MiniLM-L6-v2
[20:18:58]   [container-err] Key                     | Status     |  | 
[20:18:58]   [container-err] ------------------------+------------+--+-
[20:18:58]   [container-err] embeddings.position_ids | UNEXPECTED |  | 
[20:18:58]   [container-err] 
[20:18:58]   [container-err] Notes:
[20:18:58]   [container-err] - UNEXPECTED:	can be ignored when loading from different task/architecture; not ok if you expect identical arch.
[20:18:58] [clawbench_mem-005_qwen3.6-27b_20260520_121803] Agent finished in 51.40s, returncode=0
[20:18:58] [clawbench_mem-005_qwen3.6-27b_20260520_121803] Agent result: passed=False, score=0.6957
[20:18:59] [mem-005] Result saved to /Volumes/F/work/ClawEvalkit-private-emnlp/outputs/harness/procedure/clawbench-official/qwen3.6-27b/mem-005.json
[20:19:04] [clawbench_mem-007_qwen3.6-27b_20260520_121859] Container started
[20:19:04] [mem-007] Harness detected, timeout adjusted: 300 → 480
[20:19:35]   [container] [setup] 运行 setup.sh: /app/claw-bench/tasks/memory/mem-007-instruction-chaining/environment/setup.sh
[20:19:35]   [container] [setup] setup.sh 成功
[20:19:35]   [container] [setup] 工作空间文件: ['raw_data.txt', 'instruction.md']
[20:19:35]   [container] DONE
[20:19:35]   [container-err] Loading weights:   0%|          | 0/103 [00:00<?, ?it/s]
[20:19:35]   [container-err] Loading weights: 100%|██████████| 103/103 [00:00<00:00, 27569.45it/s]
[20:19:35]   [container-err] [1mBertModel LOAD REPORT[0m from: sentence-transformers/all-MiniLM-L6-v2
[20:19:35]   [container-err] Key                     | Status     |  | 
[20:19:35]   [container-err] ------------------------+------------+--+-
[20:19:35]   [container-err] embeddings.position_ids | UNEXPECTED |  | 
[20:19:35]   [container-err] 
[20:19:35]   [container-err] Notes:
[20:19:35]   [container-err] - UNEXPECTED:	can be ignored when loading from different task/architecture; not ok if you expect identical arch.
[20:19:35] [clawbench_mem-007_qwen3.6-27b_20260520_121859] Agent finished in 31.32s, returncode=0
[20:19:35] [clawbench_mem-007_qwen3.6-27b_20260520_121859] Agent result: passed=True, score=1.0000
[20:19:36] [mem-007] Result saved to /Volumes/F/work/ClawEvalkit-private-emnlp/outputs/harness/procedure/clawbench-official/qwen3.6-27b/mem-007.json
[20:19:40] [clawbench_mem-008_qwen3.6-27b_20260520_121936] Container started
[20:19:40] [mem-008] Harness detected, timeout adjusted: 300 → 480
[20:19:43]   [container] [setup] 运行 setup.sh: /app/claw-bench/tasks/memory/mem-006-cross-reference-synthesis/environment/setup.sh
[20:19:43]   [container] [setup] setup.sh 成功
[20:19:43]   [container] [setup] 工作空间文件: ['performance.csv', 'instruction.md', 'employees.csv', 'projects.csv']
[20:19:43]   [container] DONE
[20:19:43]   [container-err] Loading weights:   0%|          | 0/103 [00:00<?, ?it/s]
[20:19:43]   [container-err] Loading weights: 100%|██████████| 103/103 [00:00<00:00, 9576.25it/s]
[20:19:43]   [container-err] [1mBertModel LOAD REPORT[0m from: sentence-transformers/all-MiniLM-L6-v2
[20:19:43]   [container-err] Key                     | Status     |  | 
[20:19:43]   [container-err] ------------------------+------------+--+-
[20:19:43]   [container-err] embeddings.position_ids | UNEXPECTED |  | 
[20:19:43]   [container-err] 
[20:19:43]   [container-err] Notes:
[20:19:43]   [container-err] - UNEXPECTED:	can be ignored when loading from different task/architecture; not ok if you expect identical arch.
[20:19:43] [clawbench_mem-006_qwen3.6-27b_20260520_121846] Agent finished in 54.42s, returncode=0
[20:19:43] [clawbench_mem-006_qwen3.6-27b_20260520_121846] Agent result: passed=True, score=1.0000
[20:19:43] [mem-006] Result saved to /Volumes/F/work/ClawEvalkit-private-emnlp/outputs/harness/procedure/clawbench-official/qwen3.6-27b/mem-006.json
[20:19:47] [clawbench_mem-009_qwen3.6-27b_20260520_121943] Container started
[20:19:47] [mem-009] Harness detected, timeout adjusted: 180 → 360
[20:20:22]   [container] [setup] 运行 setup.sh: /app/claw-bench/tasks/memory/mem-008-ambiguous-requirements/environment/setup.sh
[20:20:22]   [container] [setup] setup.sh 成功
[20:20:22]   [container] [setup] 工作空间文件: ['requirements.txt', 'instruction.md']
[20:20:22]   [container] DONE
[20:20:22]   [container-err] Loading weights:   0%|          | 0/103 [00:00<?, ?it/s]
[20:20:22]   [container-err] Loading weights: 100%|██████████| 103/103 [00:00<00:00, 33455.69it/s]
[20:20:22]   [container-err] [1mBertModel LOAD REPORT[0m from: sentence-transformers/all-MiniLM-L6-v2
[20:20:22]   [container-err] Key                     | Status     |  | 
[20:20:22]   [container-err] ------------------------+------------+--+-
[20:20:22]   [container-err] embeddings.position_ids | UNEXPECTED |  | 
[20:20:22]   [container-err] 
[20:20:22]   [container-err] Notes:
[20:20:22]   [container-err] - UNEXPECTED:	can be ignored when loading from different task/architecture; not ok if you expect identical arch.
[20:20:22] [clawbench_mem-008_qwen3.6-27b_20260520_121936] Agent finished in 41.88s, returncode=0
[20:20:22] [clawbench_mem-008_qwen3.6-27b_20260520_121936] Agent result: passed=True, score=1.0000
[20:20:22] [mem-008] Result saved to /Volumes/F/work/ClawEvalkit-private-emnlp/outputs/harness/procedure/clawbench-official/qwen3.6-27b/mem-008.json
[20:20:25] [clawbench_mem-010_qwen3.6-27b_20260520_122022] Container started
[20:20:25] [mem-010] Harness detected, timeout adjusted: 180 → 360
[20:21:23]   [container] [setup] 运行 setup.sh: /app/claw-bench/tasks/memory/mem-010-multi-file-context-correlation/environment/setup.sh
[20:21:23]   [container] [setup] setup.sh 成功
[20:21:23]   [container] [setup] 工作空间文件: ['file_a.txt', 'file_b.txt', 'file_c.txt', 'file_d.txt', 'file_e.txt', 'instruction.md']
[20:21:23]   [container] DONE
[20:21:23]   [container-err] Loading weights:   0%|          | 0/103 [00:00<?, ?it/s]
[20:21:23]   [container-err] Loading weights: 100%|██████████| 103/103 [00:00<00:00, 22991.66it/s]
[20:21:23]   [container-err] [1mBertModel LOAD REPORT[0m from: sentence-transformers/all-MiniLM-L6-v2
[20:21:23]   [container-err] Key                     | Status     |  | 
[20:21:23]   [container-err] ------------------------+------------+--+-
[20:21:23]   [container-err] embeddings.position_ids | UNEXPECTED |  | 
[20:21:23]   [container-err] 
[20:21:23]   [container-err] Notes:
[20:21:23]   [container-err] - UNEXPECTED:	can be ignored when loading from different task/architecture; not ok if you expect identical arch.
[20:21:23] [clawbench_mem-010_qwen3.6-27b_20260520_122022] Agent finished in 58.40s, returncode=0
[20:21:23] [clawbench_mem-010_qwen3.6-27b_20260520_122022] Agent result: passed=True, score=1.0000
[20:21:24] [mem-010] Result saved to /Volumes/F/work/ClawEvalkit-private-emnlp/outputs/harness/procedure/clawbench-official/qwen3.6-27b/mem-010.json
[20:21:28] [clawbench_mem-011_qwen3.6-27b_20260520_122124] Container started
[20:21:28] [mem-011] Harness detected, timeout adjusted: 180 → 360
[20:21:32]   [container] [setup] 运行 setup.sh: /app/claw-bench/tasks/memory/mem-009-sequential-state-tracking/environment/setup.sh
[20:21:32]   [container] [setup] setup.sh 成功
[20:21:32]   [container] [setup] 工作空间文件: ['instruction.md', 'transitions.txt']
[20:21:32]   [container] DONE
[20:21:32]   [container-err] Loading weights:   0%|          | 0/103 [00:00<?, ?it/s]
[20:21:32]   [container-err] Loading weights: 100%|██████████| 103/103 [00:00<00:00, 48459.15it/s]
[20:21:32]   [container-err] [1mBertModel LOAD REPORT[0m from: sentence-transformers/all-MiniLM-L6-v2
[20:21:32]   [container-err] Key                     | Status     |  | 
[20:21:32]   [container-err] ------------------------+------------+--+-
[20:21:32]   [container-err] embeddings.position_ids | UNEXPECTED |  | 
[20:21:32]   [container-err] 
[20:21:32]   [container-err] Notes:
[20:21:32]   [container-err] - UNEXPECTED:	can be ignored when loading from different task/architecture; not ok if you expect identical arch.
[20:21:32] [clawbench_mem-009_qwen3.6-27b_20260520_121943] Agent finished in 104.96s, returncode=0
[20:21:32] [clawbench_mem-009_qwen3.6-27b_20260520_121943] Agent result: passed=True, score=1.0000
[20:21:33] [mem-009] Result saved to /Volumes/F/work/ClawEvalkit-private-emnlp/outputs/harness/procedure/clawbench-official/qwen3.6-27b/mem-009.json
[20:21:39] [clawbench_mem-012_qwen3.6-27b_20260520_122133] Container started
[20:21:39] [mem-012] Harness detected, timeout adjusted: 180 → 360
[20:23:45]   [container] [setup] 运行 setup.sh: /app/claw-bench/tasks/memory/mem-012-fact-extraction-and-update/environment/setup.sh
[20:23:45]   [container] [setup] setup.sh 成功
[20:23:45]   [container] [setup] 工作空间文件: ['updates.jsonl', 'instruction.md']
[20:23:45]   [container] DONE
[20:23:45]   [container-err] Loading weights:   0%|          | 0/103 [00:00<?, ?it/s]
[20:23:45]   [container-err] Loading weights: 100%|██████████| 103/103 [00:00<00:00, 20689.30it/s]
[20:23:45]   [container-err] [1mBertModel LOAD REPORT[0m from: sentence-transformers/all-MiniLM-L6-v2
[20:23:45]   [container-err] Key                     | Status     |  | 
[20:23:45]   [container-err] ------------------------+------------+--+-
[20:23:45]   [container-err] embeddings.position_ids | UNEXPECTED |  | 
[20:23:45]   [container-err] 
[20:23:45]   [container-err] Notes:
[20:23:45]   [container-err] - UNEXPECTED:	can be ignored when loading from different task/architecture; not ok if you expect identical arch.
[20:23:45] [clawbench_mem-012_qwen3.6-27b_20260520_122133] Agent finished in 125.53s, returncode=0
[20:23:45] [clawbench_mem-012_qwen3.6-27b_20260520_122133] Agent result: passed=True, score=1.0000
[20:23:46] [mem-012] Result saved to /Volumes/F/work/ClawEvalkit-private-emnlp/outputs/harness/procedure/clawbench-official/qwen3.6-27b/mem-012.json
[20:23:48] [clawbench_mem-013_qwen3.6-27b_20260520_122346] Container started
[20:23:48] [mem-013] Harness detected, timeout adjusted: 240 → 420
[20:24:14]   [container] [setup] 运行 setup.sh: /app/claw-bench/tasks/memory/mem-011-conversation-tracker/environment/setup.sh
[20:24:14]   [container] [setup] setup.sh 成功
[20:24:14]   [container] [setup] 工作空间文件: ['conversation.jsonl', 'instruction.md']
[20:24:14]   [container] DONE
[20:24:14]   [container-err] Loading weights:   0%|          | 0/103 [00:00<?, ?it/s]
[20:24:14]   [container-err] Loading weights: 100%|██████████| 103/103 [00:00<00:00, 7415.90it/s]
[20:24:14]   [container-err] [1mBertModel LOAD REPORT[0m from: sentence-transformers/all-MiniLM-L6-v2
[20:24:14]   [container-err] Key                     | Status     |  | 
[20:24:14]   [container-err] ------------------------+------------+--+-
[20:24:14]   [container-err] embeddings.position_ids | UNEXPECTED |  | 
[20:24:14]   [container-err] 
[20:24:14]   [container-err] Notes:
[20:24:14]   [container-err] - UNEXPECTED:	can be ignored when loading from different task/architecture; not ok if you expect identical arch.
[20:24:14] [clawbench_mem-011_qwen3.6-27b_20260520_122124] Agent finished in 165.86s, returncode=0
[20:24:14] [clawbench_mem-011_qwen3.6-27b_20260520_122124] Agent result: passed=False, score=0.9500
[20:24:14] [mem-011] Result saved to /Volumes/F/work/ClawEvalkit-private-emnlp/outputs/harness/procedure/clawbench-official/qwen3.6-27b/mem-011.json
[20:24:16] [clawbench_mem-014_qwen3.6-27b_20260520_122414] Container started
[20:24:16] [mem-014] Harness detected, timeout adjusted: 240 → 420
[20:25:16]   [container] [setup] 运行 setup.sh: /app/claw-bench/tasks/memory/mem-013-entity-relationship-tracker/environment/setup.sh
[20:25:16]   [container] [setup] setup.sh 成功
[20:25:16]   [container] [setup] 工作空间文件: ['instruction.md', 'events.jsonl']
[20:25:16]   [container] DONE
[20:25:16]   [container-err] Loading weights:   0%|          | 0/103 [00:00<?, ?it/s]
[20:25:16]   [container-err] Loading weights: 100%|██████████| 103/103 [00:00<00:00, 37520.70it/s]
[20:25:16]   [container-err] [1mBertModel LOAD REPORT[0m from: sentence-transformers/all-MiniLM-L6-v2
[20:25:16]   [container-err] Key                     | Status     |  | 
[20:25:16]   [container-err] ------------------------+------------+--+-
[20:25:16]   [container-err] embeddings.position_ids | UNEXPECTED |  | 
[20:25:16]   [container-err] 
[20:25:16]   [container-err] Notes:
[20:25:16]   [container-err] - UNEXPECTED:	can be ignored when loading from different task/architecture; not ok if you expect identical arch.
[20:25:16] [clawbench_mem-013_qwen3.6-27b_20260520_122346] Agent finished in 87.51s, returncode=0
[20:25:16] [clawbench_mem-013_qwen3.6-27b_20260520_122346] Agent result: passed=True, score=1.0000
[20:25:16] [mem-013] Result saved to /Volumes/F/work/ClawEvalkit-private-emnlp/outputs/harness/procedure/clawbench-official/qwen3.6-27b/mem-013.json
[20:25:21] [clawbench_mem-015_qwen3.6-27b_20260520_122516] Container started
[20:25:21] [mem-015] Harness detected, timeout adjusted: 240 → 420
[20:26:24]   [container] [setup] 运行 setup.sh: /app/claw-bench/tasks/memory/mem-015-timeline-reconstructor/environment/setup.sh
[20:26:24]   [container] [setup] setup.sh 成功
[20:26:24]   [container] [setup] 工作空间文件: ['anchors.json', 'instruction.md', 'fragments.json']
[20:26:24]   [container] DONE
[20:26:24]   [container-err] Loading weights:   0%|          | 0/103 [00:00<?, ?it/s]
[20:26:24]   [container-err] Loading weights: 100%|██████████| 103/103 [00:00<00:00, 27569.45it/s]
[20:26:24]   [container-err] [1mBertModel LOAD REPORT[0m from: sentence-transformers/all-MiniLM-L6-v2
[20:26:24]   [container-err] Key                     | Status     |  | 
[20:26:24]   [container-err] ------------------------+------------+--+-
[20:26:24]   [container-err] embeddings.position_ids | UNEXPECTED |  | 
[20:26:24]   [container-err] 
[20:26:24]   [container-err] Notes:
[20:26:24]   [container-err] - UNEXPECTED:	can be ignored when loading from different task/architecture; not ok if you expect identical arch.
[20:26:24] [clawbench_mem-015_qwen3.6-27b_20260520_122516] Agent finished in 63.03s, returncode=0
[20:26:24] [clawbench_mem-015_qwen3.6-27b_20260520_122516] Agent result: passed=False, score=0.9615
[20:26:25] [mem-015] Result saved to /Volumes/F/work/ClawEvalkit-private-emnlp/outputs/harness/procedure/clawbench-official/qwen3.6-27b/mem-015.json
[20:26:28] [clawbench_mag-001_qwen3.6-27b_20260520_122625] Container started
[20:26:28] [mag-001] Harness detected, timeout adjusted: 600 → 780
[20:26:41]   [container] [setup] 运行 setup.sh: /app/claw-bench/tasks/memory/mem-014-preference-learning/environment/setup.sh
[20:26:41]   [container] [setup] setup.sh 成功
[20:26:41]   [container] [setup] 工作空间文件: ['instruction.md', 'interactions.jsonl']
[20:26:41]   [container] DONE
[20:26:41]   [container-err] Loading weights:   0%|          | 0/103 [00:00<?, ?it/s]
[20:26:41]   [container-err] Loading weights: 100%|██████████| 103/103 [00:00<00:00, 17819.39it/s]
[20:26:41]   [container-err] [1mBertModel LOAD REPORT[0m from: sentence-transformers/all-MiniLM-L6-v2
[20:26:41]   [container-err] Key                     | Status     |  | 
[20:26:41]   [container-err] ------------------------+------------+--+-
[20:26:41]   [container-err] embeddings.position_ids | UNEXPECTED |  | 
[20:26:41]   [container-err] 
[20:26:41]   [container-err] Notes:
[20:26:41]   [container-err] - UNEXPECTED:	can be ignored when loading from different task/architecture; not ok if you expect identical arch.
[20:26:41] [clawbench_mem-014_qwen3.6-27b_20260520_122414] Agent finished in 144.96s, returncode=0
[20:26:42] [clawbench_mem-014_qwen3.6-27b_20260520_122414] Agent result: passed=True, score=1.0000
[20:26:42] [mem-014] Result saved to /Volumes/F/work/ClawEvalkit-private-emnlp/outputs/harness/procedure/clawbench-official/qwen3.6-27b/mem-014.json
[20:26:47] [clawbench_mag-002_qwen3.6-27b_20260520_122642] Container started
[20:26:47] [mag-002] Harness detected, timeout adjusted: 600 → 780
[20:35:03]   [container] [setup] 运行 setup.sh: /app/claw-bench/tasks/multi-agent/mag-002-research-debate/environment/setup.sh
[20:35:03]   [container] [setup] setup.sh 成功
[20:35:03]   [container] [setup] 工作空间文件: ['topic.md', 'instruction.md']
[20:35:03]   [container] DONE
[20:35:03]   [container-err] Loading weights:   0%|          | 0/103 [00:00<?, ?it/s]
[20:35:03]   [container-err] Loading weights: 100%|██████████| 103/103 [00:00<00:00, 74820.46it/s]
[20:35:03]   [container-err] [1mBertModel LOAD REPORT[0m from: sentence-transformers/all-MiniLM-L6-v2
[20:35:03]   [container-err] Key                     | Status     |  | 
[20:35:03]   [container-err] ------------------------+------------+--+-
[20:35:03]   [container-err] embeddings.position_ids | UNEXPECTED |  | 
[20:35:03]   [container-err] 
[20:35:03]   [container-err] Notes:
[20:35:03]   [container-err] - UNEXPECTED:	can be ignored when loading from different task/architecture; not ok if you expect identical arch.
[20:35:03] [clawbench_mag-002_qwen3.6-27b_20260520_122642] Agent finished in 496.63s, returncode=0
[20:35:03] [clawbench_mag-002_qwen3.6-27b_20260520_122642] Agent result: passed=True, score=1.0000
[20:35:04] [mag-002] Result saved to /Volumes/F/work/ClawEvalkit-private-emnlp/outputs/harness/procedure/clawbench-official/qwen3.6-27b/mag-002.json
[20:35:09] [clawbench_mag-003_qwen3.6-27b_20260520_123504] Container started
[20:35:09] [mag-003] Harness detected, timeout adjusted: 600 → 780
[20:40:29] [mag-001] Result saved to /Volumes/F/work/ClawEvalkit-private-emnlp/outputs/harness/procedure/clawbench-official/qwen3.6-27b/mag-001.json
[20:40:33] [clawbench_mag-004_qwen3.6-27b_20260520_124029] Container started
[20:40:33] [mag-004] Harness detected, timeout adjusted: 900 → 1080
[20:41:10]   [container] [setup] 运行 setup.sh: /app/claw-bench/tasks/multi-agent/mag-003-data-pipeline-handoff/environment/setup.sh
[20:41:10]   [container] [setup] setup.sh 成功
[20:41:10]   [container] [setup] 工作空间文件: ['instruction.md', 'raw_data.csv']
[20:41:10]   [container] DONE
[20:41:10]   [container-err] Loading weights:   0%|          | 0/103 [00:00<?, ?it/s]
[20:41:10]   [container-err] Loading weights: 100%|██████████| 103/103 [00:00<00:00, 11598.30it/s]
[20:41:10]   [container-err] [1mBertModel LOAD REPORT[0m from: sentence-transformers/all-MiniLM-L6-v2
[20:41:10]   [container-err] Key                     | Status     |  | 
[20:41:10]   [container-err] ------------------------+------------+--+-
[20:41:10]   [container-err] embeddings.position_ids | UNEXPECTED |  | 
[20:41:10]   [container-err] 
[20:41:10]   [container-err] Notes:
[20:41:10]   [container-err] - UNEXPECTED:	can be ignored when loading from different task/architecture; not ok if you expect identical arch.
[20:41:10] [clawbench_mag-003_qwen3.6-27b_20260520_123504] Agent finished in 360.89s, returncode=0
[20:41:10] [clawbench_mag-003_qwen3.6-27b_20260520_123504] Agent result: passed=False, score=0.8182
[20:41:10] [mag-003] Result saved to /Volumes/F/work/ClawEvalkit-private-emnlp/outputs/harness/procedure/clawbench-official/qwen3.6-27b/mag-003.json
[20:41:13] [clawbench_mm-001_qwen3.6-27b_20260520_124110] Container started
[20:41:13] [mm-001] Harness detected, timeout adjusted: 120 → 300
[20:42:35]   [container] [setup] 运行 setup.sh: /app/claw-bench/tasks/multimodal/mm-001-json-to-yaml/environment/setup.sh
[20:42:35]   [container] [setup] setup.sh 成功
[20:42:35]   [container] [setup] 工作空间文件: ['config.json', 'instruction.md']
[20:42:35]   [container] DONE
[20:42:35]   [container-err] Loading weights:   0%|          | 0/103 [00:00<?, ?it/s]
[20:42:35]   [container-err] Loading weights: 100%|██████████| 103/103 [00:00<00:00, 21430.29it/s]
[20:42:35]   [container-err] [1mBertModel LOAD REPORT[0m from: sentence-transformers/all-MiniLM-L6-v2
[20:42:35]   [container-err] Key                     | Status     |  | 
[20:42:35]   [container-err] ------------------------+------------+--+-
[20:42:35]   [container-err] embeddings.position_ids | UNEXPECTED |  | 
[20:42:35]   [container-err] 
[20:42:35]   [container-err] Notes:
[20:42:35]   [container-err] - UNEXPECTED:	can be ignored when loading from different task/architecture; not ok if you expect identical arch.
[20:42:35] [clawbench_mm-001_qwen3.6-27b_20260520_124110] Agent finished in 82.26s, returncode=0
[20:42:35] [clawbench_mm-001_qwen3.6-27b_20260520_124110] Agent result: passed=True, score=1.0000
[20:42:36] [mm-001] Result saved to /Volumes/F/work/ClawEvalkit-private-emnlp/outputs/harness/procedure/clawbench-official/qwen3.6-27b/mm-001.json
[20:42:39] [clawbench_mm-002_qwen3.6-27b_20260520_124236] Container started
[20:42:39] [mm-002] Harness detected, timeout adjusted: 180 → 360
[20:43:42]   [container] [setup] 运行 setup.sh: /app/claw-bench/tasks/multimodal/mm-002-csv-json-merge/environment/setup.sh
[20:43:42]   [container] [setup] setup.sh 成功
[20:43:42]   [container] [setup] 工作空间文件: ['instruction.md', 'performance.json', 'employees.csv']
[20:43:42]   [container] DONE
[20:43:42]   [container-err] Loading weights:   0%|          | 0/103 [00:00<?, ?it/s]
[20:43:42]   [container-err] Loading weights: 100%|██████████| 103/103 [00:00<00:00, 17568.66it/s]
[20:43:42]   [container-err] [1mBertModel LOAD REPORT[0m from: sentence-transformers/all-MiniLM-L6-v2
[20:43:42]   [container-err] Key                     | Status     |  | 
[20:43:42]   [container-err] ------------------------+------------+--+-
[20:43:42]   [container-err] embeddings.position_ids | UNEXPECTED |  | 
[20:43:42]   [container-err] 
[20:43:42]   [container-err] Notes:
[20:43:42]   [container-err] - UNEXPECTED:	can be ignored when loading from different task/architecture; not ok if you expect identical arch.
[20:43:42] [clawbench_mm-002_qwen3.6-27b_20260520_124236] Agent finished in 63.34s, returncode=0
[20:43:42] [clawbench_mm-002_qwen3.6-27b_20260520_124236] Agent result: passed=True, score=1.0000
[20:43:43] [mm-002] Result saved to /Volumes/F/work/ClawEvalkit-private-emnlp/outputs/harness/procedure/clawbench-official/qwen3.6-27b/mm-002.json
[20:43:46] [clawbench_mm-003_qwen3.6-27b_20260520_124343] Container started
[20:43:46] [mm-003] Harness detected, timeout adjusted: 180 → 360
[20:45:13]   [container] [setup] 运行 setup.sh: /app/claw-bench/tasks/multimodal/mm-003-code-doc-extraction/environment/setup.sh
[20:45:13]   [container] [setup] setup.sh 成功
[20:45:13]   [container] [setup] 工作空间文件: ['data_processor.py', 'instruction.md']
[20:45:13]   [container] DONE
[20:45:13]   [container-err] Loading weights:   0%|          | 0/103 [00:00<?, ?it/s]
[20:45:13]   [container-err] Loading weights: 100%|██████████| 103/103 [00:00<00:00, 28577.98it/s]
[20:45:13]   [container-err] [1mBertModel LOAD REPORT[0m from: sentence-transformers/all-MiniLM-L6-v2
[20:45:13]   [container-err] Key                     | Status     |  | 
[20:45:13]   [container-err] ------------------------+------------+--+-
[20:45:13]   [container-err] embeddings.position_ids | UNEXPECTED |  | 
[20:45:13]   [container-err] 
[20:45:13]   [container-err] Notes:
[20:45:13]   [container-err] - UNEXPECTED:	can be ignored when loading from different task/architecture; not ok if you expect identical arch.
[20:45:13] [clawbench_mm-003_qwen3.6-27b_20260520_124343] Agent finished in 86.38s, returncode=0
[20:45:13] [clawbench_mm-003_qwen3.6-27b_20260520_124343] Agent result: passed=True, score=1.0000
[20:45:14] [mm-003] Result saved to /Volumes/F/work/ClawEvalkit-private-emnlp/outputs/harness/procedure/clawbench-official/qwen3.6-27b/mm-003.json
[20:45:18] [clawbench_mm-004_qwen3.6-27b_20260520_124514] Container started
[20:45:18] [mm-004] Harness detected, timeout adjusted: 180 → 360
[20:47:04]   [container] [setup] 运行 setup.sh: /app/claw-bench/tasks/multi-agent/mag-004-project-decomposition/environment/setup.sh
[20:47:04]   [container] [setup] setup.sh 成功
[20:47:04]   [container] [setup] 工作空间文件: ['requirements.md', 'instruction.md']
[20:47:04]   [container] DONE
[20:47:04]   [container-err] Loading weights:   0%|          | 0/103 [00:00<?, ?it/s]
[20:47:04]   [container-err] Loading weights: 100%|██████████| 103/103 [00:00<00:00, 24218.71it/s]
[20:47:04]   [container-err] [1mBertModel LOAD REPORT[0m from: sentence-transformers/all-MiniLM-L6-v2
[20:47:04]   [container-err] Key                     | Status     |  | 
[20:47:04]   [container-err] ------------------------+------------+--+-
[20:47:04]   [container-err] embeddings.position_ids | UNEXPECTED |  | 
[20:47:04]   [container-err] 
[20:47:04]   [container-err] Notes:
[20:47:04]   [container-err] - UNEXPECTED:	can be ignored when loading from different task/architecture; not ok if you expect identical arch.
[20:47:04] [clawbench_mag-004_qwen3.6-27b_20260520_124029] Agent finished in 391.03s, returncode=0
[20:47:04] [clawbench_mag-004_qwen3.6-27b_20260520_124029] Agent result: passed=True, score=1.0000
[20:47:05] [mag-004] Result saved to /Volumes/F/work/ClawEvalkit-private-emnlp/outputs/harness/procedure/clawbench-official/qwen3.6-27b/mag-004.json
[20:47:08] [clawbench_mm-005_qwen3.6-27b_20260520_124705] Container started
[20:47:08] [mm-005] Harness detected, timeout adjusted: 240 → 420
[20:49:07]   [container] [setup] 运行 setup.sh: /app/claw-bench/tasks/multimodal/mm-005-multi-format-pipeline/environment/setup.sh
[20:49:07]   [container] [setup] setup.sh 成功
[20:49:07]   [container] [setup] 工作空间文件: ['products.csv', 'rules.toml', 'instruction.md', 'discounts.json', 'tags.txt']
[20:49:07]   [container] DONE
[20:49:07]   [container-err] Loading weights:   0%|          | 0/103 [00:00<?, ?it/s]
[20:49:07]   [container-err] Loading weights: 100%|██████████| 103/103 [00:00<00:00, 16905.24it/s]
[20:49:07]   [container-err] [1mBertModel LOAD REPORT[0m from: sentence-transformers/all-MiniLM-L6-v2
[20:49:07]   [container-err] Key                     | Status     |  | 
[20:49:07]   [container-err] ------------------------+------------+--+-
[20:49:07]   [container-err] embeddings.position_ids | UNEXPECTED |  | 
[20:49:07]   [container-err] 
[20:49:07]   [container-err] Notes:
[20:49:07]   [container-err] - UNEXPECTED:	can be ignored when loading from different task/architecture; not ok if you expect identical arch.
[20:49:07] [clawbench_mm-005_qwen3.6-27b_20260520_124705] Agent finished in 118.59s, returncode=0
[20:49:07] [clawbench_mm-005_qwen3.6-27b_20260520_124705] Agent result: passed=True, score=1.0000
[20:49:07] [mm-005] Result saved to /Volumes/F/work/ClawEvalkit-private-emnlp/outputs/harness/procedure/clawbench-official/qwen3.6-27b/mm-005.json
[20:49:11] [clawbench_mm-006_qwen3.6-27b_20260520_124907] Container started
[20:49:11] [mm-006] Harness detected, timeout adjusted: 300 → 480
[20:51:05]   [container] [setup] 运行 setup.sh: /app/claw-bench/tasks/multimodal/mm-006-schema-migration/environment/setup.sh
[20:51:05]   [container] [setup] setup.sh 成功
[20:51:05]   [container] [setup] 工作空间文件: ['instruction.md', 'old_schema.sql', 'new_schema.sql']
[20:51:05]   [container] DONE
[20:51:05]   [container-err] Loading weights:   0%|          | 0/103 [00:00<?, ?it/s]
[20:51:05]   [container-err] Loading weights: 100%|██████████| 103/103 [00:00<00:00, 35644.66it/s]
[20:51:05]   [container-err] [1mBertModel LOAD REPORT[0m from: sentence-transformers/all-MiniLM-L6-v2
[20:51:05]   [container-err] Key                     | Status     |  | 
[20:51:05]   [container-err] ------------------------+------------+--+-
[20:51:05]   [container-err] embeddings.position_ids | UNEXPECTED |  | 
[20:51:05]   [container-err] 
[20:51:05]   [container-err] Notes:
[20:51:05]   [container-err] - UNEXPECTED:	can be ignored when loading from different task/architecture; not ok if you expect identical arch.
[20:51:05] [clawbench_mm-006_qwen3.6-27b_20260520_124907] Agent finished in 114.32s, returncode=0
[20:51:05] [clawbench_mm-006_qwen3.6-27b_20260520_124907] Agent result: passed=True, score=1.0000
[20:51:06] [mm-006] Result saved to /Volumes/F/work/ClawEvalkit-private-emnlp/outputs/harness/procedure/clawbench-official/qwen3.6-27b/mm-006.json
[20:51:08] [clawbench_mm-007_qwen3.6-27b_20260520_125106] Container started
[20:51:08] [mm-007] Harness detected, timeout adjusted: 600 → 780
[20:52:20] [mm-004] Result saved to /Volumes/F/work/ClawEvalkit-private-emnlp/outputs/harness/procedure/clawbench-official/qwen3.6-27b/mm-004.json
[20:52:23] [clawbench_mm-008_qwen3.6-27b_20260520_125220] Container started
[20:52:23] [mm-008] Harness detected, timeout adjusted: 180 → 360
[20:53:18]   [container] [setup] 运行 setup.sh: /app/claw-bench/tasks/multimodal/mm-008-xml-to-json/environment/setup.sh
[20:53:18]   [container] [setup] setup.sh 成功
[20:53:18]   [container] [setup] 工作空间文件: ['config.xml', 'instruction.md']
[20:53:18]   [container] DONE
[20:53:18]   [container-err] Loading weights:   0%|          | 0/103 [00:00<?, ?it/s]
[20:53:18]   [container-err] Loading weights: 100%|██████████| 103/103 [00:00<00:00, 102494.26it/s]
[20:53:18]   [container-err] [1mBertModel LOAD REPORT[0m from: sentence-transformers/all-MiniLM-L6-v2
[20:53:18]   [container-err] Key                     | Status     |  | 
[20:53:18]   [container-err] ------------------------+------------+--+-
[20:53:18]   [container-err] embeddings.position_ids | UNEXPECTED |  | 
[20:53:18]   [container-err] 
[20:53:18]   [container-err] Notes:
[20:53:18]   [container-err] - UNEXPECTED:	can be ignored when loading from different task/architecture; not ok if you expect identical arch.
[20:53:18] [clawbench_mm-008_qwen3.6-27b_20260520_125220] Agent finished in 55.01s, returncode=0
[20:53:18] [clawbench_mm-008_qwen3.6-27b_20260520_125220] Agent result: passed=True, score=1.0000
[20:53:18] [mm-008] Result saved to /Volumes/F/work/ClawEvalkit-private-emnlp/outputs/harness/procedure/clawbench-official/qwen3.6-27b/mm-008.json
[20:53:21] [clawbench_mm-009_qwen3.6-27b_20260520_125318] Container started
[20:53:21] [mm-009] Harness detected, timeout adjusted: 300 → 480
[20:54:03]   [container] [setup] 运行 setup.sh: /app/claw-bench/tasks/multimodal/mm-007-architecture-doc/environment/setup.sh
[20:54:03]   [container] [setup] setup.sh 成功
[20:54:03]   [container] [setup] 工作空间文件: ['instruction.md']
[20:54:03]   [container] DONE
[20:54:03]   [container-err] Loading weights:   0%|          | 0/103 [00:00<?, ?it/s]
[20:54:03]   [container-err] Loading weights: 100%|██████████| 103/103 [00:00<00:00, 8308.11it/s]
[20:54:03]   [container-err] [1mBertModel LOAD REPORT[0m from: sentence-transformers/all-MiniLM-L6-v2
[20:54:03]   [container-err] Key                     | Status     |  | 
[20:54:03]   [container-err] ------------------------+------------+--+-
[20:54:03]   [container-err] embeddings.position_ids | UNEXPECTED |  | 
[20:54:03]   [container-err] 
[20:54:03]   [container-err] Notes:
[20:54:03]   [container-err] - UNEXPECTED:	can be ignored when loading from different task/architecture; not ok if you expect identical arch.
[20:54:03] [clawbench_mm-007_qwen3.6-27b_20260520_125106] Agent finished in 175.31s, returncode=0
[20:54:03] [clawbench_mm-007_qwen3.6-27b_20260520_125106] Agent result: passed=True, score=1.0000
[20:54:04] [mm-007] Result saved to /Volumes/F/work/ClawEvalkit-private-emnlp/outputs/harness/procedure/clawbench-official/qwen3.6-27b/mm-007.json
[20:54:06] [clawbench_mm-010_qwen3.6-27b_20260520_125404] Container started
[20:54:06] [mm-010] Harness detected, timeout adjusted: 300 → 480
[20:54:56]   [container] [setup] 运行 setup.sh: /app/claw-bench/tasks/multimodal/mm-009-markdown-report/environment/setup.sh
[20:54:56]   [container] [setup] setup.sh 成功
[20:54:56]   [container] [setup] 工作空间文件: ['template.md', 'targets.json', 'instruction.md', 'sales.csv']
[20:54:56]   [container] DONE
[20:54:56]   [container-err] Loading weights:   0%|          | 0/103 [00:00<?, ?it/s]
[20:54:56]   [container-err] Loading weights: 100%|██████████| 103/103 [00:00<00:00, 24359.36it/s]
[20:54:56]   [container-err] [1mBertModel LOAD REPORT[0m from: sentence-transformers/all-MiniLM-L6-v2
[20:54:56]   [container-err] Key                     | Status     |  | 
[20:54:56]   [container-err] ------------------------+------------+--+-
[20:54:56]   [container-err] embeddings.position_ids | UNEXPECTED |  | 
[20:54:56]   [container-err] 
[20:54:56]   [container-err] Notes:
[20:54:56]   [container-err] - UNEXPECTED:	can be ignored when loading from different task/architecture; not ok if you expect identical arch.
[20:54:56] [clawbench_mm-009_qwen3.6-27b_20260520_125318] Agent finished in 95.06s, returncode=0
[20:54:56] [clawbench_mm-009_qwen3.6-27b_20260520_125318] Agent result: passed=False, score=0.9474
[20:54:57] [mm-009] Result saved to /Volumes/F/work/ClawEvalkit-private-emnlp/outputs/harness/procedure/clawbench-official/qwen3.6-27b/mm-009.json
[20:55:00] [clawbench_mm-011_qwen3.6-27b_20260520_125457] Container started
[20:55:00] [mm-011] Harness detected, timeout adjusted: 300 → 480
[20:55:27]   [container] [setup] 运行 setup.sh: /app/claw-bench/tasks/multimodal/mm-010-db-schema-docs/environment/setup.sh
[20:55:27]   [container] [setup] setup.sh 成功
[20:55:27]   [container] [setup] 工作空间文件: ['schema.sql', 'instruction.md']
[20:55:27]   [container] DONE
[20:55:27]   [container-err] Loading weights:   0%|          | 0/103 [00:00<?, ?it/s]
[20:55:27]   [container-err] Loading weights: 100%|██████████| 103/103 [00:00<00:00, 13264.56it/s]
[20:55:27]   [container-err] [1mBertModel LOAD REPORT[0m from: sentence-transformers/all-MiniLM-L6-v2
[20:55:27]   [container-err] Key                     | Status     |  | 
[20:55:27]   [container-err] ------------------------+------------+--+-
[20:55:27]   [container-err] embeddings.position_ids | UNEXPECTED |  | 
[20:55:27]   [container-err] 
[20:55:27]   [container-err] Notes:
[20:55:27]   [container-err] - UNEXPECTED:	can be ignored when loading from different task/architecture; not ok if you expect identical arch.
[20:55:27] [clawbench_mm-010_qwen3.6-27b_20260520_125404] Agent finished in 80.26s, returncode=0
[20:55:27] [clawbench_mm-010_qwen3.6-27b_20260520_125404] Agent result: passed=True, score=1.0000
[20:55:27] [mm-010] Result saved to /Volumes/F/work/ClawEvalkit-private-emnlp/outputs/harness/procedure/clawbench-official/qwen3.6-27b/mm-010.json
[20:55:31] [clawbench_mm-012_qwen3.6-27b_20260520_125527] Container started
[20:55:31] [mm-012] Harness detected, timeout adjusted: 300 → 480
[20:56:21]   [container] [setup] 运行 setup.sh: /app/claw-bench/tasks/multimodal/mm-011-svg-chart-generator/environment/setup.sh
[20:56:21]   [container] [setup] setup.sh 成功
[20:56:21]   [container] [setup] 工作空间文件: ['chart_data.json', 'instruction.md']
[20:56:21]   [container] DONE
[20:56:21]   [container-err] Loading weights:   0%|          | 0/103 [00:00<?, ?it/s]
[20:56:21]   [container-err] Loading weights: 100%|██████████| 103/103 [00:00<00:00, 30743.90it/s]
[20:56:21]   [container-err] [1mBertModel LOAD REPORT[0m from: sentence-transformers/all-MiniLM-L6-v2
[20:56:21]   [container-err] Key                     | Status     |  | 
[20:56:21]   [container-err] ------------------------+------------+--+-
[20:56:21]   [container-err] embeddings.position_ids | UNEXPECTED |  | 
[20:56:21]   [container-err] 
[20:56:21]   [container-err] Notes:
[20:56:21]   [container-err] - UNEXPECTED:	can be ignored when loading from different task/architecture; not ok if you expect identical arch.
[20:56:21] [clawbench_mm-011_qwen3.6-27b_20260520_125457] Agent finished in 80.94s, returncode=0
[20:56:21] [clawbench_mm-011_qwen3.6-27b_20260520_125457] Agent result: passed=True, score=1.0000
[20:56:22] [mm-011] Result saved to /Volumes/F/work/ClawEvalkit-private-emnlp/outputs/harness/procedure/clawbench-official/qwen3.6-27b/mm-011.json
[20:56:25] [clawbench_mm-013_qwen3.6-27b_20260520_125622] Container started
[20:56:25] [mm-013] Harness detected, timeout adjusted: 300 → 480
[20:57:14]   [container] [setup] 运行 setup.sh: /app/claw-bench/tasks/multimodal/mm-012-html-report-from-mixed-sources/environment/setup.sh
[20:57:14]   [container] [setup] setup.sh 成功
[20:57:14]   [container] [setup] 工作空间文件: ['metadata.json', 'instruction.md', 'text_summary.txt', 'data_table.csv']
[20:57:14]   [container] DONE
[20:57:14]   [container-err] Loading weights:   0%|          | 0/103 [00:00<?, ?it/s]
[20:57:14]   [container-err] Loading weights: 100%|██████████| 103/103 [00:00<00:00, 16389.59it/s]
[20:57:14]   [container-err] [1mBertModel LOAD REPORT[0m from: sentence-transformers/all-MiniLM-L6-v2
[20:57:14]   [container-err] Key                     | Status     |  | 
[20:57:14]   [container-err] ------------------------+------------+--+-
[20:57:14]   [container-err] embeddings.position_ids | UNEXPECTED |  | 
[20:57:14]   [container-err] 
[20:57:14]   [container-err] Notes:
[20:57:14]   [container-err] - UNEXPECTED:	can be ignored when loading from different task/architecture; not ok if you expect identical arch.
[20:57:14] [clawbench_mm-012_qwen3.6-27b_20260520_125527] Agent finished in 102.83s, returncode=0
[20:57:14] [clawbench_mm-012_qwen3.6-27b_20260520_125527] Agent result: passed=True, score=1.0000
[20:57:15] [mm-012] Result saved to /Volumes/F/work/ClawEvalkit-private-emnlp/outputs/harness/procedure/clawbench-official/qwen3.6-27b/mm-012.json
[20:57:18] [clawbench_mm-014_qwen3.6-27b_20260520_125715] Container started
[20:57:18] [mm-014] Harness detected, timeout adjusted: 300 → 480
[20:57:30]   [container] [setup] 运行 setup.sh: /app/claw-bench/tasks/multimodal/mm-013-data-format-converter/environment/setup.sh
[20:57:30]   [container] [setup] setup.sh 成功
[20:57:30]   [container] [setup] 工作空间文件: ['input.csv', 'instruction.md', 'schema.json']
[20:57:30]   [container] DONE
[20:57:30]   [container-err] Loading weights:   0%|          | 0/103 [00:00<?, ?it/s]
[20:57:30]   [container-err] Loading weights: 100%|██████████| 103/103 [00:00<00:00, 11877.31it/s]
[20:57:30]   [container-err] [1mBertModel LOAD REPORT[0m from: sentence-transformers/all-MiniLM-L6-v2
[20:57:30]   [container-err] Key                     | Status     |  | 
[20:57:30]   [container-err] ------------------------+------------+--+-
[20:57:30]   [container-err] embeddings.position_ids | UNEXPECTED |  | 
[20:57:30]   [container-err] 
[20:57:30]   [container-err] Notes:
[20:57:30]   [container-err] - UNEXPECTED:	can be ignored when loading from different task/architecture; not ok if you expect identical arch.
[20:57:30] [clawbench_mm-013_qwen3.6-27b_20260520_125622] Agent finished in 65.23s, returncode=0
[20:57:30] [clawbench_mm-013_qwen3.6-27b_20260520_125622] Agent result: passed=True, score=1.0000
[20:57:31] [mm-013] Result saved to /Volumes/F/work/ClawEvalkit-private-emnlp/outputs/harness/procedure/clawbench-official/qwen3.6-27b/mm-013.json
[20:57:35] [clawbench_mm-015_qwen3.6-27b_20260520_125731] Container started
[20:57:35] [mm-015] Harness detected, timeout adjusted: 300 → 480
[20:58:13]   [container] [setup] 运行 setup.sh: /app/claw-bench/tasks/multimodal/mm-014-structured-diff-reporter/environment/setup.sh
[20:58:13]   [container] [setup] setup.sh 成功
[20:58:13]   [container] [setup] 工作空间文件: ['before.json', 'after.json', 'instruction.md']
[20:58:13]   [container] DONE
[20:58:13]   [container-err] Loading weights:   0%|          | 0/103 [00:00<?, ?it/s]
[20:58:13]   [container-err] Loading weights: 100%|██████████| 103/103 [00:00<00:00, 5931.15it/s]
[20:58:13]   [container-err] [1mBertModel LOAD REPORT[0m from: sentence-transformers/all-MiniLM-L6-v2
[20:58:13]   [container-err] Key                     | Status     |  | 
[20:58:13]   [container-err] ------------------------+------------+--+-
[20:58:13]   [container-err] embeddings.position_ids | UNEXPECTED |  | 
[20:58:13]   [container-err] 
[20:58:13]   [container-err] Notes:
[20:58:13]   [container-err] - UNEXPECTED:	can be ignored when loading from different task/architecture; not ok if you expect identical arch.
[20:58:13] [clawbench_mm-014_qwen3.6-27b_20260520_125715] Agent finished in 54.25s, returncode=0
[20:58:13] [clawbench_mm-014_qwen3.6-27b_20260520_125715] Agent result: passed=True, score=1.0000
[20:58:13] [mm-014] Result saved to /Volumes/F/work/ClawEvalkit-private-emnlp/outputs/harness/procedure/clawbench-official/qwen3.6-27b/mm-014.json
[20:58:17] [clawbench_plan-001_qwen3.6-27b_20260520_125813] Container started
[20:58:17] [plan-001] Harness detected, timeout adjusted: 180 → 360
[21:00:10]   [container] [setup] 运行 setup.sh: /app/claw-bench/tasks/multimodal/mm-015-multi-format-aggregator/environment/setup.sh
[21:00:10]   [container] [setup] setup.sh 成功
[21:00:10]   [container] [setup] 工作空间文件: ['notes.txt', 'instruction.md', 'inventory.json', 'sales.csv']
[21:00:10]   [container] DONE
[21:00:10]   [container-err] Loading weights:   0%|          | 0/103 [00:00<?, ?it/s]
[21:00:10]   [container-err] Loading weights: 100%|██████████| 103/103 [00:00<00:00, 24678.01it/s]
[21:00:10]   [container-err] [1mBertModel LOAD REPORT[0m from: sentence-transformers/all-MiniLM-L6-v2
[21:00:10]   [container-err] Key                     | Status     |  | 
[21:00:10]   [container-err] ------------------------+------------+--+-
[21:00:10]   [container-err] embeddings.position_ids | UNEXPECTED |  | 
[21:00:10]   [container-err] 
[21:00:10]   [container-err] Notes:
[21:00:10]   [container-err] - UNEXPECTED:	can be ignored when loading from different task/architecture; not ok if you expect identical arch.
[21:00:10] [clawbench_mm-015_qwen3.6-27b_20260520_125731] Agent finished in 155.09s, returncode=0
[21:00:10] [clawbench_mm-015_qwen3.6-27b_20260520_125731] Agent result: passed=True, score=1.0000
[21:00:11] [mm-015] Result saved to /Volumes/F/work/ClawEvalkit-private-emnlp/outputs/harness/procedure/clawbench-official/qwen3.6-27b/mm-015.json
[21:00:13] [clawbench_plan-002_qwen3.6-27b_20260520_130011] Container started
[21:00:13] [plan-002] Harness detected, timeout adjusted: 240 → 420
[21:00:59]   [container] [setup] 运行 setup.sh: /app/claw-bench/tasks/planning/plan-001/environment/setup.sh
[21:00:59]   [container] [setup] setup.sh 失败 (rc=1)
[21:00:59]   [container] [setup] stderr: cp: cannot stat '/app/claw-bench/tasks/planning/plan-001/environment/data/*': No such file or directory
[21:00:59]   [container] 
[21:00:59]   [container] [setup] 重试 (bash -x) ...
[21:00:59]   [container] [setup] 重试也失败 (rc=1)
[21:00:59]   [container] [setup] stderr: + set -euo pipefail
[21:00:59]   [container] +++ dirname /app/claw-bench/tasks/planning/plan-001/environment/setup.sh
[21:00:59]   [container] ++ cd /app/claw-bench/tasks/planning/plan-001/environment/..
[21:00:59]   [container] ++ pwd
[21:00:59]   [container] + TASK_DIR=/app/claw-bench/tasks/planning/plan-001
[21:00:59]   [container] + WORKSPACE=/tmp/clawbench_workspace
[21:00:59]   [container] + mkdir -p /tmp/clawbench_workspace
[21:00:59]   [container] + cp '/app/claw-bench/tasks/planning/plan-001/environment/data/*' /tmp/clawbench_workspace/
[21:00:59]   [container] cp: cannot stat '/app/claw-bench/tasks/planning/plan-001/environment/data/*': No such file or directory
[21:00:59]   [container] 
[21:00:59]   [container] [setup] 工作空间文件: ['instruction.md']
[21:00:59]   [container] DONE
[21:00:59]   [container-err] Loading weights:   0%|          | 0/103 [00:00<?, ?it/s]
[21:00:59]   [container-err] Loading weights: 100%|██████████| 103/103 [00:00<00:00, 26948.62it/s]
[21:00:59]   [container-err] [1mBertModel LOAD REPORT[0m from: sentence-transformers/all-MiniLM-L6-v2
[21:00:59]   [container-err] Key                     | Status     |  | 
[21:00:59]   [container-err] ------------------------+------------+--+-
[21:00:59]   [container-err] embeddings.position_ids | UNEXPECTED |  | 
[21:00:59]   [container-err] 
[21:00:59]   [container-err] Notes:
[21:00:59]   [container-err] - UNEXPECTED:	can be ignored when loading from different task/architecture; not ok if you expect identical arch.
[21:00:59] [clawbench_plan-001_qwen3.6-27b_20260520_125813] Agent finished in 161.24s, returncode=0
[21:00:59] [clawbench_plan-001_qwen3.6-27b_20260520_125813] Agent result: passed=False, score=0.9333
[21:00:59] [plan-001] Result saved to /Volumes/F/work/ClawEvalkit-private-emnlp/outputs/harness/procedure/clawbench-official/qwen3.6-27b/plan-001.json
[21:01:02] [clawbench_plan-003_qwen3.6-27b_20260520_130059] Container started
[21:01:02] [plan-003] Harness detected, timeout adjusted: 240 → 420
[21:02:14]   [container] [setup] 运行 setup.sh: /app/claw-bench/tasks/planning/plan-003/environment/setup.sh
[21:02:14]   [container] [setup] setup.sh 失败 (rc=1)
[21:02:14]   [container] [setup] stderr: cp: cannot stat '/app/claw-bench/tasks/planning/plan-003/environment/data/*': No such file or directory
[21:02:14]   [container] 
[21:02:14]   [container] [setup] 重试 (bash -x) ...
[21:02:14]   [container] [setup] 重试也失败 (rc=1)
[21:02:14]   [container] [setup] stderr: + set -euo pipefail
[21:02:14]   [container] +++ dirname /app/claw-bench/tasks/planning/plan-003/environment/setup.sh
[21:02:14]   [container] ++ cd /app/claw-bench/tasks/planning/plan-003/environment/..
[21:02:14]   [container] ++ pwd
[21:02:14]   [container] + TASK_DIR=/app/claw-bench/tasks/planning/plan-003
[21:02:14]   [container] + WORKSPACE=/tmp/clawbench_workspace
[21:02:14]   [container] + mkdir -p /tmp/clawbench_workspace
[21:02:14]   [container] + cp '/app/claw-bench/tasks/planning/plan-003/environment/data/*' /tmp/clawbench_workspace/
[21:02:14]   [container] cp: cannot stat '/app/claw-bench/tasks/planning/plan-003/environment/data/*': No such file or directory
[21:02:14]   [container] 
[21:02:14]   [container] [setup] 工作空间文件: ['instruction.md']
[21:02:14]   [container] DONE
[21:02:14]   [container-err] Loading weights:   0%|          | 0/103 [00:00<?, ?it/s]
[21:02:14]   [container-err] Loading weights: 100%|██████████| 103/103 [00:00<00:00, 20494.96it/s]
[21:02:14]   [container-err] [1mBertModel LOAD REPORT[0m from: sentence-transformers/all-MiniLM-L6-v2
[21:02:14]   [container-err] Key                     | Status     |  | 
[21:02:14]   [container-err] ------------------------+------------+--+-
[21:02:14]   [container-err] embeddings.position_ids | UNEXPECTED |  | 
[21:02:14]   [container-err] 
[21:02:14]   [container-err] Notes:
[21:02:14]   [container-err] - UNEXPECTED:	can be ignored when loading from different task/architecture; not ok if you expect identical arch.
[21:02:14] [clawbench_plan-003_qwen3.6-27b_20260520_130059] Agent finished in 71.79s, returncode=0
[21:02:14] [clawbench_plan-003_qwen3.6-27b_20260520_130059] Agent result: passed=False, score=0.0000
[21:02:15] [plan-003] Result saved to /Volumes/F/work/ClawEvalkit-private-emnlp/outputs/harness/procedure/clawbench-official/qwen3.6-27b/plan-003.json
[21:02:17] [clawbench_plan-004_qwen3.6-27b_20260520_130215] Container started
[21:02:17] [plan-004] Harness detected, timeout adjusted: 300 → 480
[21:02:43]   [container] [setup] 运行 setup.sh: /app/claw-bench/tasks/planning/plan-002/environment/setup.sh
[21:02:43]   [container] [setup] setup.sh 失败 (rc=1)
[21:02:43]   [container] [setup] stderr: cp: cannot stat '/app/claw-bench/tasks/planning/plan-002/environment/data/*': No such file or directory
[21:02:43]   [container] 
[21:02:43]   [container] [setup] 重试 (bash -x) ...
[21:02:43]   [container] [setup] 重试也失败 (rc=1)
[21:02:43]   [container] [setup] stderr: + set -euo pipefail
[21:02:43]   [container] +++ dirname /app/claw-bench/tasks/planning/plan-002/environment/setup.sh
[21:02:43]   [container] ++ cd /app/claw-bench/tasks/planning/plan-002/environment/..
[21:02:43]   [container] ++ pwd
[21:02:43]   [container] + TASK_DIR=/app/claw-bench/tasks/planning/plan-002
[21:02:43]   [container] + WORKSPACE=/tmp/clawbench_workspace
[21:02:43]   [container] + mkdir -p /tmp/clawbench_workspace
[21:02:43]   [container] + cp '/app/claw-bench/tasks/planning/plan-002/environment/data/*' /tmp/clawbench_workspace/
[21:02:43]   [container] cp: cannot stat '/app/claw-bench/tasks/planning/plan-002/environment/data/*': No such file or directory
[21:02:43]   [container] 
[21:02:43]   [container] [setup] 工作空间文件: ['instruction.md']
[21:02:43]   [container] DONE
[21:02:43]   [container-err] Loading weights:   0%|          | 0/103 [00:00<?, ?it/s]
[21:02:43]   [container-err] Loading weights: 100%|██████████| 103/103 [00:00<00:00, 37423.19it/s]
[21:02:43]   [container-err] [1mBertModel LOAD REPORT[0m from: sentence-transformers/all-MiniLM-L6-v2
[21:02:43]   [container-err] Key                     | Status     |  | 
[21:02:43]   [container-err] ------------------------+------------+--+-
[21:02:43]   [container-err] embeddings.position_ids | UNEXPECTED |  | 
[21:02:43]   [container-err] 
[21:02:43]   [container-err] Notes:
[21:02:43]   [container-err] - UNEXPECTED:	can be ignored when loading from different task/architecture; not ok if you expect identical arch.
[21:02:43] [clawbench_plan-002_qwen3.6-27b_20260520_130011] Agent finished in 149.88s, returncode=0
[21:02:43] [clawbench_plan-002_qwen3.6-27b_20260520_130011] Agent result: passed=True, score=1.0000
[21:02:45] [plan-002] Result saved to /Volumes/F/work/ClawEvalkit-private-emnlp/outputs/harness/procedure/clawbench-official/qwen3.6-27b/plan-002.json
[21:02:49] [clawbench_plan-005_qwen3.6-27b_20260520_130245] Container started
[21:02:49] [plan-005] Harness detected, timeout adjusted: 360 → 540
[21:05:46]   [container] [setup] 运行 setup.sh: /app/claw-bench/tasks/planning/plan-005/environment/setup.sh
[21:05:46]   [container] [setup] setup.sh 失败 (rc=1)
[21:05:46]   [container] [setup] stderr: cp: cannot stat '/app/claw-bench/tasks/planning/plan-005/environment/data/*': No such file or directory
[21:05:46]   [container] 
[21:05:46]   [container] [setup] 重试 (bash -x) ...
[21:05:46]   [container] [setup] 重试也失败 (rc=1)
[21:05:46]   [container] [setup] stderr: + set -euo pipefail
[21:05:46]   [container] +++ dirname /app/claw-bench/tasks/planning/plan-005/environment/setup.sh
[21:05:46]   [container] ++ cd /app/claw-bench/tasks/planning/plan-005/environment/..
[21:05:46]   [container] ++ pwd
[21:05:46]   [container] + TASK_DIR=/app/claw-bench/tasks/planning/plan-005
[21:05:46]   [container] + WORKSPACE=/tmp/clawbench_workspace
[21:05:46]   [container] + mkdir -p /tmp/clawbench_workspace
[21:05:46]   [container] + cp '/app/claw-bench/tasks/planning/plan-005/environment/data/*' /tmp/clawbench_workspace/
[21:05:46]   [container] cp: cannot stat '/app/claw-bench/tasks/planning/plan-005/environment/data/*': No such file or directory
[21:05:46]   [container] 
[21:05:46]   [container] [setup] 工作空间文件: ['instruction.md']
[21:05:46]   [container] DONE
[21:05:46]   [container-err] Loading weights:   0%|          | 0/103 [00:00<?, ?it/s]
[21:05:46]   [container-err] Loading weights: 100%|██████████| 103/103 [00:00<00:00, 21951.90it/s]
[21:05:46]   [container-err] [1mBertModel LOAD REPORT[0m from: sentence-transformers/all-MiniLM-L6-v2
[21:05:46]   [container-err] Key                     | Status     |  | 
[21:05:46]   [container-err] ------------------------+------------+--+-
[21:05:46]   [container-err] embeddings.position_ids | UNEXPECTED |  | 
[21:05:46]   [container-err] 
[21:05:46]   [container-err] Notes:
[21:05:46]   [container-err] - UNEXPECTED:	can be ignored when loading from different task/architecture; not ok if you expect identical arch.
[21:05:46] [clawbench_plan-005_qwen3.6-27b_20260520_130245] Agent finished in 177.54s, returncode=0
[21:05:46] [clawbench_plan-005_qwen3.6-27b_20260520_130245] Agent result: passed=True, score=1.0000
[21:05:47] [plan-005] Result saved to /Volumes/F/work/ClawEvalkit-private-emnlp/outputs/harness/procedure/clawbench-official/qwen3.6-27b/plan-005.json
[21:05:50] [clawbench_reg-001-gdpr-audit_qwen3.6-27b_20260520_130547] Container started
[21:05:50] [reg-001-gdpr-audit] Harness detected, timeout adjusted: 3600 → 3780
[21:06:33]   [container] [setup] 运行 setup.sh: /app/claw-bench/tasks/planning/plan-004/environment/setup.sh
[21:06:33]   [container] [setup] setup.sh 失败 (rc=1)
[21:06:33]   [container] [setup] stderr: cp: cannot stat '/app/claw-bench/tasks/planning/plan-004/environment/data/*': No such file or directory
[21:06:33]   [container] 
[21:06:33]   [container] [setup] 重试 (bash -x) ...
[21:06:33]   [container] [setup] 重试也失败 (rc=1)
[21:06:33]   [container] [setup] stderr: + set -euo pipefail
[21:06:33]   [container] +++ dirname /app/claw-bench/tasks/planning/plan-004/environment/setup.sh
[21:06:33]   [container] ++ cd /app/claw-bench/tasks/planning/plan-004/environment/..
[21:06:33]   [container] ++ pwd
[21:06:33]   [container] + TASK_DIR=/app/claw-bench/tasks/planning/plan-004
[21:06:33]   [container] + WORKSPACE=/tmp/clawbench_workspace
[21:06:33]   [container] + mkdir -p /tmp/clawbench_workspace
[21:06:33]   [container] + cp '/app/claw-bench/tasks/planning/plan-004/environment/data/*' /tmp/clawbench_workspace/
[21:06:33]   [container] cp: cannot stat '/app/claw-bench/tasks/planning/plan-004/environment/data/*': No such file or directory
[21:06:33]   [container] 
[21:06:33]   [container] [setup] 工作空间文件: ['instruction.md']
[21:06:33]   [container] DONE
[21:06:33]   [container-err] Loading weights:   0%|          | 0/103 [00:00<?, ?it/s]
[21:06:33]   [container-err] Loading weights: 100%|██████████| 103/103 [00:00<00:00, 37667.91it/s]
[21:06:33]   [container-err] [1mBertModel LOAD REPORT[0m from: sentence-transformers/all-MiniLM-L6-v2
[21:06:33]   [container-err] Key                     | Status     |  | 
[21:06:33]   [container-err] ------------------------+------------+--+-
[21:06:33]   [container-err] embeddings.position_ids | UNEXPECTED |  | 
[21:06:33]   [container-err] 
[21:06:33]   [container-err] Notes:
[21:06:33]   [container-err] - UNEXPECTED:	can be ignored when loading from different task/architecture; not ok if you expect identical arch.
[21:06:33] [clawbench_plan-004_qwen3.6-27b_20260520_130215] Agent finished in 255.64s, returncode=0
[21:06:33] [clawbench_plan-004_qwen3.6-27b_20260520_130215] Agent result: passed=False, score=0.9500
[21:06:33] [plan-004] Result saved to /Volumes/F/work/ClawEvalkit-private-emnlp/outputs/harness/procedure/clawbench-official/qwen3.6-27b/plan-004.json
[21:06:36] [clawbench_reg-002-sox-controls_qwen3.6-27b_20260520_130633] Container started
[21:06:36] [reg-002-sox-controls] Harness detected, timeout adjusted: 3600 → 3780
[21:07:48]   [container] [setup] 运行 setup.sh: /app/claw-bench/tasks/regulatory-compliance/reg-002-sox-controls/environment/setup.sh
[21:07:48]   [container] [setup] setup.sh 成功
[21:07:48]   [container] [setup] 工作空间文件: ['controls.csv', 'instruction.md']
[21:07:48]   [container] DONE
[21:07:48]   [container-err] Loading weights:   0%|          | 0/103 [00:00<?, ?it/s]
[21:07:48]   [container-err] Loading weights: 100%|██████████| 103/103 [00:00<00:00, 12250.83it/s]
[21:07:48]   [container-err] [1mBertModel LOAD REPORT[0m from: sentence-transformers/all-MiniLM-L6-v2
[21:07:48]   [container-err] Key                     | Status     |  | 
[21:07:48]   [container-err] ------------------------+------------+--+-
[21:07:48]   [container-err] embeddings.position_ids | UNEXPECTED |  | 
[21:07:48]   [container-err] 
[21:07:48]   [container-err] Notes:
[21:07:48]   [container-err] - UNEXPECTED:	can be ignored when loading from different task/architecture; not ok if you expect identical arch.
[21:07:48] [clawbench_reg-002-sox-controls_qwen3.6-27b_20260520_130633] Agent finished in 72.52s, returncode=0
[21:07:48] [clawbench_reg-002-sox-controls_qwen3.6-27b_20260520_130633] Agent result: passed=True, score=1.0000
[21:07:49] [reg-002-sox-controls] Result saved to /Volumes/F/work/ClawEvalkit-private-emnlp/outputs/harness/procedure/clawbench-official/qwen3.6-27b/reg-002-sox-controls.json
[21:07:51] [clawbench_reg-003-aml-screening_qwen3.6-27b_20260520_130749] Container started
[21:07:51] [reg-003-aml-screening] Harness detected, timeout adjusted: 3600 → 3780
[21:09:07]   [container] [setup] 运行 setup.sh: /app/claw-bench/tasks/regulatory-compliance/reg-001-gdpr-audit/environment/setup.sh
[21:09:07]   [container] [setup] setup.sh 成功
[21:09:07]   [container] [setup] 工作空间文件: ['processing_records.csv', 'instruction.md']
[21:09:07]   [container] DONE
[21:09:07]   [container-err] Loading weights:   0%|          | 0/103 [00:00<?, ?it/s]
[21:09:07]   [container-err] Loading weights: 100%|██████████| 103/103 [00:00<00:00, 8643.55it/s]
[21:09:07]   [container-err] [1mBertModel LOAD REPORT[0m from: sentence-transformers/all-MiniLM-L6-v2
[21:09:07]   [container-err] Key                     | Status     |  | 
[21:09:07]   [container-err] ------------------------+------------+--+-
[21:09:07]   [container-err] embeddings.position_ids | UNEXPECTED |  | 
[21:09:07]   [container-err] 
[21:09:07]   [container-err] Notes:
[21:09:07]   [container-err] - UNEXPECTED:	can be ignored when loading from different task/architecture; not ok if you expect identical arch.
[21:09:07] [clawbench_reg-001-gdpr-audit_qwen3.6-27b_20260520_130547] Agent finished in 196.98s, returncode=0
[21:09:07] [clawbench_reg-001-gdpr-audit_qwen3.6-27b_20260520_130547] Agent result: passed=True, score=1.0000
[21:09:08] [reg-001-gdpr-audit] Result saved to /Volumes/F/work/ClawEvalkit-private-emnlp/outputs/harness/procedure/clawbench-official/qwen3.6-27b/reg-001-gdpr-audit.json
[21:09:12] [clawbench_reg-004-hipaa-assessment_qwen3.6-27b_20260520_130908] Container started
[21:09:12] [reg-004-hipaa-assessment] Harness detected, timeout adjusted: 3600 → 3780
[21:09:46]   [container] [setup] 运行 setup.sh: /app/claw-bench/tasks/regulatory-compliance/reg-003-aml-screening/environment/setup.sh
[21:09:46]   [container] [setup] setup.sh 成功
[21:09:46]   [container] [setup] 工作空间文件: ['instruction.md', 'transactions.csv']
[21:09:46]   [container] DONE
[21:09:46]   [container-err] Loading weights:   0%|          | 0/103 [00:00<?, ?it/s]
[21:09:46]   [container-err] Loading weights: 100%|██████████| 103/103 [00:00<00:00, 29773.49it/s]
[21:09:46]   [container-err] [1mBertModel LOAD REPORT[0m from: sentence-transformers/all-MiniLM-L6-v2
[21:09:46]   [container-err] Key                     | Status     |  | 
[21:09:46]   [container-err] ------------------------+------------+--+-
[21:09:46]   [container-err] embeddings.position_ids | UNEXPECTED |  | 
[21:09:46]   [container-err] 
[21:09:46]   [container-err] Notes:
[21:09:46]   [container-err] - UNEXPECTED:	can be ignored when loading from different task/architecture; not ok if you expect identical arch.
[21:09:46] [clawbench_reg-003-aml-screening_qwen3.6-27b_20260520_130749] Agent finished in 114.68s, returncode=0
[21:09:46] [clawbench_reg-003-aml-screening_qwen3.6-27b_20260520_130749] Agent result: passed=True, score=1.0000
[21:09:46] [reg-003-aml-screening] Result saved to /Volumes/F/work/ClawEvalkit-private-emnlp/outputs/harness/procedure/clawbench-official/qwen3.6-27b/reg-003-aml-screening.json
[21:09:49] [clawbench_reg-005-environmental-report_qwen3.6-27b_20260520_130946] Container started
[21:09:49] [reg-005-environmental-report] Harness detected, timeout adjusted: 3600 → 3780
[21:10:44]   [container] [setup] 运行 setup.sh: /app/claw-bench/tasks/regulatory-compliance/reg-004-hipaa-assessment/environment/setup.sh
[21:10:44]   [container] [setup] setup.sh 成功
[21:10:44]   [container] [setup] 工作空间文件: ['system_config.json', 'instruction.md']
[21:10:44]   [container] DONE
[21:10:44]   [container-err] Loading weights:   0%|          | 0/103 [00:00<?, ?it/s]
[21:10:44]   [container-err] Loading weights: 100%|██████████| 103/103 [00:00<00:00, 33316.37it/s]
[21:10:44]   [container-err] [1mBertModel LOAD REPORT[0m from: sentence-transformers/all-MiniLM-L6-v2
[21:10:44]   [container-err] Key                     | Status     |  | 
[21:10:44]   [container-err] ------------------------+------------+--+-
[21:10:44]   [container-err] embeddings.position_ids | UNEXPECTED |  | 
[21:10:44]   [container-err] 
[21:10:44]   [container-err] Notes:
[21:10:44]   [container-err] - UNEXPECTED:	can be ignored when loading from different task/architecture; not ok if you expect identical arch.
[21:10:44] [clawbench_reg-004-hipaa-assessment_qwen3.6-27b_20260520_130908] Agent finished in 91.81s, returncode=0
[21:10:44] [clawbench_reg-004-hipaa-assessment_qwen3.6-27b_20260520_130908] Agent result: passed=True, score=1.0000
[21:10:44] [reg-004-hipaa-assessment] Result saved to /Volumes/F/work/ClawEvalkit-private-emnlp/outputs/harness/procedure/clawbench-official/qwen3.6-27b/reg-004-hipaa-assessment.json
[21:10:47] [clawbench_sci-001-ode-solver_qwen3.6-27b_20260520_131044] Container started
[21:10:47] [sci-001-ode-solver] Harness detected, timeout adjusted: 3600 → 3780
[21:11:21]   [container] [setup] 运行 setup.sh: /app/claw-bench/tasks/regulatory-compliance/reg-005-environmental-report/environment/setup.sh
[21:11:21]   [container] [setup] setup.sh 成功
[21:11:21]   [container] [setup] 工作空间文件: ['emissions_data.csv', 'instruction.md']
[21:11:21]   [container] DONE
[21:11:21]   [container-err] Loading weights:   0%|          | 0/103 [00:00<?, ?it/s]
[21:11:21]   [container-err] Loading weights: 100%|██████████| 103/103 [00:00<00:00, 7772.12it/s]
[21:11:21]   [container-err] [1mBertModel LOAD REPORT[0m from: sentence-transformers/all-MiniLM-L6-v2
[21:11:21]   [container-err] Key                     | Status     |  | 
[21:11:21]   [container-err] ------------------------+------------+--+-
[21:11:21]   [container-err] embeddings.position_ids | UNEXPECTED |  | 
[21:11:21]   [container-err] 
[21:11:21]   [container-err] Notes:
[21:11:21]   [container-err] - UNEXPECTED:	can be ignored when loading from different task/architecture; not ok if you expect identical arch.
[21:11:21] [clawbench_reg-005-environmental-report_qwen3.6-27b_20260520_130946] Agent finished in 91.15s, returncode=0
[21:11:21] [clawbench_reg-005-environmental-report_qwen3.6-27b_20260520_130946] Agent result: passed=True, score=1.0000
[21:11:21] [reg-005-environmental-report] Result saved to /Volumes/F/work/ClawEvalkit-private-emnlp/outputs/harness/procedure/clawbench-official/qwen3.6-27b/reg-005-environmental-report.json
[21:11:24] [clawbench_sci-002-monte-carlo_qwen3.6-27b_20260520_131121] Container started
[21:11:24] [sci-002-monte-carlo] Harness detected, timeout adjusted: 3600 → 3780
[21:13:09]   [container] [setup] 运行 setup.sh: /app/claw-bench/tasks/scientific-computing/sci-002-monte-carlo/environment/setup.sh
[21:13:09]   [container] [setup] setup.sh 成功
[21:13:09]   [container] [setup] 工作空间文件: ['instruction.md', '.placeholder']
[21:13:09]   [container] DONE
[21:13:09]   [container-err] Loading weights:   0%|          | 0/103 [00:00<?, ?it/s]
[21:13:09]   [container-err] Loading weights: 100%|██████████| 103/103 [00:00<00:00, 19742.86it/s]
[21:13:09]   [container-err] [1mBertModel LOAD REPORT[0m from: sentence-transformers/all-MiniLM-L6-v2
[21:13:09]   [container-err] Key                     | Status     |  | 
[21:13:09]   [container-err] ------------------------+------------+--+-
[21:13:09]   [container-err] embeddings.position_ids | UNEXPECTED |  | 
[21:13:09]   [container-err] 
[21:13:09]   [container-err] Notes:
[21:13:09]   [container-err] - UNEXPECTED:	can be ignored when loading from different task/architecture; not ok if you expect identical arch.
[21:13:09] [clawbench_sci-002-monte-carlo_qwen3.6-27b_20260520_131121] Agent finished in 104.63s, returncode=0
[21:13:09] [clawbench_sci-002-monte-carlo_qwen3.6-27b_20260520_131121] Agent result: passed=False, score=0.8000
[21:13:09] [sci-002-monte-carlo] Result saved to /Volumes/F/work/ClawEvalkit-private-emnlp/outputs/harness/procedure/clawbench-official/qwen3.6-27b/sci-002-monte-carlo.json
[21:13:12] [clawbench_sci-003-matrix-decomposition_qwen3.6-27b_20260520_131309] Container started
[21:13:12] [sci-003-matrix-decomposition] Harness detected, timeout adjusted: 3600 → 3780
[21:13:49]   [container] [setup] 运行 setup.sh: /app/claw-bench/tasks/scientific-computing/sci-001-ode-solver/environment/setup.sh
[21:13:49]   [container] [setup] setup.sh 成功
[21:13:49]   [container] [setup] 工作空间文件: ['parameters.json', 'instruction.md']
[21:13:49]   [container] DONE
[21:13:49]   [container-err] Loading weights:   0%|          | 0/103 [00:00<?, ?it/s]
[21:13:49]   [container-err] Loading weights: 100%|██████████| 103/103 [00:00<00:00, 2789.00it/s]
[21:13:49]   [container-err] [1mBertModel LOAD REPORT[0m from: sentence-transformers/all-MiniLM-L6-v2
[21:13:49]   [container-err] Key                     | Status     |  | 
[21:13:49]   [container-err] ------------------------+------------+--+-
[21:13:49]   [container-err] embeddings.position_ids | UNEXPECTED |  | 
[21:13:49]   [container-err] 
[21:13:49]   [container-err] Notes:
[21:13:49]   [container-err] - UNEXPECTED:	can be ignored when loading from different task/architecture; not ok if you expect identical arch.
[21:13:49] [clawbench_sci-001-ode-solver_qwen3.6-27b_20260520_131044] Agent finished in 182.03s, returncode=0
[21:13:49] [clawbench_sci-001-ode-solver_qwen3.6-27b_20260520_131044] Agent result: passed=True, score=1.0000
[21:13:50] [sci-001-ode-solver] Result saved to /Volumes/F/work/ClawEvalkit-private-emnlp/outputs/harness/procedure/clawbench-official/qwen3.6-27b/sci-001-ode-solver.json
[21:13:52] [clawbench_sci-004-signal-processing_qwen3.6-27b_20260520_131350] Container started
[21:13:52] [sci-004-signal-processing] Harness detected, timeout adjusted: 3600 → 3780
[21:14:23]   [container] [setup] 运行 setup.sh: /app/claw-bench/tasks/scientific-computing/sci-003-matrix-decomposition/environment/setup.sh
[21:14:23]   [container] [setup] setup.sh 成功
[21:14:23]   [container] [setup] 工作空间文件: ['instruction.md', 'data_matrix.csv']
[21:14:23]   [container] DONE
[21:14:23]   [container-err] Loading weights:   0%|          | 0/103 [00:00<?, ?it/s]
[21:14:23]   [container-err] Loading weights: 100%|██████████| 103/103 [00:00<00:00, 3148.07it/s]
[21:14:23]   [container-err] [1mBertModel LOAD REPORT[0m from: sentence-transformers/all-MiniLM-L6-v2
[21:14:23]   [container-err] Key                     | Status     |  | 
[21:14:23]   [container-err] ------------------------+------------+--+-
[21:14:23]   [container-err] embeddings.position_ids | UNEXPECTED |  | 
[21:14:23]   [container-err] 
[21:14:23]   [container-err] Notes:
[21:14:23]   [container-err] - UNEXPECTED:	can be ignored when loading from different task/architecture; not ok if you expect identical arch.
[21:14:23] [clawbench_sci-003-matrix-decomposition_qwen3.6-27b_20260520_131309] Agent finished in 71.42s, returncode=0
[21:14:23] [clawbench_sci-003-matrix-decomposition_qwen3.6-27b_20260520_131309] Agent result: passed=True, score=1.0000
[21:14:24] [sci-003-matrix-decomposition] Result saved to /Volumes/F/work/ClawEvalkit-private-emnlp/outputs/harness/procedure/clawbench-official/qwen3.6-27b/sci-003-matrix-decomposition.json
[21:14:26] [clawbench_sci-005-optimization_qwen3.6-27b_20260520_131424] Container started
[21:14:26] [sci-005-optimization] Harness detected, timeout adjusted: 3600 → 3780
[21:17:29]   [container] [setup] 运行 setup.sh: /app/claw-bench/tasks/scientific-computing/sci-004-signal-processing/environment/setup.sh
[21:17:29]   [container] [setup] setup.sh 失败 (rc=1)
[21:17:29]   [container] [setup] stderr: Traceback (most recent call last):
[21:17:29]   [container]   File "<stdin>", line 3, in <module>
[21:17:29]   [container] ModuleNotFoundError: No module named 'pandas'
[21:17:29]   [container] 
[21:17:29]   [container] [setup] 重试 (bash -x) ...
[21:17:29]   [container] [setup] 重试也失败 (rc=1)
[21:17:29]   [container] [setup] stderr: + set -euo pipefail
[21:17:29]   [container] + WORKSPACE=/tmp/clawbench_workspace
[21:17:29]   [container] + export WORKSPACE
[21:17:29]   [container] + mkdir -p /tmp/clawbench_workspace
[21:17:29]   [container] + python3 -
[21:17:29]   [container] Traceback (most recent call last):
[21:17:29]   [container]   File "<stdin>", line 3, in <module>
[21:17:29]   [container] ModuleNotFoundError: No module named 'pandas'
[21:17:29]   [container] 
[21:17:29]   [container] [setup] 工作空间文件: ['instruction.md']
[21:17:29]   [container] DONE
[21:17:29]   [container-err] Loading weights:   0%|          | 0/103 [00:00<?, ?it/s]
[21:17:29]   [container-err] Loading weights: 100%|██████████| 103/103 [00:00<00:00, 30378.55it/s]
[21:17:29]   [container-err] [1mBertModel LOAD REPORT[0m from: sentence-transformers/all-MiniLM-L6-v2
[21:17:29]   [container-err] Key                     | Status     |  | 
[21:17:29]   [container-err] ------------------------+------------+--+-
[21:17:29]   [container-err] embeddings.position_ids | UNEXPECTED |  | 
[21:17:29]   [container-err] 
[21:17:29]   [container-err] Notes:
[21:17:29]   [container-err] - UNEXPECTED:	can be ignored when loading from different task/architecture; not ok if you expect identical arch.
[21:17:29] [clawbench_sci-004-signal-processing_qwen3.6-27b_20260520_131350] Agent finished in 216.64s, returncode=0
[21:17:29] [clawbench_sci-004-signal-processing_qwen3.6-27b_20260520_131350] Agent result: passed=False, score=0.0000
[21:17:29] [sci-004-signal-processing] Result saved to /Volumes/F/work/ClawEvalkit-private-emnlp/outputs/harness/procedure/clawbench-official/qwen3.6-27b/sci-004-signal-processing.json
[21:17:32] [clawbench_sec-001_qwen3.6-27b_20260520_131729] Container started
[21:17:32] [sec-001] Harness detected, timeout adjusted: 120 → 300
[21:19:27]   [container] [setup] 运行 setup.sh: /app/claw-bench/tasks/security/sec-001-detect-hardcoded-credentials/environment/setup.sh
[21:19:27]   [container] [setup] setup.sh 成功
[21:19:27]   [container] [setup] 工作空间文件: ['auth_service.py', 'config.py', 'instruction.md', 'api_client.py']
[21:19:27]   [container] DONE
[21:19:27]   [container-err] Loading weights:   0%|          | 0/103 [00:00<?, ?it/s]
[21:19:27]   [container-err] Loading weights: 100%|██████████| 103/103 [00:00<00:00, 22032.50it/s]
[21:19:27]   [container-err] [1mBertModel LOAD REPORT[0m from: sentence-transformers/all-MiniLM-L6-v2
[21:19:27]   [container-err] Key                     | Status     |  | 
[21:19:27]   [container-err] ------------------------+------------+--+-
[21:19:27]   [container-err] embeddings.position_ids | UNEXPECTED |  | 
[21:19:27]   [container-err] 
[21:19:27]   [container-err] Notes:
[21:19:27]   [container-err] - UNEXPECTED:	can be ignored when loading from different task/architecture; not ok if you expect identical arch.
[21:19:27] [clawbench_sec-001_qwen3.6-27b_20260520_131729] Agent finished in 115.06s, returncode=0
[21:19:27] [clawbench_sec-001_qwen3.6-27b_20260520_131729] Agent result: passed=False, score=0.9091
[21:19:28] [sec-001] Result saved to /Volumes/F/work/ClawEvalkit-private-emnlp/outputs/harness/procedure/clawbench-official/qwen3.6-27b/sec-001.json
[21:19:32] [clawbench_sec-002_qwen3.6-27b_20260520_131928] Container started
[21:19:32] [sec-002] Harness detected, timeout adjusted: 120 → 300
[21:21:39]   [container] [setup] 运行 setup.sh: /app/claw-bench/tasks/scientific-computing/sci-005-optimization/environment/setup.sh
[21:21:39]   [container] [setup] setup.sh 失败 (rc=1)
[21:21:39]   [container] [setup] stderr: Traceback (most recent call last):
[21:21:39]   [container]   File "<stdin>", line 38, in <module>
[21:21:39]   [container] FileNotFoundError: [Errno 2] No such file or directory: '$WORKSPACE/optimization_problem.json'
[21:21:39]   [container] 
[21:21:39]   [container] [setup] 重试 (bash -x) ...
[21:21:39]   [container] [setup] 重试也失败 (rc=1)
[21:21:39]   [container] [setup] stderr: + set -euo pipefail
[21:21:39]   [container] + WORKSPACE=/tmp/clawbench_workspace
[21:21:39]   [container] + mkdir -p /tmp/clawbench_workspace
[21:21:39]   [container] + python3 -
[21:21:39]   [container] Traceback (most recent call last):
[21:21:39]   [container]   File "<stdin>", line 38, in <module>
[21:21:39]   [container] FileNotFoundError: [Errno 2] No such file or directory: '$WORKSPACE/optimization_problem.json'
[21:21:39]   [container] 
[21:21:39]   [container] [setup] 工作空间文件: ['instruction.md']
[21:21:39]   [container] DONE
[21:21:39]   [container-err] Loading weights:   0%|          | 0/103 [00:00<?, ?it/s]
[21:21:39]   [container-err] Loading weights: 100%|██████████| 103/103 [00:00<00:00, 98655.70it/s]
[21:21:39]   [container-err] [1mBertModel LOAD REPORT[0m from: sentence-transformers/all-MiniLM-L6-v2
[21:21:39]   [container-err] Key                     | Status     |  | 
[21:21:39]   [container-err] ------------------------+------------+--+-
[21:21:39]   [container-err] embeddings.position_ids | UNEXPECTED |  | 
[21:21:39]   [container-err] 
[21:21:39]   [container-err] Notes:
[21:21:39]   [container-err] - UNEXPECTED:	can be ignored when loading from different task/architecture; not ok if you expect identical arch.
[21:21:39] [clawbench_sci-005-optimization_qwen3.6-27b_20260520_131424] Agent finished in 433.22s, returncode=0
[21:21:39] [clawbench_sci-005-optimization_qwen3.6-27b_20260520_131424] Agent result: passed=False, score=0.6667
[21:21:40] [sci-005-optimization] Result saved to /Volumes/F/work/ClawEvalkit-private-emnlp/outputs/harness/procedure/clawbench-official/qwen3.6-27b/sci-005-optimization.json
[21:21:44] [clawbench_sec-003_qwen3.6-27b_20260520_132140] Container started
[21:21:44] [sec-003] Harness detected, timeout adjusted: 120 → 300
[21:23:20]   [container] [setup] 运行 setup.sh: /app/claw-bench/tasks/security/sec-003-check-file-permissions/environment/setup.sh
[21:23:20]   [container] [setup] setup.sh 成功
[21:23:20]   [container] [setup] 工作空间文件: ['permissions.txt', 'instruction.md']
[21:23:20]   [container] DONE
[21:23:20]   [container-err] Loading weights:   0%|          | 0/103 [00:00<?, ?it/s]
[21:23:20]   [container-err] Loading weights: 100%|██████████| 103/103 [00:00<00:00, 23630.53it/s]
[21:23:20]   [container-err] [1mBertModel LOAD REPORT[0m from: sentence-transformers/all-MiniLM-L6-v2
[21:23:20]   [container-err] Key                     | Status     |  | 
[21:23:20]   [container-err] ------------------------+------------+--+-
[21:23:20]   [container-err] embeddings.position_ids | UNEXPECTED |  | 
[21:23:20]   [container-err] 
[21:23:20]   [container-err] Notes:
[21:23:20]   [container-err] - UNEXPECTED:	can be ignored when loading from different task/architecture; not ok if you expect identical arch.
[21:23:20] [clawbench_sec-003_qwen3.6-27b_20260520_132140] Agent finished in 95.87s, returncode=0
[21:23:20] [clawbench_sec-003_qwen3.6-27b_20260520_132140] Agent result: passed=True, score=1.0000
[21:23:20] [sec-003] Result saved to /Volumes/F/work/ClawEvalkit-private-emnlp/outputs/harness/procedure/clawbench-official/qwen3.6-27b/sec-003.json
[21:23:23] [clawbench_sec-004_qwen3.6-27b_20260520_132320] Container started
[21:23:23] [sec-004] Harness detected, timeout adjusted: 180 → 360
[21:24:50]   [container] [setup] 运行 setup.sh: /app/claw-bench/tasks/security/sec-004-sql-injection-detection/environment/setup.sh
[21:24:50]   [container] [setup] setup.sh 成功
[21:24:50]   [container] [setup] 工作空间文件: ['instruction.md', 'queries.py']
[21:24:50]   [container] DONE
[21:24:50]   [container-err] Loading weights:   0%|          | 0/103 [00:00<?, ?it/s]
[21:24:50]   [container-err] Loading weights: 100%|██████████| 103/103 [00:00<00:00, 25246.22it/s]
[21:24:50]   [container-err] [1mBertModel LOAD REPORT[0m from: sentence-transformers/all-MiniLM-L6-v2
[21:24:50]   [container-err] Key                     | Status     |  | 
[21:24:50]   [container-err] ------------------------+------------+--+-
[21:24:50]   [container-err] embeddings.position_ids | UNEXPECTED |  | 
[21:24:50]   [container-err] 
[21:24:50]   [container-err] Notes:
[21:24:50]   [container-err] - UNEXPECTED:	can be ignored when loading from different task/architecture; not ok if you expect identical arch.
[21:24:50] [clawbench_sec-004_qwen3.6-27b_20260520_132320] Agent finished in 87.46s, returncode=0
[21:24:50] [clawbench_sec-004_qwen3.6-27b_20260520_132320] Agent result: passed=False, score=0.9333
[21:24:51] [sec-004] Result saved to /Volumes/F/work/ClawEvalkit-private-emnlp/outputs/harness/procedure/clawbench-official/qwen3.6-27b/sec-004.json
[21:24:53] [clawbench_sec-005_qwen3.6-27b_20260520_132451] Container started
[21:24:53] [sec-005] Harness detected, timeout adjusted: 180 → 360
[21:25:11]   [container] [setup] 运行 setup.sh: /app/claw-bench/tasks/security/sec-002-validate-password-strength/environment/setup.sh
[21:25:11]   [container] [setup] setup.sh 成功
[21:25:11]   [container] [setup] 工作空间文件: ['passwords.txt', 'instruction.md']
[21:25:11]   [container] DONE
[21:25:11]   [container-err] Loading weights:   0%|          | 0/103 [00:00<?, ?it/s]
[21:25:11]   [container-err] Loading weights: 100%|██████████| 103/103 [00:00<00:00, 8073.81it/s]
[21:25:11]   [container-err] [1mBertModel LOAD REPORT[0m from: sentence-transformers/all-MiniLM-L6-v2
[21:25:11]   [container-err] Key                     | Status     |  | 
[21:25:11]   [container-err] ------------------------+------------+--+-
[21:25:11]   [container-err] embeddings.position_ids | UNEXPECTED |  | 
[21:25:11]   [container-err] 
[21:25:11]   [container-err] Notes:
[21:25:11]   [container-err] - UNEXPECTED:	can be ignored when loading from different task/architecture; not ok if you expect identical arch.
[21:25:11] [clawbench_sec-002_qwen3.6-27b_20260520_131928] Agent finished in 338.62s, returncode=0
[21:25:11] [clawbench_sec-002_qwen3.6-27b_20260520_131928] Agent result: passed=True, score=1.0000
[21:25:11] [sec-002] Result saved to /Volumes/F/work/ClawEvalkit-private-emnlp/outputs/harness/procedure/clawbench-official/qwen3.6-27b/sec-002.json
[21:25:15] [clawbench_sec-006_qwen3.6-27b_20260520_132511] Container started
[21:25:15] [sec-006] Harness detected, timeout adjusted: 180 → 360
[21:26:34]   [container] [setup] 运行 setup.sh: /app/claw-bench/tasks/security/sec-005-xss-vulnerability-scan/environment/setup.sh
[21:26:34]   [container] [setup] setup.sh 成功
[21:26:34]   [container] [setup] 工作空间文件: ['profile.html', 'dashboard.html', 'instruction.md', 'comment.html', 'search.html', 'settings.html']
[21:26:34]   [container] DONE
[21:26:34]   [container-err] Loading weights:   0%|          | 0/103 [00:00<?, ?it/s]
[21:26:34]   [container-err] Loading weights: 100%|██████████| 103/103 [00:00<00:00, 24375.86it/s]
[21:26:34]   [container-err] [1mBertModel LOAD REPORT[0m from: sentence-transformers/all-MiniLM-L6-v2
[21:26:34]   [container-err] Key                     | Status     |  | 
[21:26:34]   [container-err] ------------------------+------------+--+-
[21:26:34]   [container-err] embeddings.position_ids | UNEXPECTED |  | 
[21:26:34]   [container-err] 
[21:26:34]   [container-err] Notes:
[21:26:34]   [container-err] - UNEXPECTED:	can be ignored when loading from different task/architecture; not ok if you expect identical arch.
[21:26:34] [clawbench_sec-005_qwen3.6-27b_20260520_132451] Agent finished in 100.72s, returncode=0
[21:26:34] [clawbench_sec-005_qwen3.6-27b_20260520_132451] Agent result: passed=True, score=1.0000
[21:26:34] [sec-005] Result saved to /Volumes/F/work/ClawEvalkit-private-emnlp/outputs/harness/procedure/clawbench-official/qwen3.6-27b/sec-005.json
[21:26:35]   [container] [setup] 运行 setup.sh: /app/claw-bench/tasks/security/sec-006-dependency-vulnerability-check/environment/setup.sh
[21:26:35]   [container] [setup] setup.sh 成功
[21:26:35]   [container] [setup] 工作空间文件: ['vuln_database.json', 'requirements.txt', 'instruction.md']
[21:26:35]   [container] DONE
[21:26:35]   [container-err] Loading weights:   0%|          | 0/103 [00:00<?, ?it/s]
[21:26:35]   [container-err] Loading weights: 100%|██████████| 103/103 [00:00<00:00, 23844.43it/s]
[21:26:35]   [container-err] [1mBertModel LOAD REPORT[0m from: sentence-transformers/all-MiniLM-L6-v2
[21:26:35]   [container-err] Key                     | Status     |  | 
[21:26:35]   [container-err] ------------------------+------------+--+-
[21:26:35]   [container-err] embeddings.position_ids | UNEXPECTED |  | 
[21:26:35]   [container-err] 
[21:26:35]   [container-err] Notes:
[21:26:35]   [container-err] - UNEXPECTED:	can be ignored when loading from different task/architecture; not ok if you expect identical arch.
[21:26:35] [clawbench_sec-006_qwen3.6-27b_20260520_132511] Agent finished in 80.33s, returncode=0
[21:26:35] [clawbench_sec-006_qwen3.6-27b_20260520_132511] Agent result: passed=True, score=1.0000
[21:26:36] [sec-006] Result saved to /Volumes/F/work/ClawEvalkit-private-emnlp/outputs/harness/procedure/clawbench-official/qwen3.6-27b/sec-006.json
[21:26:40] [clawbench_sec-007_qwen3.6-27b_20260520_132634] Container started
[21:26:40] [sec-007] Harness detected, timeout adjusted: 180 → 360
[21:26:40] [clawbench_sec-008_qwen3.6-27b_20260520_132636] Container started
[21:26:40] [sec-008] Harness detected, timeout adjusted: 180 → 360
[21:33:42] [sec-007] Result saved to /Volumes/F/work/ClawEvalkit-private-emnlp/outputs/harness/procedure/clawbench-official/qwen3.6-27b/sec-007.json
[21:33:42] [sec-008] Result saved to /Volumes/F/work/ClawEvalkit-private-emnlp/outputs/harness/procedure/clawbench-official/qwen3.6-27b/sec-008.json
[21:33:46] [clawbench_sec-010_qwen3.6-27b_20260520_133342] Container started
[21:33:46] [sec-010] Harness detected, timeout adjusted: 240 → 420
[21:33:46] [clawbench_sec-009_qwen3.6-27b_20260520_133342] Container started
[21:33:46] [sec-009] Harness detected, timeout adjusted: 240 → 420
[21:37:45]   [container] [setup] 运行 setup.sh: /app/claw-bench/tasks/security/sec-009-api-security-audit/environment/setup.sh
[21:37:45]   [container] [setup] setup.sh 成功
[21:37:45]   [container] [setup] 工作空间文件: ['instruction.md', 'api_spec.json']
[21:37:45]   [container] DONE
[21:37:45]   [container-err] Loading weights:   0%|          | 0/103 [00:00<?, ?it/s]
[21:37:45]   [container-err] Loading weights: 100%|██████████| 103/103 [00:00<00:00, 17432.54it/s]
[21:37:45]   [container-err] [1mBertModel LOAD REPORT[0m from: sentence-transformers/all-MiniLM-L6-v2
[21:37:45]   [container-err] Key                     | Status     |  | 
[21:37:45]   [container-err] ------------------------+------------+--+-
[21:37:45]   [container-err] embeddings.position_ids | UNEXPECTED |  | 
[21:37:45]   [container-err] 
[21:37:45]   [container-err] Notes:
[21:37:45]   [container-err] - UNEXPECTED:	can be ignored when loading from different task/architecture; not ok if you expect identical arch.
[21:37:45] [clawbench_sec-009_qwen3.6-27b_20260520_133342] Agent finished in 239.85s, returncode=0
[21:37:45] [clawbench_sec-009_qwen3.6-27b_20260520_133342] Agent result: passed=True, score=1.0000
[21:37:46] [sec-009] Result saved to /Volumes/F/work/ClawEvalkit-private-emnlp/outputs/harness/procedure/clawbench-official/qwen3.6-27b/sec-009.json
[21:37:51] [clawbench_sec-011_qwen3.6-27b_20260520_133746] Container started
[21:37:51] [sec-011] Harness detected, timeout adjusted: 240 → 420
[21:39:13]   [container] [setup] 运行 setup.sh: /app/claw-bench/tasks/security/sec-011-incident-response-plan/environment/setup.sh
[21:39:13]   [container] [setup] setup.sh 成功
[21:39:13]   [container] [setup] 工作空间文件: ['incident.json', 'instruction.md', 'playbooks.json']
[21:39:13]   [container] DONE
[21:39:13]   [container-err] Loading weights:   0%|          | 0/103 [00:00<?, ?it/s]
[21:39:13]   [container-err] Loading weights: 100%|██████████| 103/103 [00:00<00:00, 23107.26it/s]
[21:39:13]   [container-err] [1mBertModel LOAD REPORT[0m from: sentence-transformers/all-MiniLM-L6-v2
[21:39:13]   [container-err] Key                     | Status     |  | 
[21:39:13]   [container-err] ------------------------+------------+--+-
[21:39:13]   [container-err] embeddings.position_ids | UNEXPECTED |  | 
[21:39:13]   [container-err] 
[21:39:13]   [container-err] Notes:
[21:39:13]   [container-err] - UNEXPECTED:	can be ignored when loading from different task/architecture; not ok if you expect identical arch.
[21:39:13] [clawbench_sec-011_qwen3.6-27b_20260520_133746] Agent finished in 82.13s, returncode=0
[21:39:13] [clawbench_sec-011_qwen3.6-27b_20260520_133746] Agent result: passed=True, score=1.0000
[21:39:13] [sec-011] Result saved to /Volumes/F/work/ClawEvalkit-private-emnlp/outputs/harness/procedure/clawbench-official/qwen3.6-27b/sec-011.json
[21:39:16] [clawbench_sec-012_qwen3.6-27b_20260520_133913] Container started
[21:39:16] [sec-012] Harness detected, timeout adjusted: 240 → 420
[21:41:26]   [container] [setup] 运行 setup.sh: /app/claw-bench/tasks/security/sec-010-network-policy-analysis/environment/setup.sh
[21:41:26]   [container] [setup] setup.sh 成功
[21:41:26]   [container] [setup] 工作空间文件: ['firewall_rules.json', 'instruction.md']
[21:41:26]   [container] DONE
[21:41:26]   [container-err] Loading weights:   0%|          | 0/103 [00:00<?, ?it/s]
[21:41:26]   [container-err] Loading weights: 100%|██████████| 103/103 [00:00<00:00, 4281.47it/s]
[21:41:26]   [container-err] [1mBertModel LOAD REPORT[0m from: sentence-transformers/all-MiniLM-L6-v2
[21:41:26]   [container-err] Key                     | Status     |  | 
[21:41:26]   [container-err] ------------------------+------------+--+-
[21:41:26]   [container-err] embeddings.position_ids | UNEXPECTED |  | 
[21:41:26]   [container-err] 
[21:41:26]   [container-err] Notes:
[21:41:26]   [container-err] - UNEXPECTED:	can be ignored when loading from different task/architecture; not ok if you expect identical arch.
[21:41:26] [clawbench_sec-010_qwen3.6-27b_20260520_133342] Agent finished in 460.16s, returncode=0
[21:41:26] [clawbench_sec-010_qwen3.6-27b_20260520_133342] Agent result: passed=True, score=1.0000
[21:41:26] [sec-010] Result saved to /Volumes/F/work/ClawEvalkit-private-emnlp/outputs/harness/procedure/clawbench-official/qwen3.6-27b/sec-010.json
[21:41:29] [clawbench_sec-013_qwen3.6-27b_20260520_134126] Container started
[21:41:29] [sec-013] Harness detected, timeout adjusted: 300 → 480
[21:42:06]   [container] [setup] 运行 setup.sh: /app/claw-bench/tasks/security/sec-012-secrets-scanning-git-history/environment/setup.sh
[21:42:06]   [container] [setup] setup.sh 成功
[21:42:06]   [container] [setup] 工作空间文件: ['commit_01.diff', 'commit_10.diff', 'commit_06.diff', 'commit_07.diff', 'instruction.md', 'commit_08.diff', 'commit_04.diff', 'commit_05.diff', 'commit_09.diff', 'commit_02.diff', 'commit_03.diff']
[21:42:06]   [container] DONE
[21:42:06]   [container-err] Loading weights:   0%|          | 0/103 [00:00<?, ?it/s]
[21:42:06]   [container-err] Loading weights: 100%|██████████| 103/103 [00:00<00:00, 31131.61it/s]
[21:42:06]   [container-err] [1mBertModel LOAD REPORT[0m from: sentence-transformers/all-MiniLM-L6-v2
[21:42:06]   [container-err] Key                     | Status     |  | 
[21:42:06]   [container-err] ------------------------+------------+--+-
[21:42:06]   [container-err] embeddings.position_ids | UNEXPECTED |  | 
[21:42:06]   [container-err] 
[21:42:06]   [container-err] Notes:
[21:42:06]   [container-err] - UNEXPECTED:	can be ignored when loading from different task/architecture; not ok if you expect identical arch.
[21:42:06] [clawbench_sec-012_qwen3.6-27b_20260520_133913] Agent finished in 170.28s, returncode=0
[21:42:07] [clawbench_sec-012_qwen3.6-27b_20260520_133913] Agent result: passed=False, score=0.9412
[21:42:08] [sec-012] Result saved to /Volumes/F/work/ClawEvalkit-private-emnlp/outputs/harness/procedure/clawbench-official/qwen3.6-27b/sec-012.json
[21:42:11] [clawbench_sec-014_qwen3.6-27b_20260520_134208] Container started
[21:42:11] [sec-014] Harness detected, timeout adjusted: 300 → 480
[21:43:45]   [container] [setup] 运行 setup.sh: /app/claw-bench/tasks/security/sec-014-compliance-audit/environment/setup.sh
[21:43:45]   [container] [setup] setup.sh 成功
[21:43:45]   [container] [setup] 工作空间文件: ['logging.json', 'compliance_rules.json', 'auth_config.json', 'web_server.json', 'instruction.md', 'database.json', 'network.json']
[21:43:45]   [container] DONE
[21:43:45]   [container-err] Loading weights:   0%|          | 0/103 [00:00<?, ?it/s]
[21:43:45]   [container-err] Loading weights: 100%|██████████| 103/103 [00:00<00:00, 39363.40it/s]
[21:43:45]   [container-err] [1mBertModel LOAD REPORT[0m from: sentence-transformers/all-MiniLM-L6-v2
[21:43:45]   [container-err] Key                     | Status     |  | 
[21:43:45]   [container-err] ------------------------+------------+--+-
[21:43:45]   [container-err] embeddings.position_ids | UNEXPECTED |  | 
[21:43:45]   [container-err] 
[21:43:45]   [container-err] Notes:
[21:43:45]   [container-err] - UNEXPECTED:	can be ignored when loading from different task/architecture; not ok if you expect identical arch.
[21:43:45] [clawbench_sec-014_qwen3.6-27b_20260520_134208] Agent finished in 93.59s, returncode=0
[21:43:45] [clawbench_sec-014_qwen3.6-27b_20260520_134208] Agent result: passed=True, score=1.0000
[21:43:46] [sec-014] Result saved to /Volumes/F/work/ClawEvalkit-private-emnlp/outputs/harness/procedure/clawbench-official/qwen3.6-27b/sec-014.json
[21:43:49] [clawbench_sec-015_qwen3.6-27b_20260520_134346] Container started
[21:43:49] [sec-015] Harness detected, timeout adjusted: 360 → 540
[21:44:40]   [container] [setup] 运行 setup.sh: /app/claw-bench/tasks/security/sec-013-threat-model-generation/environment/setup.sh
[21:44:40]   [container] [setup] setup.sh 成功
[21:44:40]   [container] [setup] 工作空间文件: ['instruction.md', 'architecture.json']
[21:44:40]   [container] DONE
[21:44:40]   [container-err] Loading weights:   0%|          | 0/103 [00:00<?, ?it/s]
[21:44:40]   [container-err] Loading weights: 100%|██████████| 103/103 [00:00<00:00, 30783.33it/s]
[21:44:40]   [container-err] [1mBertModel LOAD REPORT[0m from: sentence-transformers/all-MiniLM-L6-v2
[21:44:40]   [container-err] Key                     | Status     |  | 
[21:44:40]   [container-err] ------------------------+------------+--+-
[21:44:40]   [container-err] embeddings.position_ids | UNEXPECTED |  | 
[21:44:40]   [container-err] 
[21:44:40]   [container-err] Notes:
[21:44:40]   [container-err] - UNEXPECTED:	can be ignored when loading from different task/architecture; not ok if you expect identical arch.
[21:44:40] [clawbench_sec-013_qwen3.6-27b_20260520_134126] Agent finished in 190.87s, returncode=0
[21:44:40] [clawbench_sec-013_qwen3.6-27b_20260520_134126] Agent result: passed=True, score=1.0000
[21:44:40] [sec-013] Result saved to /Volumes/F/work/ClawEvalkit-private-emnlp/outputs/harness/procedure/clawbench-official/qwen3.6-27b/sec-013.json
[21:44:44] [clawbench_sys-001_qwen3.6-27b_20260520_134440] Container started
[21:44:44] [sys-001] Harness detected, timeout adjusted: 120 → 300
[21:45:23]   [container] [setup] 运行 setup.sh: /app/claw-bench/tasks/system-admin/sys-001-disk-usage-report/environment/setup.sh
[21:45:23]   [container] [setup] setup.sh 成功
[21:45:23]   [container] [setup] 工作空间文件: ['filesystem.txt', 'instruction.md']
[21:45:23]   [container] DONE
[21:45:23]   [container-err] Loading weights:   0%|          | 0/103 [00:00<?, ?it/s]
[21:45:23]   [container-err] Loading weights: 100%|██████████| 103/103 [00:00<00:00, 7942.15it/s]
[21:45:23]   [container-err] [1mBertModel LOAD REPORT[0m from: sentence-transformers/all-MiniLM-L6-v2
[21:45:23]   [container-err] Key                     | Status     |  | 
[21:45:23]   [container-err] ------------------------+------------+--+-
[21:45:23]   [container-err] embeddings.position_ids | UNEXPECTED |  | 
[21:45:23]   [container-err] 
[21:45:23]   [container-err] Notes:
[21:45:23]   [container-err] - UNEXPECTED:	can be ignored when loading from different task/architecture; not ok if you expect identical arch.
[21:45:23] [clawbench_sys-001_qwen3.6-27b_20260520_134440] Agent finished in 38.67s, returncode=0
[21:45:23] [clawbench_sys-001_qwen3.6-27b_20260520_134440] Agent result: passed=True, score=1.0000
[21:45:24] [sys-001] Result saved to /Volumes/F/work/ClawEvalkit-private-emnlp/outputs/harness/procedure/clawbench-official/qwen3.6-27b/sys-001.json
[21:45:27] [clawbench_sys-002_qwen3.6-27b_20260520_134524] Container started
[21:45:27] [sys-002] Harness detected, timeout adjusted: 120 → 300
[21:46:04]   [container] [setup] 运行 setup.sh: /app/claw-bench/tasks/security/sec-015-full-security-assessment/environment/setup.sh
[21:46:04]   [container] [setup] setup.sh 成功
[21:46:04]   [container] [setup] 工作空间文件: ['config.py', 'requirements.txt', 'Dockerfile', 'instruction.md', 'app.py', 'docker-compose.yml']
[21:46:04]   [container] DONE
[21:46:04]   [container-err] Loading weights:   0%|          | 0/103 [00:00<?, ?it/s]
[21:46:04]   [container-err] Loading weights: 100%|██████████| 103/103 [00:00<00:00, 32506.64it/s]
[21:46:04]   [container-err] [1mBertModel LOAD REPORT[0m from: sentence-transformers/all-MiniLM-L6-v2
[21:46:04]   [container-err] Key                     | Status     |  | 
[21:46:04]   [container-err] ------------------------+------------+--+-
[21:46:04]   [container-err] embeddings.position_ids | UNEXPECTED |  | 
[21:46:04]   [container-err] 
[21:46:04]   [container-err] Notes:
[21:46:04]   [container-err] - UNEXPECTED:	can be ignored when loading from different task/architecture; not ok if you expect identical arch.
[21:46:04] [clawbench_sec-015_qwen3.6-27b_20260520_134346] Agent finished in 134.46s, returncode=0
[21:46:04] [clawbench_sec-015_qwen3.6-27b_20260520_134346] Agent result: passed=True, score=1.0000
[21:46:05] [sec-015] Result saved to /Volumes/F/work/ClawEvalkit-private-emnlp/outputs/harness/procedure/clawbench-official/qwen3.6-27b/sec-015.json
[21:46:08] [clawbench_sys-003_qwen3.6-27b_20260520_134605] Container started
[21:46:08] [sys-003] Harness detected, timeout adjusted: 120 → 300
[21:46:15]   [container] [setup] 运行 setup.sh: /app/claw-bench/tasks/system-admin/sys-002-parse-process-list/environment/setup.sh
[21:46:15]   [container] [setup] setup.sh 成功
[21:46:15]   [container] [setup] 工作空间文件: ['instruction.md', 'processes.txt']
[21:46:15]   [container] DONE
[21:46:15]   [container-err] Loading weights:   0%|          | 0/103 [00:00<?, ?it/s]
[21:46:15]   [container-err] Loading weights: 100%|██████████| 103/103 [00:00<00:00, 77840.24it/s]
[21:46:15]   [container-err] [1mBertModel LOAD REPORT[0m from: sentence-transformers/all-MiniLM-L6-v2
[21:46:15]   [container-err] Key                     | Status     |  | 
[21:46:15]   [container-err] ------------------------+------------+--+-
[21:46:15]   [container-err] embeddings.position_ids | UNEXPECTED |  | 
[21:46:15]   [container-err] 
[21:46:15]   [container-err] Notes:
[21:46:15]   [container-err] - UNEXPECTED:	can be ignored when loading from different task/architecture; not ok if you expect identical arch.
[21:46:15] [clawbench_sys-002_qwen3.6-27b_20260520_134524] Agent finished in 48.56s, returncode=0
[21:46:15] [clawbench_sys-002_qwen3.6-27b_20260520_134524] Agent result: passed=True, score=1.0000
[21:46:16] [sys-002] Result saved to /Volumes/F/work/ClawEvalkit-private-emnlp/outputs/harness/procedure/clawbench-official/qwen3.6-27b/sys-002.json
[21:46:20] [clawbench_sys-004_qwen3.6-27b_20260520_134616] Container started
[21:46:20] [sys-004] Harness detected, timeout adjusted: 180 → 360
[21:46:55]   [container] [setup] 运行 setup.sh: /app/claw-bench/tasks/system-admin/sys-003-check-port-availability/environment/setup.sh
[21:46:55]   [container] [setup] setup.sh 成功
[21:46:55]   [container] [setup] 工作空间文件: ['instruction.md', 'ports.txt']
[21:46:55]   [container] DONE
[21:46:55]   [container-err] Loading weights:   0%|          | 0/103 [00:00<?, ?it/s]
[21:46:55]   [container-err] Loading weights: 100%|██████████| 103/103 [00:00<00:00, 74742.79it/s]
[21:46:55]   [container-err] [1mBertModel LOAD REPORT[0m from: sentence-transformers/all-MiniLM-L6-v2
[21:46:55]   [container-err] Key                     | Status     |  | 
[21:46:55]   [container-err] ------------------------+------------+--+-
[21:46:55]   [container-err] embeddings.position_ids | UNEXPECTED |  | 
[21:46:55]   [container-err] 
[21:46:55]   [container-err] Notes:
[21:46:55]   [container-err] - UNEXPECTED:	can be ignored when loading from different task/architecture; not ok if you expect identical arch.
[21:46:55] [clawbench_sys-003_qwen3.6-27b_20260520_134605] Agent finished in 46.20s, returncode=0
[21:46:55] [clawbench_sys-003_qwen3.6-27b_20260520_134605] Agent result: passed=True, score=1.0000
[21:46:55] [sys-003] Result saved to /Volumes/F/work/ClawEvalkit-private-emnlp/outputs/harness/procedure/clawbench-official/qwen3.6-27b/sys-003.json
[21:46:58] [clawbench_sys-005_qwen3.6-27b_20260520_134655] Container started
[21:46:58] [sys-005] Harness detected, timeout adjusted: 180 → 360
[21:47:00]   [container] [setup] 运行 setup.sh: /app/claw-bench/tasks/system-admin/sys-004-log-analysis/environment/setup.sh
[21:47:00]   [container] [setup] setup.sh 成功
[21:47:00]   [container] [setup] 工作空间文件: ['instruction.md', 'syslog.txt']
[21:47:00]   [container] DONE
[21:47:00]   [container-err] Loading weights:   0%|          | 0/103 [00:00<?, ?it/s]
[21:47:00]   [container-err] Loading weights: 100%|██████████| 103/103 [00:00<00:00, 45861.29it/s]
[21:47:00]   [container-err] [1mBertModel LOAD REPORT[0m from: sentence-transformers/all-MiniLM-L6-v2
[21:47:00]   [container-err] Key                     | Status     |  | 
[21:47:00]   [container-err] ------------------------+------------+--+-
[21:47:00]   [container-err] embeddings.position_ids | UNEXPECTED |  | 
[21:47:00]   [container-err] 
[21:47:00]   [container-err] Notes:
[21:47:00]   [container-err] - UNEXPECTED:	can be ignored when loading from different task/architecture; not ok if you expect identical arch.
[21:47:00] [clawbench_sys-004_qwen3.6-27b_20260520_134616] Agent finished in 39.57s, returncode=0
[21:47:00] [clawbench_sys-004_qwen3.6-27b_20260520_134616] Agent result: passed=True, score=1.0000
[21:47:00] [sys-004] Result saved to /Volumes/F/work/ClawEvalkit-private-emnlp/outputs/harness/procedure/clawbench-official/qwen3.6-27b/sys-004.json
[21:47:03] [clawbench_sys-006_qwen3.6-27b_20260520_134700] Container started
[21:47:03] [sys-006] Harness detected, timeout adjusted: 180 → 360
[21:48:06]   [container] [setup] 运行 setup.sh: /app/claw-bench/tasks/system-admin/sys-006-config-file-audit/environment/setup.sh
[21:48:06]   [container] [setup] setup.sh 成功
[21:48:06]   [container] [setup] 工作空间文件: ['my.cnf', 'ssh_config', 'instruction.md', 'nginx.conf']
[21:48:06]   [container] DONE
[21:48:06]   [container-err] Loading weights:   0%|          | 0/103 [00:00<?, ?it/s]
[21:48:06]   [container-err] Loading weights: 100%|██████████| 103/103 [00:00<00:00, 62115.50it/s]
[21:48:06]   [container-err] [1mBertModel LOAD REPORT[0m from: sentence-transformers/all-MiniLM-L6-v2
[21:48:06]   [container-err] Key                     | Status     |  | 
[21:48:06]   [container-err] ------------------------+------------+--+-
[21:48:06]   [container-err] embeddings.position_ids | UNEXPECTED |  | 
[21:48:06]   [container-err] 
[21:48:06]   [container-err] Notes:
[21:48:06]   [container-err] - UNEXPECTED:	can be ignored when loading from different task/architecture; not ok if you expect identical arch.
[21:48:06] [clawbench_sys-006_qwen3.6-27b_20260520_134700] Agent finished in 63.14s, returncode=0
[21:48:06] [clawbench_sys-006_qwen3.6-27b_20260520_134700] Agent result: passed=False, score=0.9545
[21:48:07] [sys-006] Result saved to /Volumes/F/work/ClawEvalkit-private-emnlp/outputs/harness/procedure/clawbench-official/qwen3.6-27b/sys-006.json
[21:48:10] [clawbench_sys-007_qwen3.6-27b_20260520_134807] Container started
[21:48:10] [sys-007] Harness detected, timeout adjusted: 180 → 360
[21:48:22]   [container] [setup] 运行 setup.sh: /app/claw-bench/tasks/system-admin/sys-005-cron-expression-parser/environment/setup.sh
[21:48:22]   [container] [setup] setup.sh 成功
[21:48:22]   [container] [setup] 工作空间文件: ['instruction.md', 'crontab.txt']
[21:48:22]   [container] DONE
[21:48:22]   [container-err] Loading weights:   0%|          | 0/103 [00:00<?, ?it/s]
[21:48:22]   [container-err] Loading weights: 100%|██████████| 103/103 [00:00<00:00, 30827.27it/s]
[21:48:22]   [container-err] [1mBertModel LOAD REPORT[0m from: sentence-transformers/all-MiniLM-L6-v2
[21:48:22]   [container-err] Key                     | Status     |  | 
[21:48:22]   [container-err] ------------------------+------------+--+-
[21:48:22]   [container-err] embeddings.position_ids | UNEXPECTED |  | 
[21:48:22]   [container-err] 
[21:48:22]   [container-err] Notes:
[21:48:22]   [container-err] - UNEXPECTED:	can be ignored when loading from different task/architecture; not ok if you expect identical arch.
[21:48:22] [clawbench_sys-005_qwen3.6-27b_20260520_134655] Agent finished in 83.83s, returncode=0
[21:48:22] [clawbench_sys-005_qwen3.6-27b_20260520_134655] Agent result: passed=True, score=1.0000
[21:48:22] [sys-005] Result saved to /Volumes/F/work/ClawEvalkit-private-emnlp/outputs/harness/procedure/clawbench-official/qwen3.6-27b/sys-005.json
[21:48:27] [clawbench_sys-008_qwen3.6-27b_20260520_134822] Container started
[21:48:27] [sys-008] Harness detected, timeout adjusted: 240 → 420
[21:48:53]   [container] [setup] 运行 setup.sh: /app/claw-bench/tasks/system-admin/sys-007-service-dependency-mapping/environment/setup.sh
[21:48:53]   [container] [setup] setup.sh 成功
[21:48:53]   [container] [setup] 工作空间文件: ['services.yaml', 'instruction.md']
[21:48:53]   [container] DONE
[21:48:53]   [container-err] Loading weights:   0%|          | 0/103 [00:00<?, ?it/s]
[21:48:53]   [container-err] Loading weights: 100%|██████████| 103/103 [00:00<00:00, 44629.47it/s]
[21:48:53]   [container-err] [1mBertModel LOAD REPORT[0m from: sentence-transformers/all-MiniLM-L6-v2
[21:48:53]   [container-err] Key                     | Status     |  | 
[21:48:53]   [container-err] ------------------------+------------+--+-
[21:48:53]   [container-err] embeddings.position_ids | UNEXPECTED |  | 
[21:48:53]   [container-err] 
[21:48:53]   [container-err] Notes:
[21:48:53]   [container-err] - UNEXPECTED:	can be ignored when loading from different task/architecture; not ok if you expect identical arch.
[21:48:53] [clawbench_sys-007_qwen3.6-27b_20260520_134807] Agent finished in 43.19s, returncode=0
[21:48:53] [clawbench_sys-007_qwen3.6-27b_20260520_134807] Agent result: passed=True, score=1.0000
[21:48:54] [sys-007] Result saved to /Volumes/F/work/ClawEvalkit-private-emnlp/outputs/harness/procedure/clawbench-official/qwen3.6-27b/sys-007.json
[21:48:57] [clawbench_sys-009_qwen3.6-27b_20260520_134854] Container started
[21:48:57] [sys-009] Harness detected, timeout adjusted: 240 → 420
[21:49:35]   [container] [setup] 运行 setup.sh: /app/claw-bench/tasks/system-admin/sys-008-log-rotation-script/environment/setup.sh
[21:49:35]   [container] [setup] setup.sh 成功
[21:49:35]   [container] [setup] 工作空间文件: ['instruction.md', 'log_manifest.json']
[21:49:35]   [container] DONE
[21:49:35]   [container-err] Loading weights:   0%|          | 0/103 [00:00<?, ?it/s]
[21:49:35]   [container-err] Loading weights: 100%|██████████| 103/103 [00:00<00:00, 18200.76it/s]
[21:49:35]   [container-err] [1mBertModel LOAD REPORT[0m from: sentence-transformers/all-MiniLM-L6-v2
[21:49:35]   [container-err] Key                     | Status     |  | 
[21:49:35]   [container-err] ------------------------+------------+--+-
[21:49:35]   [container-err] embeddings.position_ids | UNEXPECTED |  | 
[21:49:35]   [container-err] 
[21:49:35]   [container-err] Notes:
[21:49:35]   [container-err] - UNEXPECTED:	can be ignored when loading from different task/architecture; not ok if you expect identical arch.
[21:49:35] [clawbench_sys-008_qwen3.6-27b_20260520_134822] Agent finished in 68.02s, returncode=0
[21:49:35] [clawbench_sys-008_qwen3.6-27b_20260520_134822] Agent result: passed=True, score=1.0000
[21:49:36] [sys-008] Result saved to /Volumes/F/work/ClawEvalkit-private-emnlp/outputs/harness/procedure/clawbench-official/qwen3.6-27b/sys-008.json
[21:49:38] [clawbench_sys-010_qwen3.6-27b_20260520_134936] Container started
[21:49:38] [sys-010] Harness detected, timeout adjusted: 300 → 480
[21:49:58]   [container] [setup] 运行 setup.sh: /app/claw-bench/tasks/system-admin/sys-009-performance-diagnostic/environment/setup.sh
[21:49:58]   [container] [setup] setup.sh 成功
[21:49:58]   [container] [setup] 工作空间文件: ['memory.csv', 'instruction.md', 'disk_io.csv', 'cpu.csv']
[21:49:58]   [container] DONE
[21:49:58]   [container-err] Loading weights:   0%|          | 0/103 [00:00<?, ?it/s]
[21:49:58]   [container-err] Loading weights: 100%|██████████| 103/103 [00:00<00:00, 32545.83it/s]
[21:49:58]   [container-err] [1mBertModel LOAD REPORT[0m from: sentence-transformers/all-MiniLM-L6-v2
[21:49:58]   [container-err] Key                     | Status     |  | 
[21:49:58]   [container-err] ------------------------+------------+--+-
[21:49:58]   [container-err] embeddings.position_ids | UNEXPECTED |  | 
[21:49:58]   [container-err] 
[21:49:58]   [container-err] Notes:
[21:49:58]   [container-err] - UNEXPECTED:	can be ignored when loading from different task/architecture; not ok if you expect identical arch.
[21:49:58] [clawbench_sys-009_qwen3.6-27b_20260520_134854] Agent finished in 61.58s, returncode=0
[21:49:58] [clawbench_sys-009_qwen3.6-27b_20260520_134854] Agent result: passed=True, score=1.0000
[21:49:59] [sys-009] Result saved to /Volumes/F/work/ClawEvalkit-private-emnlp/outputs/harness/procedure/clawbench-official/qwen3.6-27b/sys-009.json
[21:50:03] [clawbench_sys-011_qwen3.6-27b_20260520_134959] Container started
[21:50:03] [sys-011] Harness detected, timeout adjusted: 120 → 300
[21:50:38]   [container] [setup] 运行 setup.sh: /app/claw-bench/tasks/system-admin/sys-011-disk-usage-analyzer/environment/setup.sh
[21:50:38]   [container] [setup] setup.sh 成功
[21:50:38]   [container] [setup] 工作空间文件: ['instruction.md', 'disk_usage.txt']
[21:50:38]   [container] DONE
[21:50:38]   [container-err] Loading weights:   0%|          | 0/103 [00:00<?, ?it/s]
[21:50:38]   [container-err] Loading weights: 100%|██████████| 103/103 [00:00<00:00, 79050.93it/s]
[21:50:38]   [container-err] [1mBertModel LOAD REPORT[0m from: sentence-transformers/all-MiniLM-L6-v2
[21:50:38]   [container-err] Key                     | Status     |  | 
[21:50:38]   [container-err] ------------------------+------------+--+-
[21:50:38]   [container-err] embeddings.position_ids | UNEXPECTED |  | 
[21:50:38]   [container-err] 
[21:50:38]   [container-err] Notes:
[21:50:38]   [container-err] - UNEXPECTED:	can be ignored when loading from different task/architecture; not ok if you expect identical arch.
[21:50:38] [clawbench_sys-011_qwen3.6-27b_20260520_134959] Agent finished in 35.01s, returncode=0
[21:50:38] [clawbench_sys-011_qwen3.6-27b_20260520_134959] Agent result: passed=False, score=0.5882
[21:50:38] [sys-011] Result saved to /Volumes/F/work/ClawEvalkit-private-emnlp/outputs/harness/procedure/clawbench-official/qwen3.6-27b/sys-011.json
[21:50:40] [clawbench_sys-012_qwen3.6-27b_20260520_135038] Container started
[21:50:40] [sys-012] Harness detected, timeout adjusted: 120 → 300
[21:51:53]   [container] [setup] 运行 setup.sh: /app/claw-bench/tasks/system-admin/sys-012-cron-parser/environment/setup.sh
[21:51:53]   [container] [setup] setup.sh 成功
[21:51:53]   [container] [setup] 工作空间文件: ['instruction.md', 'crontab.txt']
[21:51:53]   [container] DONE
[21:51:53]   [container-err] Loading weights:   0%|          | 0/103 [00:00<?, ?it/s]
[21:51:53]   [container-err] Loading weights: 100%|██████████| 103/103 [00:00<00:00, 101316.44it/s]
[21:51:53]   [container-err] [1mBertModel LOAD REPORT[0m from: sentence-transformers/all-MiniLM-L6-v2
[21:51:53]   [container-err] Key                     | Status     |  | 
[21:51:53]   [container-err] ------------------------+------------+--+-
[21:51:53]   [container-err] embeddings.position_ids | UNEXPECTED |  | 
[21:51:53]   [container-err] 
[21:51:53]   [container-err] Notes:
[21:51:53]   [container-err] - UNEXPECTED:	can be ignored when loading from different task/architecture; not ok if you expect identical arch.
[21:51:53] [clawbench_sys-012_qwen3.6-27b_20260520_135038] Agent finished in 72.16s, returncode=0
[21:51:53] [clawbench_sys-012_qwen3.6-27b_20260520_135038] Agent result: passed=False, score=0.6500
[21:51:53] [sys-012] Result saved to /Volumes/F/work/ClawEvalkit-private-emnlp/outputs/harness/procedure/clawbench-official/qwen3.6-27b/sys-012.json
[21:51:55] [clawbench_sys-013_qwen3.6-27b_20260520_135153] Container started
[21:51:55] [sys-013] Harness detected, timeout adjusted: 120 → 300
[21:52:43]   [container] [setup] 运行 setup.sh: /app/claw-bench/tasks/system-admin/sys-013-log-rotation-planner/environment/setup.sh
[21:52:43]   [container] [setup] setup.sh 成功
[21:52:43]   [container] [setup] 工作空间文件: ['instruction.md', 'log_inventory.json']
[21:52:43]   [container] DONE
[21:52:43]   [container-err] Loading weights:   0%|          | 0/103 [00:00<?, ?it/s]
[21:52:43]   [container-err] Loading weights: 100%|██████████| 103/103 [00:00<00:00, 106854.64it/s]
[21:52:43]   [container-err] [1mBertModel LOAD REPORT[0m from: sentence-transformers/all-MiniLM-L6-v2
[21:52:43]   [container-err] Key                     | Status     |  | 
[21:52:43]   [container-err] ------------------------+------------+--+-
[21:52:43]   [container-err] embeddings.position_ids | UNEXPECTED |  | 
[21:52:43]   [container-err] 
[21:52:43]   [container-err] Notes:
[21:52:43]   [container-err] - UNEXPECTED:	can be ignored when loading from different task/architecture; not ok if you expect identical arch.
[21:52:43] [clawbench_sys-013_qwen3.6-27b_20260520_135153] Agent finished in 47.91s, returncode=0
[21:52:43] [clawbench_sys-013_qwen3.6-27b_20260520_135153] Agent result: passed=False, score=0.7308
[21:52:44] [sys-013] Result saved to /Volumes/F/work/ClawEvalkit-private-emnlp/outputs/harness/procedure/clawbench-official/qwen3.6-27b/sys-013.json
[21:52:48] [clawbench_sys-014_qwen3.6-27b_20260520_135244] Container started
[21:52:48] [sys-014] Harness detected, timeout adjusted: 120 → 300
[21:53:15]   [container] [setup] 运行 setup.sh: /app/claw-bench/tasks/system-admin/sys-010-infrastructure-migration-plan/environment/setup.sh
[21:53:15]   [container] [setup] setup.sh 成功
[21:53:15]   [container] [setup] 工作空间文件: ['requirements.yaml', 'instruction.md', 'infrastructure.yaml']
[21:53:15]   [container] DONE
[21:53:15]   [container-err] Loading weights:   0%|          | 0/103 [00:00<?, ?it/s]
[21:53:15]   [container-err] Loading weights: 100%|██████████| 103/103 [00:00<00:00, 51552.90it/s]
[21:53:15]   [container-err] [1mBertModel LOAD REPORT[0m from: sentence-transformers/all-MiniLM-L6-v2
[21:53:15]   [container-err] Key                     | Status     |  | 
[21:53:15]   [container-err] ------------------------+------------+--+-
[21:53:15]   [container-err] embeddings.position_ids | UNEXPECTED |  | 
[21:53:15]   [container-err] 
[21:53:15]   [container-err] Notes:
[21:53:15]   [container-err] - UNEXPECTED:	can be ignored when loading from different task/architecture; not ok if you expect identical arch.
[21:53:15] [clawbench_sys-010_qwen3.6-27b_20260520_134936] Agent finished in 216.43s, returncode=0
[21:53:15] [clawbench_sys-010_qwen3.6-27b_20260520_134936] Agent result: passed=False, score=0.9630
[21:53:15] [sys-010] Result saved to /Volumes/F/work/ClawEvalkit-private-emnlp/outputs/harness/procedure/clawbench-official/qwen3.6-27b/sys-010.json
[21:53:18] [clawbench_sys-015_qwen3.6-27b_20260520_135315] Container started
[21:53:18] [sys-015] Harness detected, timeout adjusted: 120 → 300
[21:53:22]   [container] [setup] 运行 setup.sh: /app/claw-bench/tasks/system-admin/sys-014-service-dependency-resolver/environment/setup.sh
[21:53:22]   [container] [setup] setup.sh 成功
[21:53:22]   [container] [setup] 工作空间文件: ['services.json', 'instruction.md']
[21:53:22]   [container] DONE
[21:53:22]   [container-err] Loading weights:   0%|          | 0/103 [00:00<?, ?it/s]
[21:53:22]   [container-err] Loading weights: 100%|██████████| 103/103 [00:00<00:00, 19773.59it/s]
[21:53:22]   [container-err] [1mBertModel LOAD REPORT[0m from: sentence-transformers/all-MiniLM-L6-v2
[21:53:22]   [container-err] Key                     | Status     |  | 
[21:53:22]   [container-err] ------------------------+------------+--+-
[21:53:22]   [container-err] embeddings.position_ids | UNEXPECTED |  | 
[21:53:22]   [container-err] 
[21:53:22]   [container-err] Notes:
[21:53:22]   [container-err] - UNEXPECTED:	can be ignored when loading from different task/architecture; not ok if you expect identical arch.
[21:53:22] [clawbench_sys-014_qwen3.6-27b_20260520_135244] Agent finished in 33.29s, returncode=0
[21:53:22] [clawbench_sys-014_qwen3.6-27b_20260520_135244] Agent result: passed=False, score=0.6667
[21:53:22] [sys-014] Result saved to /Volumes/F/work/ClawEvalkit-private-emnlp/outputs/harness/procedure/clawbench-official/qwen3.6-27b/sys-014.json
[21:53:28] [clawbench_web-001_qwen3.6-27b_20260520_135322] Container started
[21:53:28] [web-001] Harness detected, timeout adjusted: 120 → 300
[21:54:18]   [container] [setup] 运行 setup.sh: /app/claw-bench/tasks/web-browsing/web-001-extract-links/environment/setup.sh
[21:54:18]   [container] [setup] setup.sh 成功
[21:54:18]   [container] [setup] 工作空间文件: ['page.html', 'instruction.md']
[21:54:18]   [container] DONE
[21:54:18]   [container-err] Loading weights:   0%|          | 0/103 [00:00<?, ?it/s]
[21:54:18]   [container-err] Loading weights: 100%|██████████| 103/103 [00:00<00:00, 22341.28it/s]
[21:54:18]   [container-err] [1mBertModel LOAD REPORT[0m from: sentence-transformers/all-MiniLM-L6-v2
[21:54:18]   [container-err] Key                     | Status     |  | 
[21:54:18]   [container-err] ------------------------+------------+--+-
[21:54:18]   [container-err] embeddings.position_ids | UNEXPECTED |  | 
[21:54:18]   [container-err] 
[21:54:18]   [container-err] Notes:
[21:54:18]   [container-err] - UNEXPECTED:	can be ignored when loading from different task/architecture; not ok if you expect identical arch.
[21:54:18] [clawbench_web-001_qwen3.6-27b_20260520_135322] Agent finished in 49.96s, returncode=0
[21:54:18] [clawbench_web-001_qwen3.6-27b_20260520_135322] Agent result: passed=True, score=1.0000
[21:54:19] [web-001] Result saved to /Volumes/F/work/ClawEvalkit-private-emnlp/outputs/harness/procedure/clawbench-official/qwen3.6-27b/web-001.json
[21:54:22] [clawbench_web-002_qwen3.6-27b_20260520_135419] Container started
[21:54:22] [web-002] Harness detected, timeout adjusted: 120 → 300
[21:54:37]   [container] [setup] 运行 setup.sh: /app/claw-bench/tasks/system-admin/sys-015-network-config-validator/environment/setup.sh
[21:54:37]   [container] [setup] setup.sh 成功
[21:54:37]   [container] [setup] 工作空间文件: ['instruction.md', 'network_config.json']
[21:54:37]   [container] DONE
[21:54:37]   [container-err] Loading weights:   0%|          | 0/103 [00:00<?, ?it/s]
[21:54:37]   [container-err] Loading weights: 100%|██████████| 103/103 [00:00<00:00, 32017.59it/s]
[21:54:37]   [container-err] [1mBertModel LOAD REPORT[0m from: sentence-transformers/all-MiniLM-L6-v2
[21:54:37]   [container-err] Key                     | Status     |  | 
[21:54:37]   [container-err] ------------------------+------------+--+-
[21:54:37]   [container-err] embeddings.position_ids | UNEXPECTED |  | 
[21:54:37]   [container-err] 
[21:54:37]   [container-err] Notes:
[21:54:37]   [container-err] - UNEXPECTED:	can be ignored when loading from different task/architecture; not ok if you expect identical arch.
[21:54:37] [clawbench_sys-015_qwen3.6-27b_20260520_135315] Agent finished in 79.07s, returncode=0
[21:54:37] [clawbench_sys-015_qwen3.6-27b_20260520_135315] Agent result: passed=True, score=1.0000
[21:54:37] [sys-015] Result saved to /Volumes/F/work/ClawEvalkit-private-emnlp/outputs/harness/procedure/clawbench-official/qwen3.6-27b/sys-015.json
[21:54:44] [clawbench_web-003_qwen3.6-27b_20260520_135437] Container started
[21:54:44] [web-003] Harness detected, timeout adjusted: 120 → 300
[21:54:53]   [container] [setup] 运行 setup.sh: /app/claw-bench/tasks/web-browsing/web-002-parse-table/environment/setup.sh
[21:54:53]   [container] [setup] setup.sh 成功
[21:54:53]   [container] [setup] 工作空间文件: ['page.html', 'instruction.md']
[21:54:53]   [container] DONE
[21:54:53]   [container-err] Loading weights:   0%|          | 0/103 [00:00<?, ?it/s]
[21:54:53]   [container-err] Loading weights: 100%|██████████| 103/103 [00:00<00:00, 16778.52it/s]
[21:54:53]   [container-err] [1mBertModel LOAD REPORT[0m from: sentence-transformers/all-MiniLM-L6-v2
[21:54:53]   [container-err] Key                     | Status     |  | 
[21:54:53]   [container-err] ------------------------+------------+--+-
[21:54:53]   [container-err] embeddings.position_ids | UNEXPECTED |  | 
[21:54:53]   [container-err] 
[21:54:53]   [container-err] Notes:
[21:54:53]   [container-err] - UNEXPECTED:	can be ignored when loading from different task/architecture; not ok if you expect identical arch.
[21:54:53] [clawbench_web-002_qwen3.6-27b_20260520_135419] Agent finished in 31.62s, returncode=0
[21:54:53] [clawbench_web-002_qwen3.6-27b_20260520_135419] Agent result: passed=True, score=1.0000
[21:54:56] [web-002] Result saved to /Volumes/F/work/ClawEvalkit-private-emnlp/outputs/harness/procedure/clawbench-official/qwen3.6-27b/web-002.json
[21:54:59] [clawbench_web-004_qwen3.6-27b_20260520_135456] Container started
[21:54:59] [web-004] Harness detected, timeout adjusted: 180 → 360
[21:55:27]   [container] [setup] 运行 setup.sh: /app/claw-bench/tasks/web-browsing/web-003-extract-structured/environment/setup.sh
[21:55:27]   [container] [setup] setup.sh 成功
[21:55:27]   [container] [setup] 工作空间文件: ['instruction.md', 'product_page.html']
[21:55:27]   [container] DONE
[21:55:27]   [container-err] Loading weights:   0%|          | 0/103 [00:00<?, ?it/s]
[21:55:27]   [container-err] Loading weights: 100%|██████████| 103/103 [00:00<00:00, 9206.46it/s]
[21:55:27]   [container-err] [1mBertModel LOAD REPORT[0m from: sentence-transformers/all-MiniLM-L6-v2
[21:55:27]   [container-err] Key                     | Status     |  | 
[21:55:27]   [container-err] ------------------------+------------+--+-
[21:55:27]   [container-err] embeddings.position_ids | UNEXPECTED |  | 
[21:55:27]   [container-err] 
[21:55:27]   [container-err] Notes:
[21:55:27]   [container-err] - UNEXPECTED:	can be ignored when loading from different task/architecture; not ok if you expect identical arch.
[21:55:27] [clawbench_web-003_qwen3.6-27b_20260520_135437] Agent finished in 43.07s, returncode=0
[21:55:27] [clawbench_web-003_qwen3.6-27b_20260520_135437] Agent result: passed=True, score=1.0000
[21:55:28] [web-003] Result saved to /Volumes/F/work/ClawEvalkit-private-emnlp/outputs/harness/procedure/clawbench-official/qwen3.6-27b/web-003.json
[21:55:31] [clawbench_web-005_qwen3.6-27b_20260520_135528] Container started
[21:55:31] [web-005] Harness detected, timeout adjusted: 180 → 360
[21:55:54]   [container] [setup] 运行 setup.sh: /app/claw-bench/tasks/web-browsing/web-004-form-inventory/environment/setup.sh
[21:55:54]   [container] [setup] setup.sh 成功
[21:55:54]   [container] [setup] 工作空间文件: ['form.html', 'instruction.md']
[21:55:54]   [container] DONE
[21:55:54]   [container-err] Loading weights:   0%|          | 0/103 [00:00<?, ?it/s]
[21:55:54]   [container-err] Loading weights: 100%|██████████| 103/103 [00:00<00:00, 20014.52it/s]
[21:55:54]   [container-err] [1mBertModel LOAD REPORT[0m from: sentence-transformers/all-MiniLM-L6-v2
[21:55:54]   [container-err] Key                     | Status     |  | 
[21:55:54]   [container-err] ------------------------+------------+--+-
[21:55:54]   [container-err] embeddings.position_ids | UNEXPECTED |  | 
[21:55:54]   [container-err] 
[21:55:54]   [container-err] Notes:
[21:55:54]   [container-err] - UNEXPECTED:	can be ignored when loading from different task/architecture; not ok if you expect identical arch.
[21:55:54] [clawbench_web-004_qwen3.6-27b_20260520_135456] Agent finished in 55.12s, returncode=0
[21:55:54] [clawbench_web-004_qwen3.6-27b_20260520_135456] Agent result: passed=False, score=0.8421
[21:55:55] [web-004] Result saved to /Volumes/F/work/ClawEvalkit-private-emnlp/outputs/harness/procedure/clawbench-official/qwen3.6-27b/web-004.json
[21:55:58] [clawbench_web-006_qwen3.6-27b_20260520_135555] Container started
[21:55:58] [web-006] Harness detected, timeout adjusted: 240 → 420
[21:56:13]   [container] [setup] 运行 setup.sh: /app/claw-bench/tasks/web-browsing/web-005-multi-page-aggregate/environment/setup.sh
[21:56:13]   [container] [setup] setup.sh 成功
[21:56:13]   [container] [setup] 工作空间文件: ['instruction.md']
[21:56:13]   [container] DONE
[21:56:13]   [container-err] Loading weights:   0%|          | 0/103 [00:00<?, ?it/s]
[21:56:13]   [container-err] Loading weights: 100%|██████████| 103/103 [00:00<00:00, 38600.19it/s]
[21:56:13]   [container-err] [1mBertModel LOAD REPORT[0m from: sentence-transformers/all-MiniLM-L6-v2
[21:56:13]   [container-err] Key                     | Status     |  | 
[21:56:13]   [container-err] ------------------------+------------+--+-
[21:56:13]   [container-err] embeddings.position_ids | UNEXPECTED |  | 
[21:56:13]   [container-err] 
[21:56:13]   [container-err] Notes:
[21:56:13]   [container-err] - UNEXPECTED:	can be ignored when loading from different task/architecture; not ok if you expect identical arch.
[21:56:13] [clawbench_web-005_qwen3.6-27b_20260520_135528] Agent finished in 42.07s, returncode=0
[21:56:13] [clawbench_web-005_qwen3.6-27b_20260520_135528] Agent result: passed=True, score=1.0000
[21:56:15] [web-005] Result saved to /Volumes/F/work/ClawEvalkit-private-emnlp/outputs/harness/procedure/clawbench-official/qwen3.6-27b/web-005.json
[21:56:18] [clawbench_web-007_qwen3.6-27b_20260520_135615] Container started
[21:56:18] [web-007] Harness detected, timeout adjusted: 240 → 420
[21:57:02]   [container] [setup] 运行 setup.sh: /app/claw-bench/tasks/web-browsing/web-006-accessibility-audit/environment/setup.sh
[21:57:02]   [container] [setup] setup.sh 成功
[21:57:02]   [container] [setup] 工作空间文件: ['instruction.md']
[21:57:02]   [container] DONE
[21:57:02]   [container-err] Loading weights:   0%|          | 0/103 [00:00<?, ?it/s]
[21:57:02]   [container-err] Loading weights: 100%|██████████| 103/103 [00:00<00:00, 26833.12it/s]
[21:57:02]   [container-err] [1mBertModel LOAD REPORT[0m from: sentence-transformers/all-MiniLM-L6-v2
[21:57:02]   [container-err] Key                     | Status     |  | 
[21:57:02]   [container-err] ------------------------+------------+--+-
[21:57:02]   [container-err] embeddings.position_ids | UNEXPECTED |  | 
[21:57:02]   [container-err] 
[21:57:02]   [container-err] Notes:
[21:57:02]   [container-err] - UNEXPECTED:	can be ignored when loading from different task/architecture; not ok if you expect identical arch.
[21:57:02] [clawbench_web-006_qwen3.6-27b_20260520_135555] Agent finished in 63.83s, returncode=0
[21:57:02] [clawbench_web-006_qwen3.6-27b_20260520_135555] Agent result: passed=True, score=1.0000
[21:57:03] [web-006] Result saved to /Volumes/F/work/ClawEvalkit-private-emnlp/outputs/harness/procedure/clawbench-official/qwen3.6-27b/web-006.json
[21:57:03]   [container] [setup] 运行 setup.sh: /app/claw-bench/tasks/web-browsing/web-007-seo-analysis/environment/setup.sh
[21:57:03]   [container] [setup] setup.sh 成功
[21:57:03]   [container] [setup] 工作空间文件: ['instruction.md']
[21:57:03]   [container] DONE
[21:57:03]   [container-err] Loading weights:   0%|          | 0/103 [00:00<?, ?it/s]
[21:57:03]   [container-err] Loading weights: 100%|██████████| 103/103 [00:00<00:00, 47416.67it/s]
[21:57:03]   [container-err] [1mBertModel LOAD REPORT[0m from: sentence-transformers/all-MiniLM-L6-v2
[21:57:03]   [container-err] Key                     | Status     |  | 
[21:57:03]   [container-err] ------------------------+------------+--+-
[21:57:03]   [container-err] embeddings.position_ids | UNEXPECTED |  | 
[21:57:03]   [container-err] 
[21:57:03]   [container-err] Notes:
[21:57:03]   [container-err] - UNEXPECTED:	can be ignored when loading from different task/architecture; not ok if you expect identical arch.
[21:57:03] [clawbench_web-007_qwen3.6-27b_20260520_135615] Agent finished in 44.95s, returncode=0
[21:57:03] [clawbench_web-007_qwen3.6-27b_20260520_135615] Agent result: passed=True, score=1.0000
[21:57:04] [web-007] Result saved to /Volumes/F/work/ClawEvalkit-private-emnlp/outputs/harness/procedure/clawbench-official/qwen3.6-27b/web-007.json
[21:57:06] [clawbench_web-008_qwen3.6-27b_20260520_135703] Container started
[21:57:06] [web-008] Harness detected, timeout adjusted: 300 → 480
[21:57:07] [clawbench_web-009_qwen3.6-27b_20260520_135704] Container started
[21:57:07] [web-009] Harness detected, timeout adjusted: 180 → 360
[21:58:05]   [container] [setup] 运行 setup.sh: /app/claw-bench/tasks/web-browsing/web-008-site-structure/environment/setup.sh
[21:58:05]   [container] [setup] setup.sh 成功
[21:58:05]   [container] [setup] 工作空间文件: ['instruction.md']
[21:58:05]   [container] DONE
[21:58:05]   [container-err] Loading weights:   0%|          | 0/103 [00:00<?, ?it/s]
[21:58:05]   [container-err] Loading weights: 100%|██████████| 103/103 [00:00<00:00, 3922.22it/s]
[21:58:05]   [container-err] [1mBertModel LOAD REPORT[0m from: sentence-transformers/all-MiniLM-L6-v2
[21:58:05]   [container-err] Key                     | Status     |  | 
[21:58:05]   [container-err] ------------------------+------------+--+-
[21:58:05]   [container-err] embeddings.position_ids | UNEXPECTED |  | 
[21:58:05]   [container-err] 
[21:58:05]   [container-err] Notes:
[21:58:05]   [container-err] - UNEXPECTED:	can be ignored when loading from different task/architecture; not ok if you expect identical arch.
[21:58:05] [clawbench_web-008_qwen3.6-27b_20260520_135703] Agent finished in 59.24s, returncode=0
[21:58:05] [clawbench_web-008_qwen3.6-27b_20260520_135703] Agent result: passed=True, score=1.0000
[21:58:06] [web-008] Result saved to /Volumes/F/work/ClawEvalkit-private-emnlp/outputs/harness/procedure/clawbench-official/qwen3.6-27b/web-008.json
[21:58:08] [clawbench_web-010_qwen3.6-27b_20260520_135806] Container started
[21:58:08] [web-010] Harness detected, timeout adjusted: 240 → 420
[21:58:28]   [container] [setup] 运行 setup.sh: /app/claw-bench/tasks/web-browsing/web-009-rss-feed-parser/environment/setup.sh
[21:58:28]   [container] [setup] setup.sh 成功
[21:58:28]   [container] [setup] 工作空间文件: ['feed.xml', 'instruction.md']
[21:58:28]   [container] DONE
[21:58:28]   [container-err] Loading weights:   0%|          | 0/103 [00:00<?, ?it/s]
[21:58:28]   [container-err] Loading weights: 100%|██████████| 103/103 [00:00<00:00, 28166.21it/s]
[21:58:28]   [container-err] [1mBertModel LOAD REPORT[0m from: sentence-transformers/all-MiniLM-L6-v2
[21:58:28]   [container-err] Key                     | Status     |  | 
[21:58:28]   [container-err] ------------------------+------------+--+-
[21:58:28]   [container-err] embeddings.position_ids | UNEXPECTED |  | 
[21:58:28]   [container-err] 
[21:58:28]   [container-err] Notes:
[21:58:28]   [container-err] - UNEXPECTED:	can be ignored when loading from different task/architecture; not ok if you expect identical arch.
[21:58:28] [clawbench_web-009_qwen3.6-27b_20260520_135704] Agent finished in 80.63s, returncode=0
[21:58:28] [clawbench_web-009_qwen3.6-27b_20260520_135704] Agent result: passed=True, score=1.0000
[21:58:28] [web-009] Result saved to /Volumes/F/work/ClawEvalkit-private-emnlp/outputs/harness/procedure/clawbench-official/qwen3.6-27b/web-009.json
[21:58:32] [clawbench_web-011_qwen3.6-27b_20260520_135828] Container started
[21:58:32] [web-011] Harness detected, timeout adjusted: 120 → 300
[21:59:11]   [container] [setup] 运行 setup.sh: /app/claw-bench/tasks/web-browsing/web-011-html-link-extractor/environment/setup.sh
[21:59:11]   [container] [setup] setup.sh 成功
[21:59:11]   [container] [setup] 工作空间文件: ['page.html', 'instruction.md']
[21:59:11]   [container] DONE
[21:59:11]   [container-err] Loading weights:   0%|          | 0/103 [00:00<?, ?it/s]
[21:59:11]   [container-err] Loading weights: 100%|██████████| 103/103 [00:00<00:00, 30367.87it/s]
[21:59:11]   [container-err] [1mBertModel LOAD REPORT[0m from: sentence-transformers/all-MiniLM-L6-v2
[21:59:11]   [container-err] Key                     | Status     |  | 
[21:59:11]   [container-err] ------------------------+------------+--+-
[21:59:11]   [container-err] embeddings.position_ids | UNEXPECTED |  | 
[21:59:11]   [container-err] 
[21:59:11]   [container-err] Notes:
[21:59:11]   [container-err] - UNEXPECTED:	can be ignored when loading from different task/architecture; not ok if you expect identical arch.
[21:59:11] [clawbench_web-011_qwen3.6-27b_20260520_135828] Agent finished in 39.53s, returncode=0
[21:59:11] [clawbench_web-011_qwen3.6-27b_20260520_135828] Agent result: passed=True, score=1.0000
[21:59:12] [web-011] Result saved to /Volumes/F/work/ClawEvalkit-private-emnlp/outputs/harness/procedure/clawbench-official/qwen3.6-27b/web-011.json
[21:59:15] [clawbench_web-012_qwen3.6-27b_20260520_135912] Container started
[21:59:15] [web-012] Harness detected, timeout adjusted: 120 → 300
[22:00:36]   [container] [setup] 运行 setup.sh: /app/claw-bench/tasks/web-browsing/web-010-html-diff-report/environment/setup.sh
[22:00:36]   [container] [setup] setup.sh 成功
[22:00:36]   [container] [setup] 工作空间文件: ['instruction.md', 'after.html', 'before.html']
[22:00:36]   [container] DONE
[22:00:36]   [container-err] Loading weights:   0%|          | 0/103 [00:00<?, ?it/s]
[22:00:36]   [container-err] Loading weights: 100%|██████████| 103/103 [00:00<00:00, 22126.16it/s]
[22:00:36]   [container-err] [1mBertModel LOAD REPORT[0m from: sentence-transformers/all-MiniLM-L6-v2
[22:00:36]   [container-err] Key                     | Status     |  | 
[22:00:36]   [container-err] ------------------------+------------+--+-
[22:00:36]   [container-err] embeddings.position_ids | UNEXPECTED |  | 
[22:00:36]   [container-err] 
[22:00:36]   [container-err] Notes:
[22:00:36]   [container-err] - UNEXPECTED:	can be ignored when loading from different task/architecture; not ok if you expect identical arch.
[22:00:36] [clawbench_web-010_qwen3.6-27b_20260520_135806] Agent finished in 147.46s, returncode=0
[22:00:36]   [container] [setup] 运行 setup.sh: /app/claw-bench/tasks/web-browsing/web-012-sitemap-generator/environment/setup.sh
[22:00:36]   [container] [setup] setup.sh 成功
[22:00:36]   [container] [setup] 工作空间文件: ['instruction.md']
[22:00:36]   [container] DONE
[22:00:36]   [container-err] Loading weights:   0%|          | 0/103 [00:00<?, ?it/s]
[22:00:36]   [container-err] Loading weights: 100%|██████████| 103/103 [00:00<00:00, 30820.67it/s]
[22:00:36]   [container-err] [1mBertModel LOAD REPORT[0m from: sentence-transformers/all-MiniLM-L6-v2
[22:00:36]   [container-err] Key                     | Status     |  | 
[22:00:36]   [container-err] ------------------------+------------+--+-
[22:00:36]   [container-err] embeddings.position_ids | UNEXPECTED |  | 
[22:00:36]   [container-err] 
[22:00:36]   [container-err] Notes:
[22:00:36]   [container-err] - UNEXPECTED:	can be ignored when loading from different task/architecture; not ok if you expect identical arch.
[22:00:36] [clawbench_web-012_qwen3.6-27b_20260520_135912] Agent finished in 80.85s, returncode=0
[22:00:36] [clawbench_web-012_qwen3.6-27b_20260520_135912] Agent result: passed=False, score=0.5882
[22:00:36] [clawbench_web-010_qwen3.6-27b_20260520_135806] Agent result: passed=False, score=0.9615
[22:00:37] [web-012] Result saved to /Volumes/F/work/ClawEvalkit-private-emnlp/outputs/harness/procedure/clawbench-official/qwen3.6-27b/web-012.json
[22:00:37] [web-010] Result saved to /Volumes/F/work/ClawEvalkit-private-emnlp/outputs/harness/procedure/clawbench-official/qwen3.6-27b/web-010.json
[22:00:41] [clawbench_web-014_qwen3.6-27b_20260520_140037] Container started
[22:00:41] [web-014] Harness detected, timeout adjusted: 120 → 300
[22:00:41] [clawbench_web-013_qwen3.6-27b_20260520_140037] Container started
[22:00:41] [web-013] Harness detected, timeout adjusted: 120 → 300
[22:01:22]   [container] [setup] 运行 setup.sh: /app/claw-bench/tasks/web-browsing/web-013-form-data-extractor/environment/setup.sh
[22:01:22]   [container] [setup] setup.sh 成功
[22:01:22]   [container] [setup] 工作空间文件: ['form.html', 'instruction.md']
[22:01:22]   [container] DONE
[22:01:22]   [container-err] Loading weights:   0%|          | 0/103 [00:00<?, ?it/s]
[22:01:22]   [container-err] Loading weights: 100%|██████████| 103/103 [00:00<00:00, 61304.57it/s]
[22:01:22]   [container-err] [1mBertModel LOAD REPORT[0m from: sentence-transformers/all-MiniLM-L6-v2
[22:01:22]   [container-err] Key                     | Status     |  | 
[22:01:22]   [container-err] ------------------------+------------+--+-
[22:01:22]   [container-err] embeddings.position_ids | UNEXPECTED |  | 
[22:01:22]   [container-err] 
[22:01:22]   [container-err] Notes:
[22:01:22]   [container-err] - UNEXPECTED:	can be ignored when loading from different task/architecture; not ok if you expect identical arch.
[22:01:22] [clawbench_web-013_qwen3.6-27b_20260520_140037] Agent finished in 41.28s, returncode=0
[22:01:22] [clawbench_web-013_qwen3.6-27b_20260520_140037] Agent result: passed=False, score=0.6316
[22:01:23] [web-013] Result saved to /Volumes/F/work/ClawEvalkit-private-emnlp/outputs/harness/procedure/clawbench-official/qwen3.6-27b/web-013.json
[22:01:25] [clawbench_web-015_qwen3.6-27b_20260520_140123] Container started
[22:01:25] [web-015] Harness detected, timeout adjusted: 120 → 300
[22:01:25]   [container] [setup] 运行 setup.sh: /app/claw-bench/tasks/web-browsing/web-014-web-scraping-parser/environment/setup.sh
[22:01:25]   [container] [setup] setup.sh 成功
[22:01:25]   [container] [setup] 工作空间文件: ['products.html', 'instruction.md']
[22:01:25]   [container] DONE
[22:01:25]   [container-err] Loading weights:   0%|          | 0/103 [00:00<?, ?it/s]
[22:01:25]   [container-err] Loading weights: 100%|██████████| 103/103 [00:00<00:00, 62044.13it/s]
[22:01:25]   [container-err] [1mBertModel LOAD REPORT[0m from: sentence-transformers/all-MiniLM-L6-v2
[22:01:25]   [container-err] Key                     | Status     |  | 
[22:01:25]   [container-err] ------------------------+------------+--+-
[22:01:25]   [container-err] embeddings.position_ids | UNEXPECTED |  | 
[22:01:25]   [container-err] 
[22:01:25]   [container-err] Notes:
[22:01:25]   [container-err] - UNEXPECTED:	can be ignored when loading from different task/architecture; not ok if you expect identical arch.
[22:01:25] [clawbench_web-014_qwen3.6-27b_20260520_140037] Agent finished in 44.71s, returncode=0
[22:01:25] [clawbench_web-014_qwen3.6-27b_20260520_140037] Agent result: passed=True, score=1.0000
[22:01:26] [web-014] Result saved to /Volumes/F/work/ClawEvalkit-private-emnlp/outputs/harness/procedure/clawbench-official/qwen3.6-27b/web-014.json
[22:01:29] [clawbench_wfl-001_qwen3.6-27b_20260520_140126] Container started
[22:01:29] [wfl-001] Harness detected, timeout adjusted: 120 → 300
[22:01:53]   [container] [setup] 运行 setup.sh: /app/claw-bench/tasks/workflow-automation/wfl-001-conditional-file-processing/environment/setup.sh
[22:01:53]   [container] [setup] setup.sh 成功
[22:01:53]   [container] [setup] 工作空间文件: ['config.json', 'instruction.md', 'input.txt']
[22:01:53]   [container] DONE
[22:01:53]   [container-err] Loading weights:   0%|          | 0/103 [00:00<?, ?it/s]
[22:01:53]   [container-err] Loading weights: 100%|██████████| 103/103 [00:00<00:00, 20598.55it/s]
[22:01:53]   [container-err] [1mBertModel LOAD REPORT[0m from: sentence-transformers/all-MiniLM-L6-v2
[22:01:53]   [container-err] Key                     | Status     |  | 
[22:01:53]   [container-err] ------------------------+------------+--+-
[22:01:53]   [container-err] embeddings.position_ids | UNEXPECTED |  | 
[22:01:53]   [container-err] 
[22:01:53]   [container-err] Notes:
[22:01:53]   [container-err] - UNEXPECTED:	can be ignored when loading from different task/architecture; not ok if you expect identical arch.
[22:01:53] [clawbench_wfl-001_qwen3.6-27b_20260520_140126] Agent finished in 24.46s, returncode=0
[22:01:54] [clawbench_wfl-001_qwen3.6-27b_20260520_140126] Agent result: passed=True, score=1.0000
[22:01:54] [wfl-001] Result saved to /Volumes/F/work/ClawEvalkit-private-emnlp/outputs/harness/procedure/clawbench-official/qwen3.6-27b/wfl-001.json
[22:01:56] [clawbench_wfl-002_qwen3.6-27b_20260520_140154] Container started
[22:01:56] [wfl-002] Harness detected, timeout adjusted: 120 → 300
[22:02:21]   [container] [setup] 运行 setup.sh: /app/claw-bench/tasks/web-browsing/web-015-cookie-policy-analyzer/environment/setup.sh
[22:02:21]   [container] [setup] setup.sh 成功
[22:02:21]   [container] [setup] 工作空间文件: ['instruction.md', 'cookies.json']
[22:02:21]   [container] DONE
[22:02:21]   [container-err] Loading weights:   0%|          | 0/103 [00:00<?, ?it/s]
[22:02:21]   [container-err] Loading weights: 100%|██████████| 103/103 [00:00<00:00, 31214.83it/s]
[22:02:21]   [container-err] [1mBertModel LOAD REPORT[0m from: sentence-transformers/all-MiniLM-L6-v2
[22:02:21]   [container-err] Key                     | Status     |  | 
[22:02:21]   [container-err] ------------------------+------------+--+-
[22:02:21]   [container-err] embeddings.position_ids | UNEXPECTED |  | 
[22:02:21]   [container-err] 
[22:02:21]   [container-err] Notes:
[22:02:21]   [container-err] - UNEXPECTED:	can be ignored when loading from different task/architecture; not ok if you expect identical arch.
[22:02:21] [clawbench_web-015_qwen3.6-27b_20260520_140123] Agent finished in 55.69s, returncode=0
[22:02:21] [clawbench_web-015_qwen3.6-27b_20260520_140123] Agent result: passed=False, score=0.6957
[22:02:21] [web-015] Result saved to /Volumes/F/work/ClawEvalkit-private-emnlp/outputs/harness/procedure/clawbench-official/qwen3.6-27b/web-015.json
[22:02:25] [clawbench_wfl-003_qwen3.6-27b_20260520_140221] Container started
[22:02:25] [wfl-003] Harness detected, timeout adjusted: 180 → 360
[22:02:33]   [container] [setup] 运行 setup.sh: /app/claw-bench/tasks/workflow-automation/wfl-002-sequential-task-execution/environment/setup.sh
[22:02:33]   [container] [setup] setup.sh 成功
[22:02:33]   [container] [setup] 工作空间文件: ['instruction.md', 'input.txt', 'tasks.json']
[22:02:33]   [container] DONE
[22:02:33]   [container-err] Loading weights:   0%|          | 0/103 [00:00<?, ?it/s]
[22:02:33]   [container-err] Loading weights: 100%|██████████| 103/103 [00:00<00:00, 24110.58it/s]
[22:02:33]   [container-err] [1mBertModel LOAD REPORT[0m from: sentence-transformers/all-MiniLM-L6-v2
[22:02:33]   [container-err] Key                     | Status     |  | 
[22:02:33]   [container-err] ------------------------+------------+--+-
[22:02:33]   [container-err] embeddings.position_ids | UNEXPECTED |  | 
[22:02:33]   [container-err] 
[22:02:33]   [container-err] Notes:
[22:02:33]   [container-err] - UNEXPECTED:	can be ignored when loading from different task/architecture; not ok if you expect identical arch.
[22:02:33] [clawbench_wfl-002_qwen3.6-27b_20260520_140154] Agent finished in 37.00s, returncode=0
[22:02:34] [clawbench_wfl-002_qwen3.6-27b_20260520_140154] Agent result: passed=True, score=1.0000
[22:02:35] [wfl-002] Result saved to /Volumes/F/work/ClawEvalkit-private-emnlp/outputs/harness/procedure/clawbench-official/qwen3.6-27b/wfl-002.json
[22:02:40] [clawbench_wfl-004_qwen3.6-27b_20260520_140235] Container started
[22:02:40] [wfl-004] Harness detected, timeout adjusted: 180 → 360
[22:03:33]   [container] [setup] 运行 setup.sh: /app/claw-bench/tasks/workflow-automation/wfl-003-multi-step-data-pipeline/environment/setup.sh
[22:03:33]   [container] [setup] setup.sh 成功
[22:03:33]   [container] [setup] 工作空间文件: ['data.csv', 'instruction.md', 'pipeline.json']
[22:03:33]   [container] DONE
[22:03:33]   [container-err] Loading weights:   0%|          | 0/103 [00:00<?, ?it/s]
[22:03:33]   [container-err] Loading weights: 100%|██████████| 103/103 [00:00<00:00, 29221.68it/s]
[22:03:33]   [container-err] [1mBertModel LOAD REPORT[0m from: sentence-transformers/all-MiniLM-L6-v2
[22:03:33]   [container-err] Key                     | Status     |  | 
[22:03:33]   [container-err] ------------------------+------------+--+-
[22:03:33]   [container-err] embeddings.position_ids | UNEXPECTED |  | 
[22:03:33]   [container-err] 
[22:03:33]   [container-err] Notes:
[22:03:33]   [container-err] - UNEXPECTED:	can be ignored when loading from different task/architecture; not ok if you expect identical arch.
[22:03:33] [clawbench_wfl-003_qwen3.6-27b_20260520_140221] Agent finished in 68.40s, returncode=0
[22:03:33] [clawbench_wfl-003_qwen3.6-27b_20260520_140221] Agent result: passed=True, score=1.0000
[22:03:34] [wfl-003] Result saved to /Volumes/F/work/ClawEvalkit-private-emnlp/outputs/harness/procedure/clawbench-official/qwen3.6-27b/wfl-003.json
[22:03:38] [clawbench_wfl-005_qwen3.6-27b_20260520_140334] Container started
[22:03:38] [wfl-005] Harness detected, timeout adjusted: 180 → 360
[22:03:46]   [container] [setup] 运行 setup.sh: /app/claw-bench/tasks/workflow-automation/wfl-004-retry-with-backoff/environment/setup.sh
[22:03:46]   [container] [setup] setup.sh 成功
[22:03:46]   [container] [setup] 工作空间文件: ['instruction.md', 'jobs.json']
[22:03:46]   [container] DONE
[22:03:46]   [container-err] Loading weights:   0%|          | 0/103 [00:00<?, ?it/s]
[22:03:46]   [container-err] Loading weights: 100%|██████████| 103/103 [00:00<00:00, 27192.88it/s]
[22:03:46]   [container-err] [1mBertModel LOAD REPORT[0m from: sentence-transformers/all-MiniLM-L6-v2
[22:03:46]   [container-err] Key                     | Status     |  | 
[22:03:46]   [container-err] ------------------------+------------+--+-
[22:03:46]   [container-err] embeddings.position_ids | UNEXPECTED |  | 
[22:03:46]   [container-err] 
[22:03:46]   [container-err] Notes:
[22:03:46]   [container-err] - UNEXPECTED:	can be ignored when loading from different task/architecture; not ok if you expect identical arch.
[22:03:46] [clawbench_wfl-004_qwen3.6-27b_20260520_140235] Agent finished in 66.18s, returncode=0
[22:03:46] [clawbench_wfl-004_qwen3.6-27b_20260520_140235] Agent result: passed=True, score=1.0000
[22:03:47] [wfl-004] Result saved to /Volumes/F/work/ClawEvalkit-private-emnlp/outputs/harness/procedure/clawbench-official/qwen3.6-27b/wfl-004.json
[22:03:51] [clawbench_wfl-006_qwen3.6-27b_20260520_140347] Container started
[22:03:51] [wfl-006] Harness detected, timeout adjusted: 180 → 360
[22:05:11]   [container] [setup] 运行 setup.sh: /app/claw-bench/tasks/workflow-automation/wfl-005-parallel-task-fanout/environment/setup.sh
[22:05:11]   [container] [setup] setup.sh 成功
[22:05:11]   [container] [setup] 工作空间文件: ['instruction.md']
[22:05:11]   [container] DONE
[22:05:11]   [container-err] Loading weights:   0%|          | 0/103 [00:00<?, ?it/s]
[22:05:11]   [container-err] Loading weights: 100%|██████████| 103/103 [00:00<00:00, 14561.10it/s]
[22:05:11]   [container-err] [1mBertModel LOAD REPORT[0m from: sentence-transformers/all-MiniLM-L6-v2
[22:05:11]   [container-err] Key                     | Status     |  | 
[22:05:11]   [container-err] ------------------------+------------+--+-
[22:05:11]   [container-err] embeddings.position_ids | UNEXPECTED |  | 
[22:05:11]   [container-err] 
[22:05:11]   [container-err] Notes:
[22:05:11]   [container-err] - UNEXPECTED:	can be ignored when loading from different task/architecture; not ok if you expect identical arch.
[22:05:11] [clawbench_wfl-005_qwen3.6-27b_20260520_140334] Agent finished in 93.11s, returncode=0
[22:05:11] [clawbench_wfl-005_qwen3.6-27b_20260520_140334] Agent result: passed=True, score=1.0000
[22:05:12] [wfl-005] Result saved to /Volumes/F/work/ClawEvalkit-private-emnlp/outputs/harness/procedure/clawbench-official/qwen3.6-27b/wfl-005.json
[22:05:15] [clawbench_wfl-007_qwen3.6-27b_20260520_140512] Container started
[22:05:15] [wfl-007] Harness detected, timeout adjusted: 240 → 420
[22:05:35]   [container] [setup] 运行 setup.sh: /app/claw-bench/tasks/workflow-automation/wfl-006-event-driven-workflow/environment/setup.sh
[22:05:35]   [container] [setup] setup.sh 成功
[22:05:35]   [container] [setup] 工作空间文件: ['events.json', 'instruction.md', 'rules.json']
[22:05:35]   [container] DONE
[22:05:35]   [container-err] Loading weights:   0%|          | 0/103 [00:00<?, ?it/s]
[22:05:35]   [container-err] Loading weights: 100%|██████████| 103/103 [00:00<00:00, 32249.43it/s]
[22:05:35]   [container-err] [1mBertModel LOAD REPORT[0m from: sentence-transformers/all-MiniLM-L6-v2
[22:05:35]   [container-err] Key                     | Status     |  | 
[22:05:35]   [container-err] ------------------------+------------+--+-
[22:05:35]   [container-err] embeddings.position_ids | UNEXPECTED |  | 
[22:05:35]   [container-err] 
[22:05:35]   [container-err] Notes:
[22:05:35]   [container-err] - UNEXPECTED:	can be ignored when loading from different task/architecture; not ok if you expect identical arch.
[22:05:35] [clawbench_wfl-006_qwen3.6-27b_20260520_140347] Agent finished in 103.66s, returncode=0
[22:05:35] [clawbench_wfl-006_qwen3.6-27b_20260520_140347] Agent result: passed=True, score=1.0000
[22:05:36] [wfl-006] Result saved to /Volumes/F/work/ClawEvalkit-private-emnlp/outputs/harness/procedure/clawbench-official/qwen3.6-27b/wfl-006.json
[22:05:39] [clawbench_wfl-008_qwen3.6-27b_20260520_140536] Container started
[22:05:39] [wfl-008] Harness detected, timeout adjusted: 240 → 420
[22:07:12]   [container] [setup] 运行 setup.sh: /app/claw-bench/tasks/workflow-automation/wfl-008-error-handling-workflow/environment/setup.sh
[22:07:12]   [container] [setup] setup.sh 成功
[22:07:12]   [container] [setup] 工作空间文件: ['workflow_steps.json', 'instruction.md']
[22:07:12]   [container] DONE
[22:07:12]   [container-err] Loading weights:   0%|          | 0/103 [00:00<?, ?it/s]
[22:07:12]   [container-err] Loading weights: 100%|██████████| 103/103 [00:00<00:00, 2838.85it/s]
[22:07:12]   [container-err] [1mBertModel LOAD REPORT[0m from: sentence-transformers/all-MiniLM-L6-v2
[22:07:12]   [container-err] Key                     | Status     |  | 
[22:07:12]   [container-err] ------------------------+------------+--+-
[22:07:12]   [container-err] embeddings.position_ids | UNEXPECTED |  | 
[22:07:12]   [container-err] 
[22:07:12]   [container-err] Notes:
[22:07:12]   [container-err] - UNEXPECTED:	can be ignored when loading from different task/architecture; not ok if you expect identical arch.
[22:07:12] [clawbench_wfl-008_qwen3.6-27b_20260520_140536] Agent finished in 92.90s, returncode=0
[22:07:12] [clawbench_wfl-008_qwen3.6-27b_20260520_140536] Agent result: passed=False, score=0.8636
[22:07:13] [wfl-008] Result saved to /Volumes/F/work/ClawEvalkit-private-emnlp/outputs/harness/procedure/clawbench-official/qwen3.6-27b/wfl-008.json
[22:07:16] [clawbench_wfl-009_qwen3.6-27b_20260520_140713] Container started
[22:07:16] [wfl-009] Harness detected, timeout adjusted: 300 → 480
[22:07:35]   [container] [setup] 运行 setup.sh: /app/claw-bench/tasks/workflow-automation/wfl-007-branching-workflow/environment/setup.sh
[22:07:35]   [container] [setup] setup.sh 成功
[22:07:35]   [container] [setup] 工作空间文件: ['workflow.json', 'instruction.md', 'applications.json']
[22:07:35]   [container] DONE
[22:07:35]   [container-err] Loading weights:   0%|          | 0/103 [00:00<?, ?it/s]
[22:07:35]   [container-err] Loading weights: 100%|██████████| 103/103 [00:00<00:00, 24706.24it/s]
[22:07:35]   [container-err] [1mBertModel LOAD REPORT[0m from: sentence-transformers/all-MiniLM-L6-v2
[22:07:35]   [container-err] Key                     | Status     |  | 
[22:07:35]   [container-err] ------------------------+------------+--+-
[22:07:35]   [container-err] embeddings.position_ids | UNEXPECTED |  | 
[22:07:35]   [container-err] 
[22:07:35]   [container-err] Notes:
[22:07:35]   [container-err] - UNEXPECTED:	can be ignored when loading from different task/architecture; not ok if you expect identical arch.
[22:07:35] [clawbench_wfl-007_qwen3.6-27b_20260520_140512] Agent finished in 139.92s, returncode=0
[22:07:35] [clawbench_wfl-007_qwen3.6-27b_20260520_140512] Agent result: passed=True, score=1.0000
[22:07:36] [wfl-007] Result saved to /Volumes/F/work/ClawEvalkit-private-emnlp/outputs/harness/procedure/clawbench-official/qwen3.6-27b/wfl-007.json
[22:07:39] [clawbench_wfl-010_qwen3.6-27b_20260520_140736] Container started
[22:07:39] [wfl-010] Harness detected, timeout adjusted: 360 → 540
[22:08:39]   [container] [setup] 运行 setup.sh: /app/claw-bench/tasks/workflow-automation/wfl-009-scheduled-workflow-plan/environment/setup.sh
[22:08:39]   [container] [setup] setup.sh 成功
[22:08:39]   [container] [setup] 工作空间文件: ['instruction.md', 'tasks.json']
[22:08:39]   [container] DONE
[22:08:39]   [container-err] Loading weights:   0%|          | 0/103 [00:00<?, ?it/s]
[22:08:39]   [container-err] Loading weights: 100%|██████████| 103/103 [00:00<00:00, 5400.17it/s]
[22:08:39]   [container-err] [1mBertModel LOAD REPORT[0m from: sentence-transformers/all-MiniLM-L6-v2
[22:08:39]   [container-err] Key                     | Status     |  | 
[22:08:39]   [container-err] ------------------------+------------+--+-
[22:08:39]   [container-err] embeddings.position_ids | UNEXPECTED |  | 
[22:08:39]   [container-err] 
[22:08:39]   [container-err] Notes:
[22:08:39]   [container-err] - UNEXPECTED:	can be ignored when loading from different task/architecture; not ok if you expect identical arch.
[22:08:39] [clawbench_wfl-009_qwen3.6-27b_20260520_140713] Agent finished in 82.74s, returncode=0
[22:08:39] [clawbench_wfl-009_qwen3.6-27b_20260520_140713] Agent result: passed=True, score=1.0000
[22:08:39] [wfl-009] Result saved to /Volumes/F/work/ClawEvalkit-private-emnlp/outputs/harness/procedure/clawbench-official/qwen3.6-27b/wfl-009.json
[22:08:42] [clawbench_wfl-011_qwen3.6-27b_20260520_140839] Container started
[22:08:42] [wfl-011] Harness detected, timeout adjusted: 120 → 300
[22:11:10]   [container] [setup] 运行 setup.sh: /app/claw-bench/tasks/workflow-automation/wfl-011-pipeline-validator/environment/setup.sh
[22:11:10]   [container] [setup] setup.sh 成功
[22:11:10]   [container] [setup] 工作空间文件: ['instruction.md', 'pipeline.json']
[22:11:10]   [container] DONE
[22:11:10]   [container-err] Loading weights:   0%|          | 0/103 [00:00<?, ?it/s]
[22:11:10]   [container-err] Loading weights: 100%|██████████| 103/103 [00:00<00:00, 29816.64it/s]
[22:11:10]   [container-err] [1mBertModel LOAD REPORT[0m from: sentence-transformers/all-MiniLM-L6-v2
[22:11:10]   [container-err] Key                     | Status     |  | 
[22:11:10]   [container-err] ------------------------+------------+--+-
[22:11:10]   [container-err] embeddings.position_ids | UNEXPECTED |  | 
[22:11:10]   [container-err] 
[22:11:10]   [container-err] Notes:
[22:11:10]   [container-err] - UNEXPECTED:	can be ignored when loading from different task/architecture; not ok if you expect identical arch.
[22:11:10] [clawbench_wfl-011_qwen3.6-27b_20260520_140839] Agent finished in 148.03s, returncode=0
[22:11:10] [clawbench_wfl-011_qwen3.6-27b_20260520_140839] Agent result: passed=False, score=0.5000
[22:11:11] [wfl-011] Result saved to /Volumes/F/work/ClawEvalkit-private-emnlp/outputs/harness/procedure/clawbench-official/qwen3.6-27b/wfl-011.json
[22:11:15] [clawbench_wfl-012_qwen3.6-27b_20260520_141111] Container started
[22:11:15] [wfl-012] Harness detected, timeout adjusted: 120 → 300
[22:12:25]   [container] [setup] 运行 setup.sh: /app/claw-bench/tasks/workflow-automation/wfl-012-batch-file-renamer/environment/setup.sh
[22:12:25]   [container] [setup] setup.sh 成功
[22:12:25]   [container] [setup] 工作空间文件: ['rename_rules.json', 'file_list.json', 'instruction.md']
[22:12:25]   [container] DONE
[22:12:25]   [container-err] Loading weights:   0%|          | 0/103 [00:00<?, ?it/s]
[22:12:25]   [container-err] Loading weights: 100%|██████████| 103/103 [00:00<00:00, 15413.63it/s]
[22:12:25]   [container-err] [1mBertModel LOAD REPORT[0m from: sentence-transformers/all-MiniLM-L6-v2
[22:12:25]   [container-err] Key                     | Status     |  | 
[22:12:25]   [container-err] ------------------------+------------+--+-
[22:12:25]   [container-err] embeddings.position_ids | UNEXPECTED |  | 
[22:12:25]   [container-err] 
[22:12:25]   [container-err] Notes:
[22:12:25]   [container-err] - UNEXPECTED:	can be ignored when loading from different task/architecture; not ok if you expect identical arch.
[22:12:25] [clawbench_wfl-012_qwen3.6-27b_20260520_141111] Agent finished in 69.83s, returncode=0
[22:12:25] [clawbench_wfl-012_qwen3.6-27b_20260520_141111] Agent result: passed=False, score=0.5333
[22:12:25] [wfl-012] Result saved to /Volumes/F/work/ClawEvalkit-private-emnlp/outputs/harness/procedure/clawbench-official/qwen3.6-27b/wfl-012.json
[22:12:29] [clawbench_wfl-013_qwen3.6-27b_20260520_141225] Container started
[22:12:29] [wfl-013] Harness detected, timeout adjusted: 120 → 300
[22:12:47]   [container] [setup] 运行 setup.sh: /app/claw-bench/tasks/workflow-automation/wfl-010-complex-multi-system-integration/environment/setup.sh
[22:12:47]   [container] [setup] setup.sh 成功
[22:12:47]   [container] [setup] 工作空间文件: ['orders.csv', 'pricing_rules.json', 'customers.json', 'instruction.md']
[22:12:47]   [container] DONE
[22:12:47]   [container-err] Loading weights:   0%|          | 0/103 [00:00<?, ?it/s]
[22:12:47]   [container-err] Loading weights: 100%|██████████| 103/103 [00:00<00:00, 27016.03it/s]
[22:12:47]   [container-err] [1mBertModel LOAD REPORT[0m from: sentence-transformers/all-MiniLM-L6-v2
[22:12:47]   [container-err] Key                     | Status     |  | 
[22:12:47]   [container-err] ------------------------+------------+--+-
[22:12:47]   [container-err] embeddings.position_ids | UNEXPECTED |  | 
[22:12:47]   [container-err] 
[22:12:47]   [container-err] Notes:
[22:12:47]   [container-err] - UNEXPECTED:	can be ignored when loading from different task/architecture; not ok if you expect identical arch.
[22:12:47] [clawbench_wfl-010_qwen3.6-27b_20260520_140736] Agent finished in 307.84s, returncode=0
[22:12:47] [clawbench_wfl-010_qwen3.6-27b_20260520_140736] Agent result: passed=True, score=1.0000
[22:12:48] [wfl-010] Result saved to /Volumes/F/work/ClawEvalkit-private-emnlp/outputs/harness/procedure/clawbench-official/qwen3.6-27b/wfl-010.json
[22:12:52] [clawbench_wfl-014_qwen3.6-27b_20260520_141248] Container started
[22:12:52] [wfl-014] Harness detected, timeout adjusted: 120 → 300
[22:13:51]   [container] [setup] 运行 setup.sh: /app/claw-bench/tasks/workflow-automation/wfl-013-task-scheduler/environment/setup.sh
[22:13:51]   [container] [setup] setup.sh 成功
[22:13:51]   [container] [setup] 工作空间文件: ['instruction.md', 'tasks.json']
[22:13:51]   [container] DONE
[22:13:51]   [container-err] Loading weights:   0%|          | 0/103 [00:00<?, ?it/s]
[22:13:51]   [container-err] Loading weights: 100%|██████████| 103/103 [00:00<00:00, 32641.73it/s]
[22:13:51]   [container-err] [1mBertModel LOAD REPORT[0m from: sentence-transformers/all-MiniLM-L6-v2
[22:13:51]   [container-err] Key                     | Status     |  | 
[22:13:51]   [container-err] ------------------------+------------+--+-
[22:13:51]   [container-err] embeddings.position_ids | UNEXPECTED |  | 
[22:13:51]   [container-err] 
[22:13:51]   [container-err] Notes:
[22:13:51]   [container-err] - UNEXPECTED:	can be ignored when loading from different task/architecture; not ok if you expect identical arch.
[22:13:51] [clawbench_wfl-013_qwen3.6-27b_20260520_141225] Agent finished in 81.57s, returncode=0
[22:13:51] [clawbench_wfl-013_qwen3.6-27b_20260520_141225] Agent result: passed=True, score=1.0000
[22:13:51] [wfl-013] Result saved to /Volumes/F/work/ClawEvalkit-private-emnlp/outputs/harness/procedure/clawbench-official/qwen3.6-27b/wfl-013.json
[22:13:54] [clawbench_wfl-015_qwen3.6-27b_20260520_141351] Container started
[22:13:54] [wfl-015] Harness detected, timeout adjusted: 120 → 300
[22:14:05]   [container] [setup] 运行 setup.sh: /app/claw-bench/tasks/workflow-automation/wfl-014-data-pipeline-orchestrator/environment/setup.sh
[22:14:05]   [container] [setup] setup.sh 成功
[22:14:05]   [container] [setup] 工作空间文件: ['instruction.md', 'transforms.json']
[22:14:05]   [container] DONE
[22:14:05]   [container-err] Loading weights:   0%|          | 0/103 [00:00<?, ?it/s]
[22:14:05]   [container-err] Loading weights: 100%|██████████| 103/103 [00:00<00:00, 22744.73it/s]
[22:14:05]   [container-err] [1mBertModel LOAD REPORT[0m from: sentence-transformers/all-MiniLM-L6-v2
[22:14:05]   [container-err] Key                     | Status     |  | 
[22:14:05]   [container-err] ------------------------+------------+--+-
[22:14:05]   [container-err] embeddings.position_ids | UNEXPECTED |  | 
[22:14:05]   [container-err] 
[22:14:05]   [container-err] Notes:
[22:14:05]   [container-err] - UNEXPECTED:	can be ignored when loading from different task/architecture; not ok if you expect identical arch.
[22:14:05] [clawbench_wfl-014_qwen3.6-27b_20260520_141248] Agent finished in 73.76s, returncode=0
[22:14:05] [clawbench_wfl-014_qwen3.6-27b_20260520_141248] Agent result: passed=True, score=1.0000
[22:14:06] [wfl-014] Result saved to /Volumes/F/work/ClawEvalkit-private-emnlp/outputs/harness/procedure/clawbench-official/qwen3.6-27b/wfl-014.json
[22:14:11] [clawbench_wfl-016_qwen3.6-27b_20260520_141406] Container started
[22:14:11] [wfl-016] Harness detected, timeout adjusted: 240 → 420
[22:14:52]   [container] [setup] 运行 setup.sh: /app/claw-bench/tasks/workflow-automation/wfl-016-onboarding-checklist/environment/setup.sh
[22:14:52]   [container] [setup] setup.sh 成功
[22:14:52]   [container] [setup] 工作空间文件: ['instruction.md', 'new_hire.json', 'equipment_by_dept.json']
[22:14:52]   [container] DONE
[22:14:52]   [container-err] Loading weights:   0%|          | 0/103 [00:00<?, ?it/s]
[22:14:52]   [container-err] Loading weights: 100%|██████████| 103/103 [00:00<00:00, 28284.23it/s]
[22:14:52]   [container-err] [1mBertModel LOAD REPORT[0m from: sentence-transformers/all-MiniLM-L6-v2
[22:14:52]   [container-err] Key                     | Status     |  | 
[22:14:52]   [container-err] ------------------------+------------+--+-
[22:14:52]   [container-err] embeddings.position_ids | UNEXPECTED |  | 
[22:14:52]   [container-err] 
[22:14:52]   [container-err] Notes:
[22:14:52]   [container-err] - UNEXPECTED:	can be ignored when loading from different task/architecture; not ok if you expect identical arch.
[22:14:52] [clawbench_wfl-016_qwen3.6-27b_20260520_141406] Agent finished in 41.85s, returncode=0
[22:14:52] [clawbench_wfl-016_qwen3.6-27b_20260520_141406] Agent result: passed=True, score=1.0000
[22:14:53] [wfl-016] Result saved to /Volumes/F/work/ClawEvalkit-private-emnlp/outputs/harness/procedure/clawbench-official/qwen3.6-27b/wfl-016.json
[22:14:55]   [container] [setup] 运行 setup.sh: /app/claw-bench/tasks/workflow-automation/wfl-015-notification-dispatcher/environment/setup.sh
[22:14:55]   [container] [setup] setup.sh 失败 (rc=1)
[22:14:55]   [container] [setup] stderr: cp: cannot stat '/app/claw-bench/tasks/workflow-automation/wfl-015-notification-dispatcher/environment/data/events.jsonl': No such file or directory
[22:14:55]   [container] 
[22:14:55]   [container] [setup] 重试 (bash -x) ...
[22:14:55]   [container] [setup] 重试也失败 (rc=1)
[22:14:55]   [container] [setup] stderr: + set -euo pipefail
[22:14:55]   [container] +++ dirname /app/claw-bench/tasks/workflow-automation/wfl-015-notification-dispatcher/environment/setup.sh
[22:14:55]   [container] ++ cd /app/claw-bench/tasks/workflow-automation/wfl-015-notification-dispatcher/environment/..
[22:14:55]   [container] ++ pwd
[22:14:55]   [container] + TASK_DIR=/app/claw-bench/tasks/workflow-automation/wfl-015-notification-dispatcher
[22:14:55]   [container] + WORKSPACE=/tmp/clawbench_workspace
[22:14:55]   [container] + mkdir -p /tmp/clawbench_workspace
[22:14:55]   [container] + cp /app/claw-bench/tasks/workflow-automation/wfl-015-notification-dispatcher/environment/data/events.jsonl /tmp/clawbench_workspace/
[22:14:55]   [container] cp: cannot stat '/app/claw-bench/tasks/workflow-automation/wfl-015-notification-dispatcher/environment/data/events.jsonl': No such file or directory
[22:14:55]   [container] 
[22:14:55]   [container] [setup] 工作空间文件: ['instruction.md', 'routing_rules.json']
[22:14:55]   [container] DONE
[22:14:55]   [container-err] Loading weights:   0%|          | 0/103 [00:00<?, ?it/s]
[22:14:55]   [container-err] Loading weights: 100%|██████████| 103/103 [00:00<00:00, 35989.11it/s]
[22:14:55]   [container-err] [1mBertModel LOAD REPORT[0m from: sentence-transformers/all-MiniLM-L6-v2
[22:14:55]   [container-err] Key                     | Status     |  | 
[22:14:55]   [container-err] ------------------------+------------+--+-
[22:14:55]   [container-err] embeddings.position_ids | UNEXPECTED |  | 
[22:14:55]   [container-err] 
[22:14:55]   [container-err] Notes:
[22:14:55]   [container-err] - UNEXPECTED:	can be ignored when loading from different task/architecture; not ok if you expect identical arch.
[22:14:55] [clawbench_wfl-015_qwen3.6-27b_20260520_141351] Agent finished in 60.68s, returncode=0
[22:14:55] [clawbench_wfl-015_qwen3.6-27b_20260520_141351] Agent result: passed=False, score=0.2500
[22:14:56] [wfl-015] Result saved to /Volumes/F/work/ClawEvalkit-private-emnlp/outputs/harness/procedure/clawbench-official/qwen3.6-27b/wfl-015.json
[22:14:58] [clawbench_wfl-017_qwen3.6-27b_20260520_141453] Container started
[22:14:58] [wfl-017] Harness detected, timeout adjusted: 180 → 360
[22:15:48]   [container] [setup] 运行 setup.sh: /app/claw-bench/tasks/workflow-automation/wfl-017-standup-aggregator/environment/setup.sh
[22:15:48]   [container] [setup] setup.sh 成功
[22:15:48]   [container] [setup] 工作空间文件: ['dave.json', 'alice.json', 'instruction.md', 'carol.json', 'bob.json']
[22:15:48]   [container] DONE
[22:15:48]   [container-err] Loading weights:   0%|          | 0/103 [00:00<?, ?it/s]
[22:15:48]   [container-err] Loading weights: 100%|██████████| 103/103 [00:00<00:00, 26613.28it/s]
[22:15:48]   [container-err] [1mBertModel LOAD REPORT[0m from: sentence-transformers/all-MiniLM-L6-v2
[22:15:48]   [container-err] Key                     | Status     |  | 
[22:15:48]   [container-err] ------------------------+------------+--+-
[22:15:48]   [container-err] embeddings.position_ids | UNEXPECTED |  | 
[22:15:48]   [container-err] 
[22:15:48]   [container-err] Notes:
[22:15:48]   [container-err] - UNEXPECTED:	can be ignored when loading from different task/architecture; not ok if you expect identical arch.
[22:15:48] [clawbench_wfl-017_qwen3.6-27b_20260520_141453] Agent finished in 49.65s, returncode=0
[22:15:48] [clawbench_wfl-017_qwen3.6-27b_20260520_141453] Agent result: passed=True, score=1.0000
[22:15:48] [wfl-017] Result saved to /Volumes/F/work/ClawEvalkit-private-emnlp/outputs/harness/procedure/clawbench-official/qwen3.6-27b/wfl-017.json
[22:15:48]   [clawbench-official×qwen3.6-27b] done: score=91.6, scored=203/303
[22:15:49] 

