[16:18:25] Config: bench=['clawbench-official'], models=['qwen3.6-27b'], sample=all
[16:18:25] 
============================================================
[16:18:25] BENCHMARK: ClawBench Official (250 tasks)
[16:18:25] ============================================================
[16:18:25]   [clawbench-official×qwen3.6-27b] evaluating...
[16:18:29] [clawbench_acad-002-literature-review_qwen3.6-27b_20260520_081827] Container started
[16:18:29] [acad-002-literature-review] Harness detected, timeout adjusted: 3600 → 3780
[16:18:29] [clawbench_acad-001-citation-network_qwen3.6-27b_20260520_081827] Container started
[16:18:29] [acad-001-citation-network] Harness detected, timeout adjusted: 3600 → 3780
[16:21:25]   [container] [setup] 运行 setup.sh: /app/claw-bench/tasks/academic-research/acad-002-literature-review/environment/setup.sh
[16:21:25]   [container] [setup] setup.sh 成功
[16:21:25]   [container] [setup] 工作空间文件: ['abstracts.csv', 'instruction.md']
[16:21:25]   [container] DONE
[16:21:25]   [container-err] Plan generation returned empty (attempt 1/3)
[16:21:25] [clawbench_acad-002-literature-review_qwen3.6-27b_20260520_081827] Agent finished in 175.28s, returncode=0
[16:21:25] [clawbench_acad-002-literature-review_qwen3.6-27b_20260520_081827] Agent result: passed=True, score=1.0000
[16:21:25] [acad-002-literature-review] Result saved to /Volumes/F/work/ClawEvalkit-private-emnlp/outputs/harness/control/clawbench-official/qwen3.6-27b/acad-002-literature-review.json
[16:21:27] [clawbench_acad-003-statistical-analysis_qwen3.6-27b_20260520_082125] Container started
[16:21:27] [acad-003-statistical-analysis] Harness detected, timeout adjusted: 3600 → 3780
[16:24:11]   [container] [setup] 运行 setup.sh: /app/claw-bench/tasks/academic-research/acad-001-citation-network/environment/setup.sh
[16:24:11]   [container] [setup] setup.sh 成功
[16:24:11]   [container] [setup] 工作空间文件: ['references.bib', 'instruction.md']
[16:24:11]   [container] DONE
[16:24:11]   [container-err] Plan generation returned empty (attempt 1/3)
[16:24:11]   [container-err] Plan generation returned empty (attempt 2/3)
[16:24:11]   [container-err] Plan generation returned empty (attempt 3/3)
[16:24:11]   [container-err] Plan generation failed after 3 attempts, returning empty plan
[16:24:11] [clawbench_acad-001-citation-network_qwen3.6-27b_20260520_081827] Agent finished in 341.39s, returncode=0
[16:24:11] [clawbench_acad-001-citation-network_qwen3.6-27b_20260520_081827] Agent result: passed=True, score=1.0000
[16:24:11] [acad-001-citation-network] Result saved to /Volumes/F/work/ClawEvalkit-private-emnlp/outputs/harness/control/clawbench-official/qwen3.6-27b/acad-001-citation-network.json
[16:24:14] [clawbench_acad-004-plagiarism-check_qwen3.6-27b_20260520_082411] Container started
[16:24:14] [acad-004-plagiarism-check] Harness detected, timeout adjusted: 3600 → 3780
[16:24:40]   [container] [setup] 运行 setup.sh: /app/claw-bench/tasks/academic-research/acad-003-statistical-analysis/environment/setup.sh
[16:24:40]   [container] [setup] setup.sh 成功
[16:24:40]   [container] [setup] 工作空间文件: ['instruction.md', 'experiment_data.csv']
[16:24:40]   [container] DONE
[16:24:40]   [container-err] Plan generation returned empty (attempt 1/3)
[16:24:40] [clawbench_acad-003-statistical-analysis_qwen3.6-27b_20260520_082125] Agent finished in 192.74s, returncode=0
[16:24:40] [clawbench_acad-003-statistical-analysis_qwen3.6-27b_20260520_082125] Agent result: passed=False, score=0.7500
[16:24:40] [acad-003-statistical-analysis] Result saved to /Volumes/F/work/ClawEvalkit-private-emnlp/outputs/harness/control/clawbench-official/qwen3.6-27b/acad-003-statistical-analysis.json
[16:24:42] [clawbench_acad-005-metadata-extraction_qwen3.6-27b_20260520_082440] Container started
[16:24:42] [acad-005-metadata-extraction] Harness detected, timeout adjusted: 3600 → 3780
[16:27:57]   [container] [setup] 运行 setup.sh: /app/claw-bench/tasks/academic-research/acad-004-plagiarism-check/environment/setup.sh
[16:27:57]   [container] [setup] setup.sh 成功
[16:27:57]   [container] [setup] 工作空间文件: ['instruction.md']
[16:27:57]   [container] DONE
[16:27:57]   [container-err] Plan generation returned empty (attempt 1/3)
[16:27:57]   [container-err] Plan generation returned empty (attempt 2/3)
[16:27:57]   [container-err] Plan generation returned empty (attempt 3/3)
[16:27:57]   [container-err] Plan generation failed after 3 attempts, returning empty plan
[16:27:57] [clawbench_acad-004-plagiarism-check_qwen3.6-27b_20260520_082411] Agent finished in 223.06s, returncode=0
[16:27:57] [clawbench_acad-004-plagiarism-check_qwen3.6-27b_20260520_082411] Agent result: passed=True, score=1.0000
[16:27:57] [acad-004-plagiarism-check] Result saved to /Volumes/F/work/ClawEvalkit-private-emnlp/outputs/harness/control/clawbench-official/qwen3.6-27b/acad-004-plagiarism-check.json
[16:28:01] [clawbench_acct-001-journal-entries_qwen3.6-27b_20260520_082757] Container started
[16:28:01] [acct-001-journal-entries] Harness detected, timeout adjusted: 3600 → 3780
[16:28:27]   [container] [setup] 运行 setup.sh: /app/claw-bench/tasks/academic-research/acad-005-metadata-extraction/environment/setup.sh
[16:28:27]   [container] [setup] setup.sh 成功
[16:28:27]   [container] [setup] 工作空间文件: ['instruction.md']
[16:28:27]   [container] DONE
[16:28:27]   [container-err] Plan generation returned empty (attempt 1/3)
[16:28:27]   [container-err] Plan generation returned empty (attempt 2/3)
[16:28:27]   [container-err] Plan generation returned empty (attempt 3/3)
[16:28:27]   [container-err] Plan generation failed after 3 attempts, returning empty plan
[16:28:27] [clawbench_acad-005-metadata-extraction_qwen3.6-27b_20260520_082440] Agent finished in 224.04s, returncode=0
[16:28:27] [clawbench_acad-005-metadata-extraction_qwen3.6-27b_20260520_082440] Agent result: passed=True, score=1.0000
[16:28:27] [acad-005-metadata-extraction] Result saved to /Volumes/F/work/ClawEvalkit-private-emnlp/outputs/harness/control/clawbench-official/qwen3.6-27b/acad-005-metadata-extraction.json
[16:28:30] [clawbench_acct-002-trial-balance_qwen3.6-27b_20260520_082827] Container started
[16:28:30] [acct-002-trial-balance] Harness detected, timeout adjusted: 3600 → 3780
[16:29:20]   [container] [setup] 运行 setup.sh: /app/claw-bench/tasks/accounting/acct-001-journal-entries/environment/setup.sh
[16:29:20]   [container] [setup] setup.sh 成功
[16:29:20]   [container] [setup] 工作空间文件: ['instruction.md', 'transactions.csv']
[16:29:20]   [container] DONE
[16:29:20]   [container-err] Plan generation returned empty (attempt 1/3)
[16:29:20]   [container-err] Plan generation returned empty (attempt 2/3)
[16:29:20]   [container-err] Plan generation returned empty (attempt 3/3)
[16:29:20]   [container-err] Plan generation failed after 3 attempts, returning empty plan
[16:29:20] [clawbench_acct-001-journal-entries_qwen3.6-27b_20260520_082757] Agent finished in 79.10s, returncode=0
[16:29:20] [clawbench_acct-001-journal-entries_qwen3.6-27b_20260520_082757] Agent result: passed=True, score=1.0000
[16:29:20] [acct-001-journal-entries] Result saved to /Volumes/F/work/ClawEvalkit-private-emnlp/outputs/harness/control/clawbench-official/qwen3.6-27b/acct-001-journal-entries.json
[16:29:23] [clawbench_acct-003-depreciation_qwen3.6-27b_20260520_082920] Container started
[16:29:23] [acct-003-depreciation] Harness detected, timeout adjusted: 3600 → 3780
[16:30:08]   [container] [setup] 运行 setup.sh: /app/claw-bench/tasks/accounting/acct-002-trial-balance/environment/setup.sh
[16:30:08]   [container] [setup] setup.sh 成功
[16:30:08]   [container] [setup] 工作空间文件: ['ledger.csv', 'instruction.md']
[16:30:08]   [container] DONE
[16:30:08] [clawbench_acct-002-trial-balance_qwen3.6-27b_20260520_082827] Agent finished in 98.13s, returncode=0
[16:30:08] [clawbench_acct-002-trial-balance_qwen3.6-27b_20260520_082827] Agent result: passed=True, score=1.0000
[16:30:08] [acct-002-trial-balance] Result saved to /Volumes/F/work/ClawEvalkit-private-emnlp/outputs/harness/control/clawbench-official/qwen3.6-27b/acct-002-trial-balance.json
[16:30:10] [clawbench_acct-004-bank-reconciliation_qwen3.6-27b_20260520_083008] Container started
[16:30:10] [acct-004-bank-reconciliation] Harness detected, timeout adjusted: 3600 → 3780
[16:32:07]   [container] [setup] 运行 setup.sh: /app/claw-bench/tasks/accounting/acct-003-depreciation/environment/setup.sh
[16:32:07]   [container] [setup] setup.sh 成功
[16:32:07]   [container] [setup] 工作空间文件: ['assets.csv', 'instruction.md']
[16:32:07]   [container] DONE
[16:32:07]   [container-err] Plan generation returned empty (attempt 1/3)
[16:32:07]   [container-err] Plan generation returned empty (attempt 2/3)
[16:32:07]   [container-err] Plan generation returned empty (attempt 3/3)
[16:32:07]   [container-err] Plan generation failed after 3 attempts, returning empty plan
[16:32:07] [clawbench_acct-003-depreciation_qwen3.6-27b_20260520_082920] Agent finished in 164.23s, returncode=0
[16:32:07] [clawbench_acct-003-depreciation_qwen3.6-27b_20260520_082920] Agent result: passed=True, score=1.0000
[16:32:07] [acct-003-depreciation] Result saved to /Volumes/F/work/ClawEvalkit-private-emnlp/outputs/harness/control/clawbench-official/qwen3.6-27b/acct-003-depreciation.json
[16:32:09] [clawbench_acct-005-financial-statements_qwen3.6-27b_20260520_083207] Container started
[16:32:09] [acct-005-financial-statements] Harness detected, timeout adjusted: 3600 → 3780
[16:34:53]   [container] [setup] 运行 setup.sh: /app/claw-bench/tasks/accounting/acct-004-bank-reconciliation/environment/setup.sh
[16:34:53]   [container] [setup] setup.sh 成功
[16:34:53]   [container] [setup] 工作空间文件: ['bank_statement.csv', 'company_ledger.csv', 'instruction.md']
[16:34:53]   [container] DONE
[16:34:53]   [container-err] Plan generation returned empty (attempt 1/3)
[16:34:53]   [container-err] Plan generation returned empty (attempt 2/3)
[16:34:53]   [container-err] Plan generation returned empty (attempt 3/3)
[16:34:53]   [container-err] Plan generation failed after 3 attempts, returning empty plan
[16:34:53] [clawbench_acct-004-bank-reconciliation_qwen3.6-27b_20260520_083008] Agent finished in 282.45s, returncode=0
[16:34:53] [clawbench_acct-004-bank-reconciliation_qwen3.6-27b_20260520_083008] Agent result: passed=True, score=1.0000
[16:34:53] [acct-004-bank-reconciliation] Result saved to /Volumes/F/work/ClawEvalkit-private-emnlp/outputs/harness/control/clawbench-official/qwen3.6-27b/acct-004-bank-reconciliation.json
[16:34:55] [clawbench_bio-001-sequence-analysis_qwen3.6-27b_20260520_083453] Container started
[16:34:55] [bio-001-sequence-analysis] Harness detected, timeout adjusted: 3600 → 3780
[16:35:30]   [container] [setup] 运行 setup.sh: /app/claw-bench/tasks/accounting/acct-005-financial-statements/environment/setup.sh
[16:35:30]   [container] [setup] setup.sh 成功
[16:35:30]   [container] [setup] 工作空间文件: ['trial_balance.csv', 'instruction.md']
[16:35:30]   [container] DONE
[16:35:30]   [container-err] Plan generation returned empty (attempt 1/3)
[16:35:30]   [container-err] Plan generation returned empty (attempt 2/3)
[16:35:30]   [container-err] Plan generation returned empty (attempt 3/3)
[16:35:30]   [container-err] Plan generation failed after 3 attempts, returning empty plan
[16:35:30] [clawbench_acct-005-financial-statements_qwen3.6-27b_20260520_083207] Agent finished in 200.20s, returncode=0
[16:35:30] [clawbench_acct-005-financial-statements_qwen3.6-27b_20260520_083207] Agent result: passed=False, score=0.5000
[16:35:30] [acct-005-financial-statements] Result saved to /Volumes/F/work/ClawEvalkit-private-emnlp/outputs/harness/control/clawbench-official/qwen3.6-27b/acct-005-financial-statements.json
[16:35:37] [clawbench_bio-002-protein-alignment_qwen3.6-27b_20260520_083530] Container started
[16:35:37] [bio-002-protein-alignment] Harness detected, timeout adjusted: 3600 → 3780
[16:38:22]   [container] [setup] 运行 setup.sh: /app/claw-bench/tasks/bioinformatics/bio-001-sequence-analysis/environment/setup.sh
[16:38:22]   [container] [setup] setup.sh 成功
[16:38:22]   [container] [setup] 工作空间文件: ['instruction.md', 'sequences.fasta']
[16:38:22]   [container] DONE
[16:38:22]   [container-err] Plan generation returned empty (attempt 1/3)
[16:38:22]   [container-err] Plan generation returned empty (attempt 2/3)
[16:38:22]   [container-err] Plan generation returned empty (attempt 3/3)
[16:38:22]   [container-err] Plan generation failed after 3 attempts, returning empty plan
[16:38:22] [clawbench_bio-001-sequence-analysis_qwen3.6-27b_20260520_083453] Agent finished in 206.21s, returncode=0
[16:38:22] [clawbench_bio-001-sequence-analysis_qwen3.6-27b_20260520_083453] Agent result: passed=True, score=1.0000
[16:38:22] [bio-001-sequence-analysis] Result saved to /Volumes/F/work/ClawEvalkit-private-emnlp/outputs/harness/control/clawbench-official/qwen3.6-27b/bio-001-sequence-analysis.json
[16:38:29] [clawbench_bio-003-gene-expression_qwen3.6-27b_20260520_083822] Container started
[16:38:29] [bio-003-gene-expression] Harness detected, timeout adjusted: 3600 → 3780
[16:39:24]   [container] num_seqs = 25
[16:39:24]   [container] min_len = 50
[16:39:24]   [container] max_len = 100
[16:39:24]   [container] 
[16:39:24]   [container] with open(f"{os.environ.get(\"WORKSPACE\", os.getcwd())}/proteins.fasta", "w") as f:
[16:39:24]   [container]     for i in range(1, num_seqs + 1):
[16:39:24]   [container]         length = random.randint(min_len, max_len)
[16:39:24]   [container]         seq = "".join(random.choices(amino_acids, k=length))
[16:39:24]   [container]         f.write(f">seq{i}\n")
[16:39:24]   [container]         # Write sequence in lines of max 60 chars
[16:39:24]   [container]         for j in range(0, length, 60):
[16:39:24]   [container]             f.write(seq[j:j+60] + "\n")
[16:39:24]   [container] '
[16:39:24]   [container]   File "<string>", line 10
[16:39:24]   [container]     with open(f"{os.environ.get(\"WORKSPACE\", os.getcwd())}/proteins.fasta", "w") as f:
[16:39:24]   [container]                                  ^
[16:39:24]   [container] SyntaxError: unexpected character after line continuation character
[16:39:24]   [container] 
[16:39:24]   [container] [setup] 工作空间文件: ['instruction.md']
[16:39:24]   [container] DONE
[16:39:24]   [container-err] Plan generation returned empty (attempt 1/3)
[16:39:24]   [container-err] Plan generation returned empty (attempt 2/3)
[16:39:24] [clawbench_bio-002-protein-alignment_qwen3.6-27b_20260520_083530] Agent finished in 226.65s, returncode=0
[16:39:24] [clawbench_bio-002-protein-alignment_qwen3.6-27b_20260520_083530] Agent result: passed=True, score=1.0000
[16:39:24] [bio-002-protein-alignment] Result saved to /Volumes/F/work/ClawEvalkit-private-emnlp/outputs/harness/control/clawbench-official/qwen3.6-27b/bio-002-protein-alignment.json
[16:39:32] [clawbench_bio-004-phylogenetic_qwen3.6-27b_20260520_083924] Container started
[16:39:32] [bio-004-phylogenetic] Harness detected, timeout adjusted: 3600 → 3780
[16:41:32]   [container] [setup] 运行 setup.sh: /app/claw-bench/tasks/bioinformatics/bio-003-gene-expression/environment/setup.sh
[16:41:32]   [container] [setup] setup.sh 成功
[16:41:32]   [container] [setup] 工作空间文件: ['instruction.md', 'expression_matrix.csv']
[16:41:32]   [container] DONE
[16:41:32]   [container-err] Plan generation returned empty (attempt 1/3)
[16:41:32]   [container-err] Plan generation returned empty (attempt 2/3)
[16:41:32]   [container-err] Plan generation returned empty (attempt 3/3)
[16:41:32]   [container-err] Plan generation failed after 3 attempts, returning empty plan
[16:41:32] [clawbench_bio-003-gene-expression_qwen3.6-27b_20260520_083822] Agent finished in 183.49s, returncode=0
[16:41:32] [clawbench_bio-003-gene-expression_qwen3.6-27b_20260520_083822] Agent result: passed=True, score=1.0000
[16:41:33] [bio-003-gene-expression] Result saved to /Volumes/F/work/ClawEvalkit-private-emnlp/outputs/harness/control/clawbench-official/qwen3.6-27b/bio-003-gene-expression.json
[16:41:39] [clawbench_bio-005-variant-annotation_qwen3.6-27b_20260520_084133] Container started
[16:41:39] [bio-005-variant-annotation] Harness detected, timeout adjusted: 3600 → 3780
[16:45:01]   [container] [setup] 运行 setup.sh: /app/claw-bench/tasks/bioinformatics/bio-004-phylogenetic/environment/setup.sh
[16:45:01]   [container] [setup] setup.sh 成功
[16:45:01]   [container] [setup] 工作空间文件: ['instruction.md', 'species_sequences.fasta']
[16:45:01]   [container] DONE
[16:45:01]   [container-err] Plan generation returned empty (attempt 1/3)
[16:45:01]   [container-err] Plan generation returned empty (attempt 2/3)
[16:45:01]   [container-err] Plan generation returned empty (attempt 3/3)
[16:45:01]   [container-err] Plan generation failed after 3 attempts, returning empty plan
[16:45:01] [clawbench_bio-004-phylogenetic_qwen3.6-27b_20260520_083924] Agent finished in 329.57s, returncode=0
[16:45:02] [clawbench_bio-004-phylogenetic_qwen3.6-27b_20260520_083924] Agent result: passed=True, score=1.0000
[16:45:02] [bio-004-phylogenetic] Result saved to /Volumes/F/work/ClawEvalkit-private-emnlp/outputs/harness/control/clawbench-official/qwen3.6-27b/bio-004-phylogenetic.json
[16:45:09] [clawbench_cal-001_qwen3.6-27b_20260520_084502] Container started
[16:45:09] [cal-001] Harness detected, timeout adjusted: 120 → 300
[16:45:11]   [container]         length = random.randint(5000, 20000)
[16:45:11]   [container]         end = start + length
[16:45:11]   [container]         func = random.choice(functions)
[16:45:11]   [container]         regions.append([gene, chrom, start, end, func])
[16:45:11]   [container]         # Next gene region start with some gap
[16:45:11]   [container]         start = end + random.randint(1000, 5000)
[16:45:11]   [container] 
[16:45:11]   [container] with open(f"{os.environ.get(\"WORKSPACE\", os.getcwd())}/gene_regions.csv", "w", newline="") as f:
[16:45:11]   [container]     writer = csv.writer(f)
[16:45:11]   [container]     writer.writerow(["gene", "chrom", "start", "end", "function"])
[16:45:11]   [container]     for row in regions:
[16:45:11]   [container]         writer.writerow(row)
[16:45:11]   [container] '
[16:45:11]   [container]   File "<string>", line 21
[16:45:11]   [container]     with open(f"{os.environ.get(\"WORKSPACE\", os.getcwd())}/gene_regions.csv", "w", newline="") as f:
[16:45:11]   [container]                                  ^
[16:45:11]   [container] SyntaxError: unexpected character after line continuation character
[16:45:11]   [container] 
[16:45:11]   [container] [setup] 工作空间文件: ['instruction.md']
[16:45:11]   [container] DONE
[16:45:11]   [container-err] Plan generation returned empty (attempt 1/3)
[16:45:11]   [container-err] Plan generation returned empty (attempt 2/3)
[16:45:11]   [container-err] Plan generation returned empty (attempt 3/3)
[16:45:11]   [container-err] Plan generation failed after 3 attempts, returning empty plan
[16:45:11] [clawbench_bio-005-variant-annotation_qwen3.6-27b_20260520_084133] Agent finished in 212.29s, returncode=0
[16:45:11] [clawbench_bio-005-variant-annotation_qwen3.6-27b_20260520_084133] Agent result: passed=False, score=0.6667
[16:45:12] [bio-005-variant-annotation] Result saved to /Volumes/F/work/ClawEvalkit-private-emnlp/outputs/harness/control/clawbench-official/qwen3.6-27b/bio-005-variant-annotation.json
[16:45:15] [clawbench_cal-002_qwen3.6-27b_20260520_084512] Container started
[16:45:15] [cal-002] Harness detected, timeout adjusted: 120 → 300
[16:46:33]   [container] [setup] 运行 setup.sh: /app/claw-bench/tasks/calendar/cal-001-create-meeting/environment/setup.sh
[16:46:33]   [container] [setup] setup.sh 成功
[16:46:33]   [container] [setup] 工作空间文件: ['instruction.md']
[16:46:33]   [container] DONE
[16:46:33]   [container-err] Plan generation returned empty (attempt 1/3)
[16:46:33]   [container-err] Plan generation returned empty (attempt 2/3)
[16:46:33]   [container-err] Plan generation returned empty (attempt 3/3)
[16:46:33]   [container-err] Plan generation failed after 3 attempts, returning empty plan
[16:46:33] [clawbench_cal-001_qwen3.6-27b_20260520_084502] Agent finished in 83.85s, returncode=0
[16:46:33] [clawbench_cal-001_qwen3.6-27b_20260520_084502] Agent result: passed=True, score=1.0000
[16:46:33] [cal-001] Result saved to /Volumes/F/work/ClawEvalkit-private-emnlp/outputs/harness/control/clawbench-official/qwen3.6-27b/cal-001.json
[16:46:40] [clawbench_cal-003_qwen3.6-27b_20260520_084633] Container started
[16:46:40] [cal-003] Harness detected, timeout adjusted: 120 → 300
[16:46:55]   [container] [setup] 运行 setup.sh: /app/claw-bench/tasks/calendar/cal-002-delete-meeting/environment/setup.sh
[16:46:55]   [container] [setup] setup.sh 成功
[16:46:55]   [container] [setup] 工作空间文件: ['.gitkeep', 'instruction.md', 'calendar.json']
[16:46:55]   [container] DONE
[16:46:55]   [container-err] Plan generation returned empty (attempt 1/3)
[16:46:55]   [container-err] Plan generation returned empty (attempt 2/3)
[16:46:55]   [container-err] Plan generation returned empty (attempt 3/3)
[16:46:55]   [container-err] Plan generation failed after 3 attempts, returning empty plan
[16:46:55] [clawbench_cal-002_qwen3.6-27b_20260520_084512] Agent finished in 99.87s, returncode=0
[16:46:55] [clawbench_cal-002_qwen3.6-27b_20260520_084512] Agent result: passed=True, score=1.0000
[16:46:55] [cal-002] Result saved to /Volumes/F/work/ClawEvalkit-private-emnlp/outputs/harness/control/clawbench-official/qwen3.6-27b/cal-002.json
[16:47:02] [clawbench_cal-004_qwen3.6-27b_20260520_084655] Container started
[16:47:02] [cal-004] Harness detected, timeout adjusted: 120 → 300
[16:48:05]   [container] [setup] 运行 setup.sh: /app/claw-bench/tasks/calendar/cal-003-list-today-schedule/environment/setup.sh
[16:48:05]   [container] [setup] setup.sh 成功
[16:48:05]   [container] [setup] 工作空间文件: ['.gitkeep', 'instruction.md', 'calendar.json']
[16:48:05]   [container] DONE
[16:48:05]   [container-err] Plan generation returned empty (attempt 1/3)
[16:48:05]   [container-err] Plan generation returned empty (attempt 2/3)
[16:48:05]   [container-err] Plan generation returned empty (attempt 3/3)
[16:48:05]   [container-err] Plan generation failed after 3 attempts, returning empty plan
[16:48:05] [clawbench_cal-003_qwen3.6-27b_20260520_084633] Agent finished in 85.64s, returncode=0
[16:48:06] [clawbench_cal-003_qwen3.6-27b_20260520_084633] Agent result: passed=True, score=1.0000
[16:48:06] [cal-003] Result saved to /Volumes/F/work/ClawEvalkit-private-emnlp/outputs/harness/control/clawbench-official/qwen3.6-27b/cal-003.json
[16:48:08]   [container] [setup] 运行 setup.sh: /app/claw-bench/tasks/calendar/cal-004-set-reminder/environment/setup.sh
[16:48:08]   [container] [setup] setup.sh 成功
[16:48:08]   [container] [setup] 工作空间文件: ['.gitkeep', 'instruction.md', 'calendar.json']
[16:48:08]   [container] DONE
[16:48:08]   [container-err] Plan generation returned empty (attempt 1/3)
[16:48:08]   [container-err] Plan generation returned empty (attempt 2/3)
[16:48:08]   [container-err] Plan generation returned empty (attempt 3/3)
[16:48:08]   [container-err] Plan generation failed after 3 attempts, returning empty plan
[16:48:08] [clawbench_cal-004_qwen3.6-27b_20260520_084655] Agent finished in 65.66s, returncode=0
[16:48:08] [clawbench_cal-004_qwen3.6-27b_20260520_084655] Agent result: passed=True, score=1.0000
[16:48:08] [cal-004] Result saved to /Volumes/F/work/ClawEvalkit-private-emnlp/outputs/harness/control/clawbench-official/qwen3.6-27b/cal-004.json
[16:48:12] [clawbench_cal-005_qwen3.6-27b_20260520_084806] Container started
[16:48:12] [cal-005] Harness detected, timeout adjusted: 120 → 300
[16:48:13] [clawbench_cal-006_qwen3.6-27b_20260520_084808] Container started
[16:48:13] [cal-006] Harness detected, timeout adjusted: 180 → 360
[16:49:26]   [container] [setup] 运行 setup.sh: /app/claw-bench/tasks/calendar/cal-005-change-meeting-time/environment/setup.sh
[16:49:26]   [container] [setup] setup.sh 成功
[16:49:26]   [container] [setup] 工作空间文件: ['.gitkeep', 'instruction.md', 'calendar.json']
[16:49:26]   [container] DONE
[16:49:26]   [container-err] Plan generation returned empty (attempt 1/3)
[16:49:26]   [container-err] Plan generation returned empty (attempt 2/3)
[16:49:26]   [container-err] Plan generation returned empty (attempt 3/3)
[16:49:26]   [container-err] Plan generation failed after 3 attempts, returning empty plan
[16:49:26] [clawbench_cal-005_qwen3.6-27b_20260520_084806] Agent finished in 73.34s, returncode=0
[16:49:26] [clawbench_cal-005_qwen3.6-27b_20260520_084806] Agent result: passed=True, score=1.0000
[16:49:26] [cal-005] Result saved to /Volumes/F/work/ClawEvalkit-private-emnlp/outputs/harness/control/clawbench-official/qwen3.6-27b/cal-005.json
[16:49:33] [clawbench_cal-007_qwen3.6-27b_20260520_084926] Container started
[16:49:33] [cal-007] Harness detected, timeout adjusted: 180 → 360
[16:49:38]   [container] [setup] 运行 setup.sh: /app/claw-bench/tasks/calendar/cal-006-create-recurring-meeting/environment/setup.sh
[16:49:38]   [container] [setup] setup.sh 成功
[16:49:38]   [container] [setup] 工作空间文件: ['.gitkeep', 'instruction.md']
[16:49:38]   [container] DONE
[16:49:38]   [container-err] Plan generation returned empty (attempt 1/3)
[16:49:38]   [container-err] Plan generation returned empty (attempt 2/3)
[16:49:38]   [container-err] Plan generation returned empty (attempt 3/3)
[16:49:38]   [container-err] Plan generation failed after 3 attempts, returning empty plan
[16:49:38] [clawbench_cal-006_qwen3.6-27b_20260520_084808] Agent finished in 84.99s, returncode=0
[16:49:38] [clawbench_cal-006_qwen3.6-27b_20260520_084808] Agent result: passed=True, score=1.0000
[16:49:38] [cal-006] Result saved to /Volumes/F/work/ClawEvalkit-private-emnlp/outputs/harness/control/clawbench-official/qwen3.6-27b/cal-006.json
[16:49:45] [clawbench_cal-008_qwen3.6-27b_20260520_084938] Container started
[16:49:45] [cal-008] Harness detected, timeout adjusted: 180 → 360
[16:51:28]   [container] [setup] 运行 setup.sh: /app/claw-bench/tasks/calendar/cal-008-batch-invite-participants/environment/setup.sh
[16:51:28]   [container] [setup] setup.sh 成功
[16:51:28]   [container] [setup] 工作空间文件: ['.gitkeep', 'instruction.md', 'calendar.json', 'contacts.json']
[16:51:28]   [container] DONE
[16:51:28]   [container-err] Plan generation returned empty (attempt 1/3)
[16:51:28] [clawbench_cal-008_qwen3.6-27b_20260520_084938] Agent finished in 103.16s, returncode=0
[16:51:28] [clawbench_cal-008_qwen3.6-27b_20260520_084938] Agent result: passed=True, score=1.0000
[16:51:28] [cal-008] Result saved to /Volumes/F/work/ClawEvalkit-private-emnlp/outputs/harness/control/clawbench-official/qwen3.6-27b/cal-008.json
[16:51:31]   [container] [setup] 运行 setup.sh: /app/claw-bench/tasks/calendar/cal-007-timezone-conversion/environment/setup.sh
[16:51:31]   [container] [setup] setup.sh 成功
[16:51:31]   [container] [setup] 工作空间文件: ['.gitkeep', 'instruction.md', 'calendar.json']
[16:51:31]   [container] DONE
[16:51:31] [clawbench_cal-007_qwen3.6-27b_20260520_084926] Agent finished in 118.74s, returncode=0
[16:51:31] [clawbench_cal-007_qwen3.6-27b_20260520_084926] Agent result: passed=True, score=1.0000
[16:51:32] [cal-007] Result saved to /Volumes/F/work/ClawEvalkit-private-emnlp/outputs/harness/control/clawbench-official/qwen3.6-27b/cal-007.json
[16:51:35] [clawbench_cal-009_qwen3.6-27b_20260520_085128] Container started
[16:51:35] [cal-009] Harness detected, timeout adjusted: 180 → 360
[16:51:35] [clawbench_cal-010_qwen3.6-27b_20260520_085132] Container started
[16:51:35] [cal-010] Harness detected, timeout adjusted: 180 → 360
[16:52:44]   [container] [setup] 运行 setup.sh: /app/claw-bench/tasks/calendar/cal-010-meeting-duration-stats/environment/setup.sh
[16:52:44]   [container] [setup] setup.sh 成功
[16:52:44]   [container] [setup] 工作空间文件: ['.gitkeep', 'instruction.md', 'calendar.json']
[16:52:44]   [container] DONE
[16:52:44]   [container-err] Plan generation returned empty (attempt 1/3)
[16:52:44]   [container-err] Plan generation returned empty (attempt 2/3)
[16:52:44]   [container-err] Plan generation returned empty (attempt 3/3)
[16:52:44]   [container-err] Plan generation failed after 3 attempts, returning empty plan
[16:52:44] [clawbench_cal-010_qwen3.6-27b_20260520_085132] Agent finished in 68.40s, returncode=0
[16:52:44] [clawbench_cal-010_qwen3.6-27b_20260520_085132] Agent result: passed=True, score=1.0000
[16:52:44] [cal-010] Result saved to /Volumes/F/work/ClawEvalkit-private-emnlp/outputs/harness/control/clawbench-official/qwen3.6-27b/cal-010.json
[16:52:50] [clawbench_cal-011_qwen3.6-27b_20260520_085244] Container started
[16:52:50] [cal-011] Harness detected, timeout adjusted: 240 → 420
[16:53:16]   [container] [setup] 运行 setup.sh: /app/claw-bench/tasks/calendar/cal-009-find-free-slots/environment/setup.sh
[16:53:16]   [container] [setup] setup.sh 成功
[16:53:16]   [container] [setup] 工作空间文件: ['.gitkeep', 'instruction.md', 'calendar.json']
[16:53:16]   [container] DONE
[16:53:16]   [container-err] Plan generation returned empty (attempt 1/3)
[16:53:16]   [container-err] Plan generation returned empty (attempt 2/3)
[16:53:16]   [container-err] Plan generation returned empty (attempt 3/3)
[16:53:16]   [container-err] Plan generation failed after 3 attempts, returning empty plan
[16:53:16] [clawbench_cal-009_qwen3.6-27b_20260520_085128] Agent finished in 101.52s, returncode=0
[16:53:16] [clawbench_cal-009_qwen3.6-27b_20260520_085128] Agent result: passed=True, score=1.0000
[16:53:17] [cal-009] Result saved to /Volumes/F/work/ClawEvalkit-private-emnlp/outputs/harness/control/clawbench-official/qwen3.6-27b/cal-009.json
[16:53:23] [clawbench_cal-012_qwen3.6-27b_20260520_085317] Container started
[16:53:23] [cal-012] Harness detected, timeout adjusted: 240 → 420
[16:55:02]   [container] [setup] 运行 setup.sh: /app/claw-bench/tasks/calendar/cal-012-calendar-merge/environment/setup.sh
[16:55:02]   [container] [setup] setup.sh 成功
[16:55:02]   [container] [setup] 工作空间文件: ['personal_calendar.json', '.gitkeep', 'work_calendar.json', 'instruction.md']
[16:55:02]   [container] DONE
[16:55:02]   [container-err] Plan generation returned empty (attempt 1/3)
[16:55:02]   [container-err] Plan generation returned empty (attempt 2/3)
[16:55:02]   [container-err] Plan generation returned empty (attempt 3/3)
[16:55:02]   [container-err] Plan generation failed after 3 attempts, returning empty plan
[16:55:02] [clawbench_cal-012_qwen3.6-27b_20260520_085317] Agent finished in 98.79s, returncode=0
[16:55:02] [clawbench_cal-012_qwen3.6-27b_20260520_085317] Agent result: passed=True, score=1.0000
[16:55:02] [cal-012] Result saved to /Volumes/F/work/ClawEvalkit-private-emnlp/outputs/harness/control/clawbench-official/qwen3.6-27b/cal-012.json
[16:55:09] [clawbench_cal-013_qwen3.6-27b_20260520_085502] Container started
[16:55:09] [cal-013] Harness detected, timeout adjusted: 240 → 420
[16:55:46]   [container] [setup] 运行 setup.sh: /app/claw-bench/tasks/calendar/cal-011-conflict-detection/environment/setup.sh
[16:55:46]   [container] [setup] setup.sh 成功
[16:55:46]   [container] [setup] 工作空间文件: ['.gitkeep', 'instruction.md', 'calendar.json']
[16:55:46]   [container] DONE
[16:55:46]   [container-err] Plan generation returned empty (attempt 1/3)
[16:55:46]   [container-err] Plan generation returned empty (attempt 2/3)
[16:55:46] [clawbench_cal-011_qwen3.6-27b_20260520_085244] Agent finished in 176.09s, returncode=0
[16:55:46] [clawbench_cal-011_qwen3.6-27b_20260520_085244] Agent result: passed=True, score=1.0000
[16:55:47] [cal-011] Result saved to /Volumes/F/work/ClawEvalkit-private-emnlp/outputs/harness/control/clawbench-official/qwen3.6-27b/cal-011.json
[16:55:54] [clawbench_cal-014_qwen3.6-27b_20260520_085547] Container started
[16:55:54] [cal-014] Harness detected, timeout adjusted: 300 → 480
[16:56:13]   [container] [setup] 运行 setup.sh: /app/claw-bench/tasks/calendar/cal-013-meeting-notes-generator/environment/setup.sh
[16:56:13]   [container] [setup] setup.sh 成功
[16:56:13]   [container] [setup] 工作空间文件: ['attendees.json', '.gitkeep', 'instruction.md', 'meeting.json']
[16:56:13]   [container] DONE
[16:56:13]   [container-err] Plan generation returned empty (attempt 1/3)
[16:56:13]   [container-err] Plan generation returned empty (attempt 2/3)
[16:56:13]   [container-err] Plan generation returned empty (attempt 3/3)
[16:56:13]   [container-err] Plan generation failed after 3 attempts, returning empty plan
[16:56:13] [clawbench_cal-013_qwen3.6-27b_20260520_085502] Agent finished in 64.27s, returncode=0
[16:56:13] [clawbench_cal-013_qwen3.6-27b_20260520_085502] Agent result: passed=True, score=1.0000
[16:56:14] [cal-013] Result saved to /Volumes/F/work/ClawEvalkit-private-emnlp/outputs/harness/control/clawbench-official/qwen3.6-27b/cal-013.json
[16:56:21] [clawbench_cal-015_qwen3.6-27b_20260520_085614] Container started
[16:56:21] [cal-015] Harness detected, timeout adjusted: 300 → 480
[16:58:23]   [container] [setup] 运行 setup.sh: /app/claw-bench/tasks/calendar/cal-015-multi-person-availability/environment/setup.sh
[16:58:23]   [container] [setup] setup.sh 成功
[16:58:23]   [container] [setup] 工作空间文件: ['.gitkeep', 'instruction.md']
[16:58:23]   [container] DONE
[16:58:23]   [container-err] Plan generation returned empty (attempt 1/3)
[16:58:23]   [container-err] Plan generation returned empty (attempt 2/3)
[16:58:23]   [container-err] Plan generation returned empty (attempt 3/3)
[16:58:23]   [container-err] Plan generation failed after 3 attempts, returning empty plan
[16:58:23] [clawbench_cal-015_qwen3.6-27b_20260520_085614] Agent finished in 121.94s, returncode=0
[16:58:23] [clawbench_cal-015_qwen3.6-27b_20260520_085614] Agent result: passed=True, score=1.0000
[16:58:24] [cal-015] Result saved to /Volumes/F/work/ClawEvalkit-private-emnlp/outputs/harness/control/clawbench-official/qwen3.6-27b/cal-015.json
[16:58:30] [clawbench_med-001-patient-deidentify_qwen3.6-27b_20260520_085824] Container started
[16:58:30] [med-001-patient-deidentify] Harness detected, timeout adjusted: 3600 → 3780
[16:58:35]   [container] [setup] 运行 setup.sh: /app/claw-bench/tasks/calendar/cal-014-weekly-schedule-optimization/environment/setup.sh
[16:58:35]   [container] [setup] setup.sh 成功
[16:58:35]   [container] [setup] 工作空间文件: ['.gitkeep', 'draft_schedule.json', 'instruction.md', 'preferences.json']
[16:58:35]   [container] DONE
[16:58:35]   [container-err] Plan generation returned empty (attempt 1/3)
[16:58:35]   [container-err] Plan generation returned empty (attempt 2/3)
[16:58:35]   [container-err] Plan generation returned empty (attempt 3/3)
[16:58:35]   [container-err] Plan generation failed after 3 attempts, returning empty plan
[16:58:35] [clawbench_cal-014_qwen3.6-27b_20260520_085547] Agent finished in 160.87s, returncode=0
[16:58:35] [clawbench_cal-014_qwen3.6-27b_20260520_085547] Agent result: passed=True, score=1.0000
[16:58:35] [cal-014] Result saved to /Volumes/F/work/ClawEvalkit-private-emnlp/outputs/harness/control/clawbench-official/qwen3.6-27b/cal-014.json
[16:58:41] [clawbench_med-002-lab-abnormality_qwen3.6-27b_20260520_085835] Container started
[16:58:41] [med-002-lab-abnormality] Harness detected, timeout adjusted: 3600 → 3780
[17:00:03]   [container] [setup] 运行 setup.sh: /app/claw-bench/tasks/clinical-data/med-001-patient-deidentify/environment/setup.sh
[17:00:03]   [container] [setup] setup.sh 成功
[17:00:03]   [container] [setup] 工作空间文件: ['patient_records.csv', 'instruction.md']
[17:00:03]   [container] DONE
[17:00:03]   [container-err] Plan generation returned empty (attempt 1/3)
[17:00:03]   [container-err] Plan generation returned empty (attempt 2/3)
[17:00:03]   [container-err] Plan generation returned empty (attempt 3/3)
[17:00:03]   [container-err] Plan generation failed after 3 attempts, returning empty plan
[17:00:03] [clawbench_med-001-patient-deidentify_qwen3.6-27b_20260520_085824] Agent finished in 92.46s, returncode=0
[17:00:03] [clawbench_med-001-patient-deidentify_qwen3.6-27b_20260520_085824] Agent result: passed=True, score=1.0000
[17:00:03] [med-001-patient-deidentify] Result saved to /Volumes/F/work/ClawEvalkit-private-emnlp/outputs/harness/control/clawbench-official/qwen3.6-27b/med-001-patient-deidentify.json
[17:00:10] [clawbench_med-003-drug-interaction_qwen3.6-27b_20260520_090003] Container started
[17:00:10] [med-003-drug-interaction] Harness detected, timeout adjusted: 3600 → 3780
[17:00:13]   [container] [setup] 运行 setup.sh: /app/claw-bench/tasks/clinical-data/med-002-lab-abnormality/environment/setup.sh
[17:00:13]   [container] [setup] setup.sh 成功
[17:00:13]   [container] [setup] 工作空间文件: ['lab_results.csv', 'instruction.md']
[17:00:13]   [container] DONE
[17:00:13]   [container-err] Plan generation returned empty (attempt 1/3)
[17:00:13]   [container-err] Plan generation returned empty (attempt 2/3)
[17:00:13] [clawbench_med-002-lab-abnormality_qwen3.6-27b_20260520_085835] Agent finished in 91.53s, returncode=0
[17:00:13] [clawbench_med-002-lab-abnormality_qwen3.6-27b_20260520_085835] Agent result: passed=True, score=1.0000
[17:00:13] [med-002-lab-abnormality] Result saved to /Volumes/F/work/ClawEvalkit-private-emnlp/outputs/harness/control/clawbench-official/qwen3.6-27b/med-002-lab-abnormality.json
[17:00:15] [clawbench_med-004-icd-coding_qwen3.6-27b_20260520_090013] Container started
[17:00:15] [med-004-icd-coding] Harness detected, timeout adjusted: 3600 → 3780
[17:01:49]   [container] [setup] 运行 setup.sh: /app/claw-bench/tasks/clinical-data/med-003-drug-interaction/environment/setup.sh
[17:01:49]   [container] [setup] setup.sh 成功
[17:01:49]   [container] [setup] 工作空间文件: ['interaction_db.csv', 'instruction.md', 'patient_medications.csv']
[17:01:49]   [container] DONE
[17:01:49]   [container-err] Plan generation returned empty (attempt 1/3)
[17:01:49]   [container-err] Plan generation returned empty (attempt 2/3)
[17:01:49]   [container-err] Plan generation returned empty (attempt 3/3)
[17:01:49]   [container-err] Plan generation failed after 3 attempts, returning empty plan
[17:01:49] [clawbench_med-003-drug-interaction_qwen3.6-27b_20260520_090003] Agent finished in 99.74s, returncode=0
[17:01:49] [clawbench_med-003-drug-interaction_qwen3.6-27b_20260520_090003] Agent result: passed=False, score=0.6667
[17:01:50] [med-003-drug-interaction] Result saved to /Volumes/F/work/ClawEvalkit-private-emnlp/outputs/harness/control/clawbench-official/qwen3.6-27b/med-003-drug-interaction.json
[17:01:56] [clawbench_med-005-trial-eligibility_qwen3.6-27b_20260520_090150] Container started
[17:01:56] [med-005-trial-eligibility] Harness detected, timeout adjusted: 3600 → 3780
[17:03:16]   [container] [setup] 运行 setup.sh: /app/claw-bench/tasks/clinical-data/med-005-trial-eligibility/environment/setup.sh
[17:03:16]   [container] [setup] setup.sh 成功
[17:03:16]   [container] [setup] 工作空间文件: ['trial_criteria.json', 'instruction.md', 'patients.csv']
[17:03:16]   [container] DONE
[17:03:16]   [container-err] Plan generation returned empty (attempt 1/3)
[17:03:16]   [container-err] Plan generation returned empty (attempt 2/3)
[17:03:16]   [container-err] Plan generation returned empty (attempt 3/3)
[17:03:16]   [container-err] Plan generation failed after 3 attempts, returning empty plan
[17:03:16] [clawbench_med-005-trial-eligibility_qwen3.6-27b_20260520_090150] Agent finished in 79.18s, returncode=0
[17:03:16] [clawbench_med-005-trial-eligibility_qwen3.6-27b_20260520_090150] Agent result: passed=False, score=0.6667
[17:03:16] [med-005-trial-eligibility] Result saved to /Volumes/F/work/ClawEvalkit-private-emnlp/outputs/harness/control/clawbench-official/qwen3.6-27b/med-005-trial-eligibility.json
[17:03:23] [clawbench_code-001_qwen3.6-27b_20260520_090316] Container started
[17:03:23] [code-001] Harness detected, timeout adjusted: 180 → 360
[17:03:40]   [container] [setup] 运行 setup.sh: /app/claw-bench/tasks/clinical-data/med-004-icd-coding/environment/setup.sh
[17:03:40]   [container] [setup] setup.sh 失败 (rc=1)
[17:03:40]   [container] [setup] stderr: Traceback (most recent call last):
[17:03:40]   [container]   File "<stdin>", line 28, in <module>
[17:03:40]   [container] FileNotFoundError: [Errno 2] No such file or directory: '$WORKSPACE/icd_mapping.csv'
[17:03:40]   [container] 
[17:03:40]   [container] [setup] 重试 (bash -x) ...
[17:03:40]   [container] [setup] 重试也失败 (rc=1)
[17:03:40]   [container] [setup] stderr: + set -euo pipefail
[17:03:40]   [container] + WORKSPACE=/tmp/clawbench_workspace
[17:03:40]   [container] + mkdir -p /tmp/clawbench_workspace/clinical_notes
[17:03:40]   [container] + python3 -
[17:03:40]   [container] Traceback (most recent call last):
[17:03:40]   [container]   File "<stdin>", line 28, in <module>
[17:03:40]   [container] FileNotFoundError: [Errno 2] No such file or directory: '$WORKSPACE/icd_mapping.csv'
[17:03:40]   [container] 
[17:03:40]   [container] [setup] 工作空间文件: ['instruction.md']
[17:03:40]   [container] DONE
[17:03:40]   [container-err] Plan generation returned empty (attempt 1/3)
[17:03:40]   [container-err] Plan generation returned empty (attempt 2/3)
[17:03:40] [clawbench_med-004-icd-coding_qwen3.6-27b_20260520_090013] Agent finished in 204.64s, returncode=0
[17:03:40] [clawbench_med-004-icd-coding_qwen3.6-27b_20260520_090013] Agent result: passed=False, score=0.5000
[17:03:41] [med-004-icd-coding] Result saved to /Volumes/F/work/ClawEvalkit-private-emnlp/outputs/harness/control/clawbench-official/qwen3.6-27b/med-004-icd-coding.json
[17:03:43] [clawbench_code-002_qwen3.6-27b_20260520_090341] Container started
[17:03:43] [code-002] Harness detected, timeout adjusted: 120 → 300
[17:04:35]   [container] [setup] 运行 setup.sh: /app/claw-bench/tasks/code-assistance/code-001-write-unittest/environment/setup.sh
[17:04:35]   [container] [setup] setup.sh 成功
[17:04:35]   [container] [setup] 工作空间文件: ['instruction.md', 'calculator.py']
[17:04:35]   [container] DONE
[17:04:35]   [container-err] Plan generation returned empty (attempt 1/3)
[17:04:35]   [container-err] Plan generation returned empty (attempt 2/3)
[17:04:35]   [container-err] Plan generation returned empty (attempt 3/3)
[17:04:35]   [container-err] Plan generation failed after 3 attempts, returning empty plan
[17:04:35] [clawbench_code-001_qwen3.6-27b_20260520_090316] Agent finished in 71.98s, returncode=0
[17:04:35] [clawbench_code-001_qwen3.6-27b_20260520_090316] Agent result: passed=False, score=0.9000
[17:04:36] [code-001] Result saved to /Volumes/F/work/ClawEvalkit-private-emnlp/outputs/harness/control/clawbench-official/qwen3.6-27b/code-001.json
[17:04:40] [clawbench_code-003_qwen3.6-27b_20260520_090436] Container started
[17:04:40] [code-003] Harness detected, timeout adjusted: 120 → 300
[17:04:49]   [container] [setup] 运行 setup.sh: /app/claw-bench/tasks/code-assistance/code-002-implement-palindrome/environment/setup.sh
[17:04:49]   [container] [setup] setup.sh 成功
[17:04:49]   [container] [setup] 工作空间文件: ['instruction.md']
[17:04:49]   [container] DONE
[17:04:49]   [container-err] Plan generation returned empty (attempt 1/3)
[17:04:49]   [container-err] Plan generation returned empty (attempt 2/3)
[17:04:49]   [container-err] Plan generation returned empty (attempt 3/3)
[17:04:49]   [container-err] Plan generation failed after 3 attempts, returning empty plan
[17:04:49] [clawbench_code-002_qwen3.6-27b_20260520_090341] Agent finished in 65.38s, returncode=0
[17:04:49] [clawbench_code-002_qwen3.6-27b_20260520_090341] Agent result: passed=False, score=0.9000
[17:04:49] [code-002] Result saved to /Volumes/F/work/ClawEvalkit-private-emnlp/outputs/harness/control/clawbench-official/qwen3.6-27b/code-002.json
[17:04:52] [clawbench_code-004_qwen3.6-27b_20260520_090449] Container started
[17:04:52] [code-004] Harness detected, timeout adjusted: 120 → 300
[17:05:40]   [container] [setup] 运行 setup.sh: /app/claw-bench/tasks/code-assistance/code-003-add-type-annotations/environment/setup.sh
[17:05:40]   [container] [setup] setup.sh 成功
[17:05:40]   [container] [setup] 工作空间文件: ['instruction.md', 'utils.py']
[17:05:40]   [container] DONE
[17:05:40] [clawbench_code-003_qwen3.6-27b_20260520_090436] Agent finished in 60.55s, returncode=0
[17:05:41] [clawbench_code-003_qwen3.6-27b_20260520_090436] Agent result: passed=False, score=0.9231
[17:05:41] [code-003] Result saved to /Volumes/F/work/ClawEvalkit-private-emnlp/outputs/harness/control/clawbench-official/qwen3.6-27b/code-003.json
[17:05:44] [clawbench_code-005_qwen3.6-27b_20260520_090541] Container started
[17:05:44] [code-005] Harness detected, timeout adjusted: 150 → 330
[17:06:46]   [container] [setup] 运行 setup.sh: /app/claw-bench/tasks/code-assistance/code-004-fix-syntax-errors/environment/setup.sh
[17:06:46]   [container] [setup] setup.sh 成功
[17:06:46]   [container] [setup] 工作空间文件: ['instruction.md', 'broken.py']
[17:06:46]   [container] DONE
[17:06:46]   [container-err] Plan generation returned empty (attempt 1/3)
[17:06:46]   [container-err] Plan generation returned empty (attempt 2/3)
[17:06:46]   [container-err] Plan generation returned empty (attempt 3/3)
[17:06:46]   [container-err] Plan generation failed after 3 attempts, returning empty plan
[17:06:46] [clawbench_code-004_qwen3.6-27b_20260520_090449] Agent finished in 113.85s, returncode=0
[17:06:46] [clawbench_code-004_qwen3.6-27b_20260520_090449] Agent result: passed=False, score=0.9167
[17:06:46] [code-004] Result saved to /Volumes/F/work/ClawEvalkit-private-emnlp/outputs/harness/control/clawbench-official/qwen3.6-27b/code-004.json
[17:06:49] [clawbench_code-006_qwen3.6-27b_20260520_090646] Container started
[17:06:49] [code-006] Harness detected, timeout adjusted: 150 → 330
[17:08:27]   [container] [setup] 运行 setup.sh: /app/claw-bench/tasks/code-assistance/code-005-implement-stack/environment/setup.sh
[17:08:27]   [container] [setup] setup.sh 成功
[17:08:27]   [container] [setup] 工作空间文件: ['instruction.md']
[17:08:27]   [container] DONE
[17:08:27]   [container-err] Plan generation returned empty (attempt 1/3)
[17:08:27] [clawbench_code-005_qwen3.6-27b_20260520_090541] Agent finished in 162.63s, returncode=0
[17:08:27] [clawbench_code-005_qwen3.6-27b_20260520_090541] Agent result: passed=False, score=0.9286
[17:08:27] [code-005] Result saved to /Volumes/F/work/ClawEvalkit-private-emnlp/outputs/harness/control/clawbench-official/qwen3.6-27b/code-005.json
[17:08:31] [clawbench_code-007_qwen3.6-27b_20260520_090827] Container started
[17:08:31] [code-007] Harness detected, timeout adjusted: 150 → 330
[17:08:47]   [container] [setup] 运行 setup.sh: /app/claw-bench/tasks/code-assistance/code-006-refactor-comprehensions/environment/setup.sh
[17:08:47]   [container] [setup] setup.sh 成功
[17:08:47]   [container] [setup] 工作空间文件: ['instruction.md', 'process.py']
[17:08:47]   [container] DONE
[17:08:47]   [container-err] Plan generation returned empty (attempt 1/3)
[17:08:47] [clawbench_code-006_qwen3.6-27b_20260520_090646] Agent finished in 118.38s, returncode=0
[17:08:47] [clawbench_code-006_qwen3.6-27b_20260520_090646] Agent result: passed=False, score=0.9286
[17:08:48] [code-006] Result saved to /Volumes/F/work/ClawEvalkit-private-emnlp/outputs/harness/control/clawbench-official/qwen3.6-27b/code-006.json
[17:08:50] [clawbench_code-008_qwen3.6-27b_20260520_090848] Container started
[17:08:50] [code-008] Harness detected, timeout adjusted: 150 → 330
[17:09:41]   [container] [setup] 运行 setup.sh: /app/claw-bench/tasks/code-assistance/code-008-implement-merge-sort/environment/setup.sh
[17:09:41]   [container] [setup] setup.sh 成功
[17:09:41]   [container] [setup] 工作空间文件: ['instruction.md']
[17:09:41]   [container] DONE
[17:09:41]   [container-err] Plan generation returned empty (attempt 1/3)
[17:09:41]   [container-err] Plan generation returned empty (attempt 2/3)
[17:09:41]   [container-err] Plan generation returned empty (attempt 3/3)
[17:09:41]   [container-err] Plan generation failed after 3 attempts, returning empty plan
[17:09:41] [clawbench_code-008_qwen3.6-27b_20260520_090848] Agent finished in 50.77s, returncode=0
[17:09:41] [clawbench_code-008_qwen3.6-27b_20260520_090848] Agent result: passed=False, score=0.9375
[17:09:42] [code-008] Result saved to /Volumes/F/work/ClawEvalkit-private-emnlp/outputs/harness/control/clawbench-official/qwen3.6-27b/code-008.json
[17:09:44] [clawbench_code-009_qwen3.6-27b_20260520_090942] Container started
[17:09:44] [code-009] Harness detected, timeout adjusted: 150 → 330
[17:10:37]   [container] [setup] 运行 setup.sh: /app/claw-bench/tasks/code-assistance/code-009-debug-calculator/environment/setup.sh
[17:10:37]   [container] [setup] setup.sh 成功
[17:10:37]   [container] [setup] 工作空间文件: ['instruction.md', 'calculator.py']
[17:10:37]   [container] DONE
[17:10:37]   [container-err] Plan generation returned empty (attempt 1/3)
[17:10:37]   [container-err] Plan generation returned empty (attempt 2/3)
[17:10:37]   [container-err] Plan generation returned empty (attempt 3/3)
[17:10:37]   [container-err] Plan generation failed after 3 attempts, returning empty plan
[17:10:37] [clawbench_code-009_qwen3.6-27b_20260520_090942] Agent finished in 52.99s, returncode=0
[17:10:37] [clawbench_code-009_qwen3.6-27b_20260520_090942] Agent result: passed=False, score=0.9444
[17:10:38] [code-009] Result saved to /Volumes/F/work/ClawEvalkit-private-emnlp/outputs/harness/control/clawbench-official/qwen3.6-27b/code-009.json
[17:10:40] [clawbench_code-010_qwen3.6-27b_20260520_091038] Container started
[17:10:40] [code-010] Harness detected, timeout adjusted: 180 → 360
[17:10:48]   [container] [setup] 运行 setup.sh: /app/claw-bench/tasks/code-assistance/code-007-cli-argument-parser/environment/setup.sh
[17:10:48]   [container] [setup] setup.sh 成功
[17:10:48]   [container] [setup] 工作空间文件: ['instruction.md']
[17:10:48]   [container] DONE
[17:10:48] [clawbench_code-007_qwen3.6-27b_20260520_090827] Agent finished in 137.30s, returncode=0
[17:10:48] [clawbench_code-007_qwen3.6-27b_20260520_090827] Agent result: passed=False, score=0.7778
[17:10:49] [code-007] Result saved to /Volumes/F/work/ClawEvalkit-private-emnlp/outputs/harness/control/clawbench-official/qwen3.6-27b/code-007.json
[17:10:51] [clawbench_code-011_qwen3.6-27b_20260520_091049] Container started
[17:10:51] [code-011] Harness detected, timeout adjusted: 180 → 360
[17:12:04]   [container] [setup] 运行 setup.sh: /app/claw-bench/tasks/code-assistance/code-011-data-validation/environment/setup.sh
[17:12:04]   [container] [setup] setup.sh 成功
[17:12:04]   [container] [setup] 工作空间文件: ['instruction.md']
[17:12:04]   [container] DONE
[17:12:04]   [container-err] Plan generation returned empty (attempt 1/3)
[17:12:04]   [container-err] Plan generation returned empty (attempt 2/3)
[17:12:04]   [container-err] Plan generation returned empty (attempt 3/3)
[17:12:04]   [container-err] Plan generation failed after 3 attempts, returning empty plan
[17:12:04] [clawbench_code-011_qwen3.6-27b_20260520_091049] Agent finished in 73.03s, returncode=0
[17:12:04] [clawbench_code-011_qwen3.6-27b_20260520_091049] Agent result: passed=False, score=0.9667
[17:12:04] [code-011] Result saved to /Volumes/F/work/ClawEvalkit-private-emnlp/outputs/harness/control/clawbench-official/qwen3.6-27b/code-011.json
[17:12:07] [clawbench_code-012_qwen3.6-27b_20260520_091204] Container started
[17:12:07] [code-012] Harness detected, timeout adjusted: 180 → 360
[17:14:43]   [container] [setup] 运行 setup.sh: /app/claw-bench/tasks/code-assistance/code-012-design-patterns/environment/setup.sh
[17:14:43]   [container] [setup] setup.sh 成功
[17:14:43]   [container] [setup] 工作空间文件: ['instruction.md']
[17:14:43]   [container] DONE
[17:14:43] [clawbench_code-012_qwen3.6-27b_20260520_091204] Agent finished in 156.02s, returncode=0
[17:14:43] [clawbench_code-012_qwen3.6-27b_20260520_091204] Agent result: passed=False, score=0.9412
[17:14:44] [code-012] Result saved to /Volumes/F/work/ClawEvalkit-private-emnlp/outputs/harness/control/clawbench-official/qwen3.6-27b/code-012.json
[17:14:47] [clawbench_code-013_qwen3.6-27b_20260520_091444] Container started
[17:14:47] [code-013] Harness detected, timeout adjusted: 180 → 360
[17:15:52]   [container] [setup] 运行 setup.sh: /app/claw-bench/tasks/code-assistance/code-013-file-parser/environment/setup.sh
[17:15:52]   [container] [setup] setup.sh 成功
[17:15:52]   [container] [setup] 工作空间文件: ['instruction.md', 'sample.conf']
[17:15:52]   [container] DONE
[17:15:52]   [container-err] Plan generation returned empty (attempt 1/3)
[17:15:52]   [container-err] Plan generation returned empty (attempt 2/3)
[17:15:52]   [container-err] Plan generation returned empty (attempt 3/3)
[17:15:52]   [container-err] Plan generation failed after 3 attempts, returning empty plan
[17:15:52] [clawbench_code-013_qwen3.6-27b_20260520_091444] Agent finished in 65.27s, returncode=0
[17:15:52] [clawbench_code-013_qwen3.6-27b_20260520_091444] Agent result: passed=False, score=0.9474
[17:15:53] [code-013] Result saved to /Volumes/F/work/ClawEvalkit-private-emnlp/outputs/harness/control/clawbench-official/qwen3.6-27b/code-013.json
[17:15:55] [clawbench_code-014_qwen3.6-27b_20260520_091553] Container started
[17:15:55] [code-014] Harness detected, timeout adjusted: 300 → 480
[17:17:40] [code-010] Result saved to /Volumes/F/work/ClawEvalkit-private-emnlp/outputs/harness/control/clawbench-official/qwen3.6-27b/code-010.json
[17:17:43] [clawbench_code-015_qwen3.6-27b_20260520_091740] Container started
[17:17:43] [code-015] Harness detected, timeout adjusted: 300 → 480
[17:18:23]   [container] [setup] 运行 setup.sh: /app/claw-bench/tasks/code-assistance/code-014-multi-file-refactor/environment/setup.sh
[17:18:23]   [container] [setup] setup.sh 成功
[17:18:23]   [container] [setup] 工作空间文件: ['instruction.md']
[17:18:23]   [container] DONE
[17:18:23]   [container-err] Plan generation returned empty (attempt 1/3)
[17:18:23] [clawbench_code-014_qwen3.6-27b_20260520_091553] Agent finished in 148.00s, returncode=0
[17:18:23] [clawbench_code-014_qwen3.6-27b_20260520_091553] Agent result: passed=False, score=0.9524
[17:18:23] [code-014] Result saved to /Volumes/F/work/ClawEvalkit-private-emnlp/outputs/harness/control/clawbench-official/qwen3.6-27b/code-014.json
[17:18:26] [clawbench_comm-001_qwen3.6-27b_20260520_091823] Container started
[17:18:26] [comm-001] Harness detected, timeout adjusted: 120 → 300
[17:18:42]   [container] [setup] 运行 setup.sh: /app/claw-bench/tasks/code-assistance/code-015-performance-optimization/environment/setup.sh
[17:18:42]   [container] [setup] setup.sh 成功
[17:18:42]   [container] [setup] 工作空间文件: ['instruction.md', 'slow.py']
[17:18:42]   [container] DONE
[17:18:42]   [container-err] Plan generation returned empty (attempt 1/3)
[17:18:42]   [container-err] Plan generation returned empty (attempt 2/3)
[17:18:42]   [container-err] Plan generation returned empty (attempt 3/3)
[17:18:42]   [container-err] Plan generation failed after 3 attempts, returning empty plan
[17:18:42] [clawbench_code-015_qwen3.6-27b_20260520_091740] Agent finished in 59.82s, returncode=0
[17:18:42] [clawbench_code-015_qwen3.6-27b_20260520_091740] Agent result: passed=False, score=0.9474
[17:18:43] [code-015] Result saved to /Volumes/F/work/ClawEvalkit-private-emnlp/outputs/harness/control/clawbench-official/qwen3.6-27b/code-015.json
[17:18:47] [clawbench_comm-002_qwen3.6-27b_20260520_091843] Container started
[17:18:47] [comm-002] Harness detected, timeout adjusted: 120 → 300
[17:19:38]   [container] [setup] 运行 setup.sh: /app/claw-bench/tasks/communication/comm-001-format-message/environment/setup.sh
[17:19:38]   [container] [setup] setup.sh 成功
[17:19:38]   [container] [setup] 工作空间文件: ['instruction.md', 'message.json']
[17:19:38]   [container] DONE
[17:19:38]   [container-err] Plan generation returned empty (attempt 1/3)
[17:19:38]   [container-err] Plan generation returned empty (attempt 2/3)
[17:19:38]   [container-err] Plan generation returned empty (attempt 3/3)
[17:19:38]   [container-err] Plan generation failed after 3 attempts, returning empty plan
[17:19:38] [clawbench_comm-001_qwen3.6-27b_20260520_091823] Agent finished in 72.43s, returncode=0
[17:19:38] [clawbench_comm-001_qwen3.6-27b_20260520_091823] Agent result: passed=True, score=1.0000
[17:19:38] [comm-001] Result saved to /Volumes/F/work/ClawEvalkit-private-emnlp/outputs/harness/control/clawbench-official/qwen3.6-27b/comm-001.json
[17:19:41] [clawbench_comm-003_qwen3.6-27b_20260520_091938] Container started
[17:19:41] [comm-003] Harness detected, timeout adjusted: 120 → 300
[17:20:10]   [container] [setup] 运行 setup.sh: /app/claw-bench/tasks/communication/comm-002-contact-list/environment/setup.sh
[17:20:10]   [container] [setup] setup.sh 成功
[17:20:10]   [container] [setup] 工作空间文件: ['contacts_a.json', 'instruction.md', 'contacts_b.json']
[17:20:10]   [container] DONE
[17:20:10]   [container-err] Plan generation returned empty (attempt 1/3)
[17:20:10]   [container-err] Plan generation returned empty (attempt 2/3)
[17:20:10] [clawbench_comm-002_qwen3.6-27b_20260520_091843] Agent finished in 83.25s, returncode=0
[17:20:10] [clawbench_comm-002_qwen3.6-27b_20260520_091843] Agent result: passed=True, score=1.0000
[17:20:11] [comm-002] Result saved to /Volumes/F/work/ClawEvalkit-private-emnlp/outputs/harness/control/clawbench-official/qwen3.6-27b/comm-002.json
[17:20:13] [clawbench_comm-004_qwen3.6-27b_20260520_092011] Container started
[17:20:13] [comm-004] Harness detected, timeout adjusted: 180 → 360
[17:20:49]   [container] [setup] 运行 setup.sh: /app/claw-bench/tasks/communication/comm-003-translation-prep/environment/setup.sh
[17:20:49]   [container] [setup] setup.sh 成功
[17:20:49]   [container] [setup] 工作空间文件: ['messages.json', 'instruction.md']
[17:20:49]   [container] DONE
[17:20:49]   [container-err] Plan generation returned empty (attempt 1/3)
[17:20:49]   [container-err] Plan generation returned empty (attempt 2/3)
[17:20:49]   [container-err] Plan generation returned empty (attempt 3/3)
[17:20:49]   [container-err] Plan generation failed after 3 attempts, returning empty plan
[17:20:49] [clawbench_comm-003_qwen3.6-27b_20260520_091938] Agent finished in 68.70s, returncode=0
[17:20:49] [clawbench_comm-003_qwen3.6-27b_20260520_091938] Agent result: passed=True, score=1.0000
[17:20:50] [comm-003] Result saved to /Volumes/F/work/ClawEvalkit-private-emnlp/outputs/harness/control/clawbench-official/qwen3.6-27b/comm-003.json
[17:20:53] [clawbench_comm-005_qwen3.6-27b_20260520_092050] Container started
[17:20:53] [comm-005] Harness detected, timeout adjusted: 180 → 360
[17:21:36]   [container] [setup] 运行 setup.sh: /app/claw-bench/tasks/communication/comm-004-chat-analysis/environment/setup.sh
[17:21:36]   [container] [setup] setup.sh 成功
[17:21:36]   [container] [setup] 工作空间文件: ['chat_log.json', 'instruction.md']
[17:21:36]   [container] DONE
[17:21:36]   [container-err] Plan generation returned empty (attempt 1/3)
[17:21:36]   [container-err] Plan generation returned empty (attempt 2/3)
[17:21:36] [clawbench_comm-004_qwen3.6-27b_20260520_092011] Agent finished in 82.93s, returncode=0
[17:21:36] [clawbench_comm-004_qwen3.6-27b_20260520_092011] Agent result: passed=True, score=1.0000
[17:21:36] [comm-004] Result saved to /Volumes/F/work/ClawEvalkit-private-emnlp/outputs/harness/control/clawbench-official/qwen3.6-27b/comm-004.json
[17:21:39] [clawbench_comm-006_qwen3.6-27b_20260520_092136] Container started
[17:21:39] [comm-006] Harness detected, timeout adjusted: 240 → 420
[17:22:18]   [container] [setup] 运行 setup.sh: /app/claw-bench/tasks/communication/comm-005-notification-routing/environment/setup.sh
[17:22:18]   [container] [setup] setup.sh 成功
[17:22:18]   [container] [setup] 工作空间文件: ['instruction.md', 'notifications.json', 'preferences.json']
[17:22:18]   [container] DONE
[17:22:18]   [container-err] Plan generation returned empty (attempt 1/3)
[17:22:18]   [container-err] Plan generation returned empty (attempt 2/3)
[17:22:18]   [container-err] Plan generation returned empty (attempt 3/3)
[17:22:18]   [container-err] Plan generation failed after 3 attempts, returning empty plan
[17:22:18] [clawbench_comm-005_qwen3.6-27b_20260520_092050] Agent finished in 84.67s, returncode=0
[17:22:18] [clawbench_comm-005_qwen3.6-27b_20260520_092050] Agent result: passed=True, score=1.0000
[17:22:19] [comm-005] Result saved to /Volumes/F/work/ClawEvalkit-private-emnlp/outputs/harness/control/clawbench-official/qwen3.6-27b/comm-005.json
[17:22:20] [clawbench_comm-007_qwen3.6-27b_20260520_092219] Container started
[17:22:20] [comm-007] Harness detected, timeout adjusted: 240 → 420
[17:22:58]   [container] [setup] 运行 setup.sh: /app/claw-bench/tasks/communication/comm-006-thread-summary/environment/setup.sh
[17:22:58]   [container] [setup] setup.sh 成功
[17:22:58]   [container] [setup] 工作空间文件: ['thread.json', 'instruction.md']
[17:22:58]   [container] DONE
[17:22:58]   [container-err] Plan generation returned empty (attempt 1/3)
[17:22:58] [clawbench_comm-006_qwen3.6-27b_20260520_092136] Agent finished in 78.97s, returncode=0
[17:22:58] [clawbench_comm-006_qwen3.6-27b_20260520_092136] Agent result: passed=True, score=1.0000
[17:22:59] [comm-006] Result saved to /Volumes/F/work/ClawEvalkit-private-emnlp/outputs/harness/control/clawbench-official/qwen3.6-27b/comm-006.json
[17:23:01] [clawbench_comm-008_qwen3.6-27b_20260520_092259] Container started
[17:23:01] [comm-008] Harness detected, timeout adjusted: 300 → 480
[17:24:31]   [container] [setup] 运行 setup.sh: /app/claw-bench/tasks/communication/comm-008-communication-audit/environment/setup.sh
[17:24:31]   [container] [setup] setup.sh 成功
[17:24:31]   [container] [setup] 工作空间文件: ['instruction.md']
[17:24:31]   [container] DONE
[17:24:31]   [container-err] Plan generation returned empty (attempt 1/3)
[17:24:31] [clawbench_comm-008_qwen3.6-27b_20260520_092259] Agent finished in 89.81s, returncode=0
[17:24:31] [clawbench_comm-008_qwen3.6-27b_20260520_092259] Agent result: passed=True, score=1.0000
[17:24:32] [comm-008] Result saved to /Volumes/F/work/ClawEvalkit-private-emnlp/outputs/harness/control/clawbench-official/qwen3.6-27b/comm-008.json
[17:24:32]   [container] [setup] 运行 setup.sh: /app/claw-bench/tasks/communication/comm-007-cross-channel-sync/environment/setup.sh
[17:24:32]   [container] [setup] setup.sh 成功
[17:24:32]   [container] [setup] 工作空间文件: ['sync_rules.json', 'channels.json', 'instruction.md']
[17:24:32]   [container] DONE
[17:24:32]   [container-err] Plan generation returned empty (attempt 1/3)
[17:24:32]   [container-err] Plan generation returned empty (attempt 2/3)
[17:24:32]   [container-err] Plan generation returned empty (attempt 3/3)
[17:24:32]   [container-err] Plan generation failed after 3 attempts, returning empty plan
[17:24:32] [clawbench_comm-007_qwen3.6-27b_20260520_092219] Agent finished in 131.36s, returncode=0
[17:24:32] [clawbench_comm-007_qwen3.6-27b_20260520_092219] Agent result: passed=False, score=0.9474
[17:24:33] [comm-007] Result saved to /Volumes/F/work/ClawEvalkit-private-emnlp/outputs/harness/control/clawbench-official/qwen3.6-27b/comm-007.json
[17:24:37] [clawbench_comm-009_qwen3.6-27b_20260520_092432] Container started
[17:24:37] [comm-009] Harness detected, timeout adjusted: 180 → 360
[17:24:37] [clawbench_comm-010_qwen3.6-27b_20260520_092433] Container started
[17:24:37] [comm-010] Harness detected, timeout adjusted: 300 → 480
[17:26:05]   [container] [setup] 运行 setup.sh: /app/claw-bench/tasks/communication/comm-009-meeting-notes/environment/setup.sh
[17:26:05]   [container] [setup] setup.sh 成功
[17:26:05]   [container] [setup] 工作空间文件: ['transcript.txt', 'instruction.md']
[17:26:05]   [container] DONE
[17:26:05]   [container-err] Plan generation returned empty (attempt 1/3)
[17:26:05] [clawbench_comm-009_qwen3.6-27b_20260520_092432] Agent finished in 88.20s, returncode=0
[17:26:05] [clawbench_comm-009_qwen3.6-27b_20260520_092432] Agent result: passed=False, score=0.9630
[17:26:05] [comm-009] Result saved to /Volumes/F/work/ClawEvalkit-private-emnlp/outputs/harness/control/clawbench-official/qwen3.6-27b/comm-009.json
[17:26:08]   [container] [setup] 运行 setup.sh: /app/claw-bench/tasks/communication/comm-010-notification-router/environment/setup.sh
[17:26:08]   [container] [setup] setup.sh 成功
[17:26:08]   [container] [setup] 工作空间文件: ['events.json', 'instruction.md', 'rules.yaml']
[17:26:08]   [container] DONE
[17:26:08]   [container-err] Plan generation returned empty (attempt 1/3)
[17:26:08]   [container-err] Plan generation returned empty (attempt 2/3)
[17:26:08]   [container-err] Plan generation returned empty (attempt 3/3)
[17:26:08]   [container-err] Plan generation failed after 3 attempts, returning empty plan
[17:26:08] [clawbench_comm-010_qwen3.6-27b_20260520_092433] Agent finished in 90.63s, returncode=0
[17:26:08] [clawbench_comm-010_qwen3.6-27b_20260520_092433] Agent result: passed=False, score=0.9630
[17:26:08] [clawbench_comm-011_qwen3.6-27b_20260520_092605] Container started
[17:26:08] [comm-011] Harness detected, timeout adjusted: 120 → 300
[17:26:08] [comm-010] Result saved to /Volumes/F/work/ClawEvalkit-private-emnlp/outputs/harness/control/clawbench-official/qwen3.6-27b/comm-010.json
[17:26:10] [clawbench_comm-012_qwen3.6-27b_20260520_092608] Container started
[17:26:10] [comm-012] Harness detected, timeout adjusted: 120 → 300
[17:27:24]   [container] [setup] 运行 setup.sh: /app/claw-bench/tasks/communication/comm-011-meeting-notes-formatter/environment/setup.sh
[17:27:24]   [container] [setup] setup.sh 成功
[17:27:24]   [container] [setup] 工作空间文件: ['meeting.txt', 'instruction.md']
[17:27:24]   [container] DONE
[17:27:24]   [container-err] Plan generation returned empty (attempt 1/3)
[17:27:24]   [container-err] Plan generation returned empty (attempt 2/3)
[17:27:24]   [container-err] Plan generation returned empty (attempt 3/3)
[17:27:24]   [container-err] Plan generation failed after 3 attempts, returning empty plan
[17:27:24] [clawbench_comm-011_qwen3.6-27b_20260520_092605] Agent finished in 76.45s, returncode=0
[17:27:24] [clawbench_comm-011_qwen3.6-27b_20260520_092605] Agent result: passed=True, score=1.0000
[17:27:25] [comm-011] Result saved to /Volumes/F/work/ClawEvalkit-private-emnlp/outputs/harness/control/clawbench-official/qwen3.6-27b/comm-011.json
[17:27:27] [clawbench_comm-013_qwen3.6-27b_20260520_092725] Container started
[17:27:27] [comm-013] Harness detected, timeout adjusted: 120 → 300
[17:27:43]   [container] [setup] 运行 setup.sh: /app/claw-bench/tasks/communication/comm-012-contact-deduplicator/environment/setup.sh
[17:27:43]   [container] [setup] setup.sh 成功
[17:27:43]   [container] [setup] 工作空间文件: ['contacts.csv', 'instruction.md']
[17:27:43]   [container] DONE
[17:27:43] [clawbench_comm-012_qwen3.6-27b_20260520_092608] Agent finished in 93.45s, returncode=0
[17:27:43] [clawbench_comm-012_qwen3.6-27b_20260520_092608] Agent result: passed=False, score=0.9333
[17:27:44] [comm-012] Result saved to /Volumes/F/work/ClawEvalkit-private-emnlp/outputs/harness/control/clawbench-official/qwen3.6-27b/comm-012.json
[17:27:47] [clawbench_comm-014_qwen3.6-27b_20260520_092744] Container started
[17:27:47] [comm-014] Harness detected, timeout adjusted: 120 → 300
[17:28:56]   [container] [setup] 运行 setup.sh: /app/claw-bench/tasks/communication/comm-013-announcement-generator/environment/setup.sh
[17:28:56]   [container] [setup] setup.sh 成功
[17:28:56]   [container] [setup] 工作空间文件: ['instruction.md', 'data.json', 'template.txt']
[17:28:56]   [container] DONE
[17:28:56]   [container-err] Plan generation returned empty (attempt 1/3)
[17:28:56]   [container-err] Plan generation returned empty (attempt 2/3)
[17:28:56] [clawbench_comm-013_qwen3.6-27b_20260520_092725] Agent finished in 88.92s, returncode=0
[17:28:56] [clawbench_comm-013_qwen3.6-27b_20260520_092725] Agent result: passed=False, score=0.9231
[17:28:56] [comm-013] Result saved to /Volumes/F/work/ClawEvalkit-private-emnlp/outputs/harness/control/clawbench-official/qwen3.6-27b/comm-013.json
[17:28:59] [clawbench_comm-015_qwen3.6-27b_20260520_092856] Container started
[17:28:59] [comm-015] Harness detected, timeout adjusted: 120 → 300
[17:31:03]   [container] [setup] 运行 setup.sh: /app/claw-bench/tasks/communication/comm-015-channel-activity-report/environment/setup.sh
[17:31:03]   [container] [setup] setup.sh 成功
[17:31:03]   [container] [setup] 工作空间文件: ['channels.json', 'instruction.md']
[17:31:03]   [container] DONE
[17:31:03]   [container-err] Plan generation returned empty (attempt 1/3)
[17:31:03]   [container-err] Plan generation returned empty (attempt 2/3)
[17:31:03]   [container-err] Plan generation returned empty (attempt 3/3)
[17:31:03]   [container-err] Plan generation failed after 3 attempts, returning empty plan
[17:31:03] [clawbench_comm-015_qwen3.6-27b_20260520_092856] Agent finished in 123.96s, returncode=0
[17:31:03] [clawbench_comm-015_qwen3.6-27b_20260520_092856] Agent result: passed=True, score=1.0000
[17:31:04] [comm-015] Result saved to /Volumes/F/work/ClawEvalkit-private-emnlp/outputs/harness/control/clawbench-official/qwen3.6-27b/comm-015.json
[17:31:07] [clawbench_cont-001-sentiment-analysis_qwen3.6-27b_20260520_093104] Container started
[17:31:07] [cont-001-sentiment-analysis] Harness detected, timeout adjusted: 3600 → 3780
[17:31:14]   [container] [setup] 运行 setup.sh: /app/claw-bench/tasks/communication/comm-014-chat-sentiment-analysis/environment/setup.sh
[17:31:14]   [container] [setup] setup.sh 失败 (rc=1)
[17:31:14]   [container] [setup] stderr: cp: cannot stat '/app/claw-bench/tasks/communication/comm-014-chat-sentiment-analysis/environment/data/chat_log.jsonl': No such file or directory
[17:31:14]   [container] 
[17:31:14]   [container] [setup] 重试 (bash -x) ...
[17:31:14]   [container] [setup] 重试也失败 (rc=1)
[17:31:14]   [container] [setup] stderr: + set -euo pipefail
[17:31:14]   [container] +++ dirname /app/claw-bench/tasks/communication/comm-014-chat-sentiment-analysis/environment/setup.sh
[17:31:14]   [container] ++ cd /app/claw-bench/tasks/communication/comm-014-chat-sentiment-analysis/environment/..
[17:31:14]   [container] ++ pwd
[17:31:14]   [container] + TASK_DIR=/app/claw-bench/tasks/communication/comm-014-chat-sentiment-analysis
[17:31:14]   [container] + WORKSPACE=/tmp/clawbench_workspace
[17:31:14]   [container] + mkdir -p /tmp/clawbench_workspace
[17:31:14]   [container] + cp /app/claw-bench/tasks/communication/comm-014-chat-sentiment-analysis/environment/data/chat_log.jsonl /tmp/clawbench_workspace/chat_log.jsonl
[17:31:14]   [container] cp: cannot stat '/app/claw-bench/tasks/communication/comm-014-chat-sentiment-analysis/environment/data/chat_log.jsonl': No such file or directory
[17:31:14]   [container] 
[17:31:14]   [container] [setup] 工作空间文件: ['instruction.md', 'keywords.json']
[17:31:14]   [container] DONE
[17:31:14]   [container-err] Plan generation returned empty (attempt 1/3)
[17:31:14]   [container-err] Plan generation returned empty (attempt 2/3)
[17:31:14] [clawbench_comm-014_qwen3.6-27b_20260520_092744] Agent finished in 207.90s, returncode=0
[17:31:14] [clawbench_comm-014_qwen3.6-27b_20260520_092744] Agent result: passed=False, score=0.8333
[17:31:15] [comm-014] Result saved to /Volumes/F/work/ClawEvalkit-private-emnlp/outputs/harness/control/clawbench-official/qwen3.6-27b/comm-014.json
[17:31:17] [clawbench_cont-002-topic-modeling_qwen3.6-27b_20260520_093115] Container started
[17:31:17] [cont-002-topic-modeling] Harness detected, timeout adjusted: 3600 → 3780
[17:32:05]   [container] [setup] 运行 setup.sh: /app/claw-bench/tasks/content-analysis/cont-001-sentiment-analysis/environment/setup.sh
[17:32:05]   [container] [setup] setup.sh 成功
[17:32:05]   [container] [setup] 工作空间文件: ['reviews.csv', 'instruction.md']
[17:32:05]   [container] DONE
[17:32:05]   [container-err] Plan generation returned empty (attempt 1/3)
[17:32:05]   [container-err] Plan generation returned empty (attempt 2/3)
[17:32:05]   [container-err] Plan generation returned empty (attempt 3/3)
[17:32:05]   [container-err] Plan generation failed after 3 attempts, returning empty plan
[17:32:05] [clawbench_cont-001-sentiment-analysis_qwen3.6-27b_20260520_093104] Agent finished in 58.04s, returncode=0
[17:32:05] [clawbench_cont-001-sentiment-analysis_qwen3.6-27b_20260520_093104] Agent result: passed=True, score=1.0000
[17:32:06] [cont-001-sentiment-analysis] Result saved to /Volumes/F/work/ClawEvalkit-private-emnlp/outputs/harness/control/clawbench-official/qwen3.6-27b/cont-001-sentiment-analysis.json
[17:32:10] [clawbench_cont-003-readability-audit_qwen3.6-27b_20260520_093206] Container started
[17:32:10] [cont-003-readability-audit] Harness detected, timeout adjusted: 3600 → 3780
[17:34:19]   [container] [setup] 运行 setup.sh: /app/claw-bench/tasks/content-analysis/cont-002-topic-modeling/environment/setup.sh
[17:34:19]   [container] [setup] setup.sh 成功
[17:34:19]   [container] [setup] 工作空间文件: ['instruction.md']
[17:34:19]   [container] DONE
[17:34:19]   [container-err] Plan generation returned empty (attempt 1/3)
[17:34:19]   [container-err] Plan generation returned empty (attempt 2/3)
[17:34:19]   [container-err] Plan generation returned empty (attempt 3/3)
[17:34:19]   [container-err] Plan generation failed after 3 attempts, returning empty plan
[17:34:19] [clawbench_cont-002-topic-modeling_qwen3.6-27b_20260520_093115] Agent finished in 182.31s, returncode=0
[17:34:19] [clawbench_cont-002-topic-modeling_qwen3.6-27b_20260520_093115] Agent result: passed=False, score=0.6000
[17:34:20] [cont-002-topic-modeling] Result saved to /Volumes/F/work/ClawEvalkit-private-emnlp/outputs/harness/control/clawbench-official/qwen3.6-27b/cont-002-topic-modeling.json
[17:34:23] [clawbench_cont-004-media-bias_qwen3.6-27b_20260520_093420] Container started
[17:34:23] [cont-004-media-bias] Harness detected, timeout adjusted: 3600 → 3780
[17:34:26]   [container] [setup] 运行 setup.sh: /app/claw-bench/tasks/content-analysis/cont-003-readability-audit/environment/setup.sh
[17:34:26]   [container] [setup] setup.sh 成功
[17:34:26]   [container] [setup] 工作空间文件: ['instruction.md']
[17:34:26]   [container] DONE
[17:34:26]   [container-err] Plan generation returned empty (attempt 1/3)
[17:34:26]   [container-err] Plan generation returned empty (attempt 2/3)
[17:34:26]   [container-err] Plan generation returned empty (attempt 3/3)
[17:34:26]   [container-err] Plan generation failed after 3 attempts, returning empty plan
[17:34:26] [clawbench_cont-003-readability-audit_qwen3.6-27b_20260520_093206] Agent finished in 135.42s, returncode=0
[17:34:26] [clawbench_cont-003-readability-audit_qwen3.6-27b_20260520_093206] Agent result: passed=True, score=1.0000
[17:34:27] [cont-003-readability-audit] Result saved to /Volumes/F/work/ClawEvalkit-private-emnlp/outputs/harness/control/clawbench-official/qwen3.6-27b/cont-003-readability-audit.json
[17:34:29] [clawbench_cont-005-translation-qa_qwen3.6-27b_20260520_093427] Container started
[17:34:29] [cont-005-translation-qa] Harness detected, timeout adjusted: 3600 → 3780
[17:36:09]   [container] [setup] 运行 setup.sh: /app/claw-bench/tasks/content-analysis/cont-005-translation-qa/environment/setup.sh
[17:36:09]   [container] [setup] setup.sh 成功
[17:36:09]   [container] [setup] 工作空间文件: ['instruction.md']
[17:36:09]   [container] DONE
[17:36:09] [clawbench_cont-005-translation-qa_qwen3.6-27b_20260520_093427] Agent finished in 99.48s, returncode=0
[17:36:09] [clawbench_cont-005-translation-qa_qwen3.6-27b_20260520_093427] Agent result: passed=True, score=1.0000
[17:36:09] [cont-005-translation-qa] Result saved to /Volumes/F/work/ClawEvalkit-private-emnlp/outputs/harness/control/clawbench-official/qwen3.6-27b/cont-005-translation-qa.json
[17:36:13] [clawbench_law-001-nda-clause-extract_qwen3.6-27b_20260520_093609] Container started
[17:36:13] [law-001-nda-clause-extract] Harness detected, timeout adjusted: 3600 → 3780
[17:37:03]   [container] [setup] 运行 setup.sh: /app/claw-bench/tasks/content-analysis/cont-004-media-bias/environment/setup.sh
[17:37:03]   [container] [setup] setup.sh 成功
[17:37:03]   [container] [setup] 工作空间文件: ['instruction.md']
[17:37:03]   [container] DONE
[17:37:03]   [container-err] Plan generation returned empty (attempt 1/3)
[17:37:03]   [container-err] Plan generation returned empty (attempt 2/3)
[17:37:03] [clawbench_cont-004-media-bias_qwen3.6-27b_20260520_093420] Agent finished in 160.06s, returncode=0
[17:37:03] [clawbench_cont-004-media-bias_qwen3.6-27b_20260520_093420] Agent result: passed=False, score=0.5000
[17:37:04] [cont-004-media-bias] Result saved to /Volumes/F/work/ClawEvalkit-private-emnlp/outputs/harness/control/clawbench-official/qwen3.6-27b/cont-004-media-bias.json
[17:37:07] [clawbench_law-002-lease-analysis_qwen3.6-27b_20260520_093704] Container started
[17:37:07] [law-002-lease-analysis] Harness detected, timeout adjusted: 3600 → 3780
[17:38:11]   [container] [setup] 运行 setup.sh: /app/claw-bench/tasks/contract-review/law-001-nda-clause-extract/environment/setup.sh
[17:38:11]   [container] [setup] setup.sh 成功
[17:38:11]   [container] [setup] 工作空间文件: ['instruction.md', 'nda_contract.txt']
[17:38:11]   [container] DONE
[17:38:11]   [container-err] Plan generation returned empty (attempt 1/3)
[17:38:11]   [container-err] Plan generation returned empty (attempt 2/3)
[17:38:11]   [container-err] Plan generation returned empty (attempt 3/3)
[17:38:11]   [container-err] Plan generation failed after 3 attempts, returning empty plan
[17:38:11] [clawbench_law-001-nda-clause-extract_qwen3.6-27b_20260520_093609] Agent finished in 118.77s, returncode=0
[17:38:12] [clawbench_law-001-nda-clause-extract_qwen3.6-27b_20260520_093609] Agent result: passed=True, score=1.0000
[17:38:12] [law-001-nda-clause-extract] Result saved to /Volumes/F/work/ClawEvalkit-private-emnlp/outputs/harness/control/clawbench-official/qwen3.6-27b/law-001-nda-clause-extract.json
[17:38:14] [clawbench_law-003-compliance-check_qwen3.6-27b_20260520_093812] Container started
[17:38:14] [law-003-compliance-check] Harness detected, timeout adjusted: 3600 → 3780
[17:38:20]   [container] [setup] 运行 setup.sh: /app/claw-bench/tasks/contract-review/law-002-lease-analysis/environment/setup.sh
[17:38:20]   [container] [setup] setup.sh 成功
[17:38:20]   [container] [setup] 工作空间文件: ['instruction.md', 'lease_agreement.txt']
[17:38:20]   [container] DONE
[17:38:20] [clawbench_law-002-lease-analysis_qwen3.6-27b_20260520_093704] Agent finished in 73.81s, returncode=0
[17:38:20] [clawbench_law-002-lease-analysis_qwen3.6-27b_20260520_093704] Agent result: passed=True, score=1.0000
[17:38:21] [law-002-lease-analysis] Result saved to /Volumes/F/work/ClawEvalkit-private-emnlp/outputs/harness/control/clawbench-official/qwen3.6-27b/law-002-lease-analysis.json
[17:38:25] [clawbench_law-004-ip-license-review_qwen3.6-27b_20260520_093821] Container started
[17:38:25] [law-004-ip-license-review] Harness detected, timeout adjusted: 3600 → 3780
[17:40:09]   [container]     ('\''travel_expenses'\'', '\''The contract must specify travel expense reimbursement.'\'', False),
[17:40:09]   [container]     ('\''intellectual_property'\'', '\''The contract must specify intellectual property rights.'\'', True),
[17:40:09]   [container]     ('\''child_labor'\'', '\''The contract must prohibit child labor.'\'', True),
[17:40:09]   [container]     ('\''union_rights'\'', '\''The contract must specify union rights and representation.'\'', False),
[17:40:09]   [container]     ('\''data_protection'\'', '\''The contract must specify data protection obligations.'\'', True),
[17:40:09]   [container]     ('\''remote_work'\'', '\''The contract must specify remote work policies.'\'', False),
[17:40:09]   [container] ]
[17:40:09]   [container] 
[17:40:09]   [container] with open(f'\''{os.environ.get(WORKSPACE, os.getcwd())}/labor_requirements.csv'\'', '\''w'\'', newline='\'''\'') as f:
[17:40:09]   [container]     writer = csv.writer(f)
[17:40:09]   [container]     writer.writerow(['\''requirement'\'', '\''description'\'', '\''mandatory'\''])
[17:40:09]   [container]     for r in requirements:
[17:40:09]   [container]         writer.writerow([r[0], r[1], str(r[2])])
[17:40:09]   [container] '
[17:40:09]   [container] Traceback (most recent call last):
[17:40:09]   [container]   File "<string>", line 30, in <module>
[17:40:09]   [container] NameError: name 'os' is not defined. Did you forget to import 'os'?
[17:40:09]   [container] 
[17:40:09]   [container] [setup] 工作空间文件: ['instruction.md']
[17:40:09]   [container] DONE
[17:40:09]   [container-err] Plan generation returned empty (attempt 1/3)
[17:40:09]   [container-err] Plan generation returned empty (attempt 2/3)
[17:40:09]   [container-err] Plan generation returned empty (attempt 3/3)
[17:40:09]   [container-err] Plan generation failed after 3 attempts, returning empty plan
[17:40:09]   [container-err] Retry exhausted for read_file: Error: File not found: /tmp/clawbench_workspace/employment_contract.txt
[17:40:09]   [container-err] Retry exhausted for read_file: Error: File not found: /tmp/clawbench_workspace/labor_requirements.csv
[17:40:09] [clawbench_law-003-compliance-check_qwen3.6-27b_20260520_093812] Agent finished in 114.84s, returncode=0
[17:40:09] [clawbench_law-003-compliance-check_qwen3.6-27b_20260520_093812] Agent result: passed=False, score=0.5000
[17:40:10] [law-003-compliance-check] Result saved to /Volumes/F/work/ClawEvalkit-private-emnlp/outputs/harness/control/clawbench-official/qwen3.6-27b/law-003-compliance-check.json
[17:40:13]   [container] [setup] 运行 setup.sh: /app/claw-bench/tasks/contract-review/law-004-ip-license-review/environment/setup.sh
[17:40:13]   [container] [setup] setup.sh 成功
[17:40:13]   [container] [setup] 工作空间文件: ['instruction.md', 'license_agreement.txt']
[17:40:13]   [container] DONE
[17:40:13] [clawbench_law-004-ip-license-review_qwen3.6-27b_20260520_093821] Agent finished in 108.05s, returncode=0
[17:40:13] [clawbench_law-004-ip-license-review_qwen3.6-27b_20260520_093821] Agent result: passed=True, score=1.0000
[17:40:13] [clawbench_law-005-merger-due-diligence_qwen3.6-27b_20260520_094010] Container started
[17:40:13] [law-005-merger-due-diligence] Harness detected, timeout adjusted: 3600 → 3780
[17:40:13] [law-004-ip-license-review] Result saved to /Volumes/F/work/ClawEvalkit-private-emnlp/outputs/harness/control/clawbench-official/qwen3.6-27b/law-004-ip-license-review.json
[17:40:15] [clawbench_xdom-001_qwen3.6-27b_20260520_094013] Container started
[17:40:15] [xdom-001] Harness detected, timeout adjusted: 300 → 480
[17:41:43]   [container] [setup] 运行 setup.sh: /app/claw-bench/tasks/cross-domain/xdom-001-email-to-calendar/environment/setup.sh
[17:41:43]   [container] [setup] setup.sh 成功
[17:41:43]   [container] [setup] 工作空间文件: ['instruction.md', 'emails.json']
[17:41:43]   [container] DONE
[17:41:43]   [container-err] Plan generation returned empty (attempt 1/3)
[17:41:43] [clawbench_xdom-001_qwen3.6-27b_20260520_094013] Agent finished in 88.11s, returncode=0
[17:41:43] [clawbench_xdom-001_qwen3.6-27b_20260520_094013] Agent result: passed=True, score=1.0000
[17:41:44] [xdom-001] Result saved to /Volumes/F/work/ClawEvalkit-private-emnlp/outputs/harness/control/clawbench-official/qwen3.6-27b/xdom-001.json
[17:41:47] [clawbench_xdom-002_qwen3.6-27b_20260520_094144] Container started
[17:41:47] [xdom-002] Harness detected, timeout adjusted: 300 → 480
[17:43:02]   [container] [setup] 运行 setup.sh: /app/claw-bench/tasks/contract-review/law-005-merger-due-diligence/environment/setup.sh
[17:43:02]   [container] [setup] setup.sh 失败 (rc=1)
[17:43:02]   [container] [setup] stderr:   File "<stdin>", line 47
[17:43:02]   [container]     with open("{}/merger_agreement.txt".format(""" + "${WORKSPACE}" + ""), "w", encoding="utf-8") as f:
[17:43:02]   [container]                                                ^
[17:43:02]   [container] SyntaxError: unterminated triple-quoted string literal (detected at line 53)
[17:43:02]   [container] 
[17:43:02]   [container] [setup] 重试 (bash -x) ...
[17:43:02]   [container] [setup] 重试也失败 (rc=1)
[17:43:02]   [container] [setup] stderr: + set -euo pipefail
[17:43:02]   [container] + WORKSPACE=/tmp/clawbench_workspace
[17:43:02]   [container] + mkdir -p /tmp/clawbench_workspace
[17:43:02]   [container] + python3 -
[17:43:02]   [container]   File "<stdin>", line 47
[17:43:02]   [container]     with open("{}/merger_agreement.txt".format(""" + "${WORKSPACE}" + ""), "w", encoding="utf-8") as f:
[17:43:02]   [container]                                                ^
[17:43:02]   [container] SyntaxError: unterminated triple-quoted string literal (detected at line 53)
[17:43:02]   [container] 
[17:43:02]   [container] [setup] 工作空间文件: ['instruction.md']
[17:43:02]   [container] DONE
[17:43:02]   [container-err] Plan generation returned empty (attempt 1/3)
[17:43:02]   [container-err] Plan generation returned empty (attempt 2/3)
[17:43:02]   [container-err] Plan generation returned empty (attempt 3/3)
[17:43:02]   [container-err] Plan generation failed after 3 attempts, returning empty plan
[17:43:02]   [container-err] Retry exhausted for read_file: Error: File not found: /tmp/clawbench_workspace/merger_agreement.txt
[17:43:02] [clawbench_law-005-merger-due-diligence_qwen3.6-27b_20260520_094010] Agent finished in 169.32s, returncode=0
[17:43:02] [clawbench_law-005-merger-due-diligence_qwen3.6-27b_20260520_094010] Agent result: passed=True, score=1.0000
[17:43:03] [law-005-merger-due-diligence] Result saved to /Volumes/F/work/ClawEvalkit-private-emnlp/outputs/harness/control/clawbench-official/qwen3.6-27b/law-005-merger-due-diligence.json
[17:43:06] [clawbench_xdom-003_qwen3.6-27b_20260520_094303] Container started
[17:43:06] [xdom-003] Harness detected, timeout adjusted: 300 → 480
[17:43:54]   [container] [setup] 运行 setup.sh: /app/claw-bench/tasks/cross-domain/xdom-002-code-review-report/environment/setup.sh
[17:43:54]   [container] [setup] setup.sh 成功
[17:43:54]   [container] [setup] 工作空间文件: ['pull_request.py', 'instruction.md']
[17:43:54]   [container] DONE
[17:43:54]   [container-err] Plan generation returned empty (attempt 1/3)
[17:43:54]   [container-err] Plan generation returned empty (attempt 2/3)
[17:43:54]   [container-err] Plan generation returned empty (attempt 3/3)
[17:43:54]   [container-err] Plan generation failed after 3 attempts, returning empty plan
[17:43:54] [clawbench_xdom-002_qwen3.6-27b_20260520_094144] Agent finished in 127.22s, returncode=0
[17:43:54] [clawbench_xdom-002_qwen3.6-27b_20260520_094144] Agent result: passed=True, score=1.0000
[17:43:55] [xdom-002] Result saved to /Volumes/F/work/ClawEvalkit-private-emnlp/outputs/harness/control/clawbench-official/qwen3.6-27b/xdom-002.json
[17:43:58] [clawbench_xdom-004_qwen3.6-27b_20260520_094355] Container started
[17:43:58] [xdom-004] Harness detected, timeout adjusted: 300 → 480
[17:45:34]   [container] [setup] 运行 setup.sh: /app/claw-bench/tasks/cross-domain/xdom-003-data-to-presentation/environment/setup.sh
[17:45:34]   [container] [setup] setup.sh 成功
[17:45:34]   [container] [setup] 工作空间文件: ['quarterly_data.csv', 'instruction.md']
[17:45:34]   [container] DONE
[17:45:34]   [container-err] Plan generation returned empty (attempt 1/3)
[17:45:34]   [container-err] Plan generation returned empty (attempt 2/3)
[17:45:34]   [container-err] Plan generation returned empty (attempt 3/3)
[17:45:34]   [container-err] Plan generation failed after 3 attempts, returning empty plan
[17:45:34] [clawbench_xdom-003_qwen3.6-27b_20260520_094303] Agent finished in 148.11s, returncode=0
[17:45:34] [clawbench_xdom-003_qwen3.6-27b_20260520_094303] Agent result: passed=True, score=1.0000
[17:45:34] [xdom-003] Result saved to /Volumes/F/work/ClawEvalkit-private-emnlp/outputs/harness/control/clawbench-official/qwen3.6-27b/xdom-003.json
[17:45:38] [clawbench_xdom-005_qwen3.6-27b_20260520_094534] Container started
[17:45:38] [xdom-005] Harness detected, timeout adjusted: 300 → 480
[17:46:44]   [container] [setup] 运行 setup.sh: /app/claw-bench/tasks/cross-domain/xdom-004-log-to-alert/environment/setup.sh
[17:46:44]   [container] [setup] setup.sh 失败 (rc=1)
[17:46:44]   [container] [setup] stderr: cp: cannot stat '/app/claw-bench/tasks/cross-domain/xdom-004-log-to-alert/environment/data/application.log': No such file or directory
[17:46:44]   [container] 
[17:46:44]   [container] [setup] 重试 (bash -x) ...
[17:46:44]   [container] [setup] 重试也失败 (rc=1)
[17:46:44]   [container] [setup] stderr: + set -euo pipefail
[17:46:44]   [container] +++ dirname /app/claw-bench/tasks/cross-domain/xdom-004-log-to-alert/environment/setup.sh
[17:46:44]   [container] ++ cd /app/claw-bench/tasks/cross-domain/xdom-004-log-to-alert/environment/..
[17:46:44]   [container] ++ pwd
[17:46:44]   [container] + TASK_DIR=/app/claw-bench/tasks/cross-domain/xdom-004-log-to-alert
[17:46:44]   [container] + WORKSPACE=/tmp/clawbench_workspace
[17:46:44]   [container] + mkdir -p /tmp/clawbench_workspace
[17:46:44]   [container] + cp /app/claw-bench/tasks/cross-domain/xdom-004-log-to-alert/environment/data/application.log /tmp/clawbench_workspace/application.log
[17:46:44]   [container] cp: cannot stat '/app/claw-bench/tasks/cross-domain/xdom-004-log-to-alert/environment/data/application.log': No such file or directory
[17:46:44]   [container] 
[17:46:44]   [container] [setup] 工作空间文件: ['alert_rules.json', 'instruction.md']
[17:46:44]   [container] DONE
[17:46:44]   [container-err] Plan generation returned empty (attempt 1/3)
[17:46:44]   [container-err] Plan generation returned empty (attempt 2/3)
[17:46:44]   [container-err] Plan generation returned empty (attempt 3/3)
[17:46:44]   [container-err] Plan generation failed after 3 attempts, returning empty plan
[17:46:44]   [container-err] Retry exhausted for read_file: Error: File not found: /tmp/clawbench_workspace/application.log
[17:46:44] [clawbench_xdom-004_qwen3.6-27b_20260520_094355] Agent finished in 166.04s, returncode=0
[17:46:44] [clawbench_xdom-004_qwen3.6-27b_20260520_094355] Agent result: passed=False, score=0.9474
[17:46:45] [xdom-004] Result saved to /Volumes/F/work/ClawEvalkit-private-emnlp/outputs/harness/control/clawbench-official/qwen3.6-27b/xdom-004.json
[17:46:47] [clawbench_xdom-006_qwen3.6-27b_20260520_094645] Container started
[17:46:47] [xdom-006] Harness detected, timeout adjusted: 300 → 480
[17:48:42]   [container] [setup] 运行 setup.sh: /app/claw-bench/tasks/cross-domain/xdom-006-csv-data-pipeline/environment/setup.sh
[17:48:42]   [container] [setup] setup.sh 成功
[17:48:42]   [container] [setup] 工作空间文件: ['input.csv', 'pipeline_config.json', 'instruction.md']
[17:48:42]   [container] DONE
[17:48:42]   [container-err] Plan generation returned empty (attempt 1/3)
[17:48:42]   [container-err] Plan generation returned empty (attempt 2/3)
[17:48:42]   [container-err] Plan generation returned empty (attempt 3/3)
[17:48:42]   [container-err] Plan generation failed after 3 attempts, returning empty plan
[17:48:42] [clawbench_xdom-006_qwen3.6-27b_20260520_094645] Agent finished in 115.14s, returncode=0
[17:48:42] [clawbench_xdom-006_qwen3.6-27b_20260520_094645] Agent result: passed=False, score=0.9048
[17:48:43] [xdom-006] Result saved to /Volumes/F/work/ClawEvalkit-private-emnlp/outputs/harness/control/clawbench-official/qwen3.6-27b/xdom-006.json
[17:48:47] [clawbench_xdom-007_qwen3.6-27b_20260520_094843] Container started
[17:48:47] [xdom-007] Harness detected, timeout adjusted: 300 → 480
[17:49:48]   [container] [setup] 运行 setup.sh: /app/claw-bench/tasks/cross-domain/xdom-005-requirements-to-tests/environment/setup.sh
[17:49:48]   [container] [setup] setup.sh 成功
[17:49:48]   [container] [setup] 工作空间文件: ['requirements.md', 'instruction.md']
[17:49:48]   [container] DONE
[17:49:48]   [container-err] Plan generation returned empty (attempt 1/3)
[17:49:48]   [container-err] Plan generation returned empty (attempt 2/3)
[17:49:48]   [container-err] Plan generation returned empty (attempt 3/3)
[17:49:48]   [container-err] Plan generation failed after 3 attempts, returning empty plan
[17:49:48] [clawbench_xdom-005_qwen3.6-27b_20260520_094534] Agent finished in 250.46s, returncode=0
[17:49:48] [clawbench_xdom-005_qwen3.6-27b_20260520_094534] Agent result: passed=True, score=1.0000
[17:49:49] [xdom-005] Result saved to /Volumes/F/work/ClawEvalkit-private-emnlp/outputs/harness/control/clawbench-official/qwen3.6-27b/xdom-005.json
[17:49:52] [clawbench_xdom-008_qwen3.6-27b_20260520_094949] Container started
[17:49:52] [xdom-008] Harness detected, timeout adjusted: 300 → 480
[17:51:10]   [container] [setup] 运行 setup.sh: /app/claw-bench/tasks/cross-domain/xdom-007-multi-format-conversion/environment/setup.sh
[17:51:10]   [container] [setup] setup.sh 成功
[17:51:10]   [container] [setup] 工作空间文件: ['config.json', 'data.csv', 'instruction.md', 'notes.md']
[17:51:10]   [container] DONE
[17:51:10]   [container-err] Plan generation returned empty (attempt 1/3)
[17:51:10]   [container-err] Plan generation returned empty (attempt 2/3)
[17:51:10]   [container-err] Plan generation returned empty (attempt 3/3)
[17:51:10]   [container-err] Plan generation failed after 3 attempts, returning empty plan
[17:51:10] [clawbench_xdom-007_qwen3.6-27b_20260520_094843] Agent finished in 142.70s, returncode=0
[17:51:10] [clawbench_xdom-007_qwen3.6-27b_20260520_094843] Agent result: passed=True, score=1.0000
[17:51:11] [xdom-007] Result saved to /Volumes/F/work/ClawEvalkit-private-emnlp/outputs/harness/control/clawbench-official/qwen3.6-27b/xdom-007.json
[17:51:13] [clawbench_xdom-009_qwen3.6-27b_20260520_095111] Container started
[17:51:13] [xdom-009] Harness detected, timeout adjusted: 600 → 780
[17:54:15]   [container] [setup] 运行 setup.sh: /app/claw-bench/tasks/cross-domain/xdom-008-security-audit-remediation/environment/setup.sh
[17:54:15]   [container] [setup] setup.sh 成功
[17:54:15]   [container] [setup] 工作空间文件: ['auth.py', 'instruction.md', 'api.py', 'utils.py']
[17:54:15]   [container] DONE
[17:54:15]   [container-err] Plan generation returned empty (attempt 1/3)
[17:54:15]   [container-err] Plan generation returned empty (attempt 2/3)
[17:54:15] [clawbench_xdom-008_qwen3.6-27b_20260520_094949] Agent finished in 262.07s, returncode=0
[17:54:15] [clawbench_xdom-008_qwen3.6-27b_20260520_094949] Agent result: passed=False, score=0.9524
[17:54:15] [xdom-008] Result saved to /Volumes/F/work/ClawEvalkit-private-emnlp/outputs/harness/control/clawbench-official/qwen3.6-27b/xdom-008.json
[17:54:19] [clawbench_xdom-010_qwen3.6-27b_20260520_095415] Container started
[17:54:19] [xdom-010] Harness detected, timeout adjusted: 600 → 780
[17:57:27]   [container] [setup] 运行 setup.sh: /app/claw-bench/tasks/cross-domain/xdom-009-full-project-setup/environment/setup.sh
[17:57:27]   [container] [setup] setup.sh 成功
[17:57:27]   [container] [setup] 工作空间文件: ['project_brief.md', 'instruction.md']
[17:57:27]   [container] DONE
[17:57:27]   [container-err] Plan generation returned empty (attempt 1/3)
[17:57:27] [clawbench_xdom-009_qwen3.6-27b_20260520_095111] Agent finished in 373.28s, returncode=0
[17:57:27] [clawbench_xdom-009_qwen3.6-27b_20260520_095111] Agent result: passed=False, score=0.9615
[17:57:27] [xdom-009] Result saved to /Volumes/F/work/ClawEvalkit-private-emnlp/outputs/harness/control/clawbench-official/qwen3.6-27b/xdom-009.json
[17:57:31] [clawbench_xdom-011_qwen3.6-27b_20260520_095727] Container started
[17:57:31] [xdom-011] Harness detected, timeout adjusted: 600 → 780
[17:57:49]   [container] [setup] 运行 setup.sh: /app/claw-bench/tasks/cross-domain/xdom-010-incident-response/environment/setup.sh
[17:57:49]   [container] [setup] setup.sh 失败 (rc=1)
[17:57:49]   [container] [setup] stderr: cp: cannot stat '/app/claw-bench/tasks/cross-domain/xdom-010-incident-response/environment/data/service.log': No such file or directory
[17:57:49]   [container] 
[17:57:49]   [container] [setup] 重试 (bash -x) ...
[17:57:49]   [container] [setup] 重试也失败 (rc=1)
[17:57:49]   [container] [setup] stderr: + set -euo pipefail
[17:57:49]   [container] +++ dirname /app/claw-bench/tasks/cross-domain/xdom-010-incident-response/environment/setup.sh
[17:57:49]   [container] ++ cd /app/claw-bench/tasks/cross-domain/xdom-010-incident-response/environment/..
[17:57:49]   [container] ++ pwd
[17:57:49]   [container] + TASK_DIR=/app/claw-bench/tasks/cross-domain/xdom-010-incident-response
[17:57:49]   [container] + WORKSPACE=/tmp/clawbench_workspace
[17:57:49]   [container] + mkdir -p /tmp/clawbench_workspace/incident_data
[17:57:49]   [container] + cp /app/claw-bench/tasks/cross-domain/xdom-010-incident-response/environment/data/service.log /tmp/clawbench_workspace/incident_data/service.log
[17:57:49]   [container] cp: cannot stat '/app/claw-bench/tasks/cross-domain/xdom-010-incident-response/environment/data/service.log': No such file or directory
[17:57:49]   [container] 
[17:57:49]   [container] [setup] 工作空间文件: ['alerts.json', 'team_contacts.json', 'instruction.md', 'config_change.json']
[17:57:49]   [container] DONE
[17:57:49] [clawbench_xdom-010_qwen3.6-27b_20260520_095415] Agent finished in 210.25s, returncode=0
[17:57:49] [clawbench_xdom-010_qwen3.6-27b_20260520_095415] Agent result: passed=False, score=0.8000
[17:57:49] [xdom-010] Result saved to /Volumes/F/work/ClawEvalkit-private-emnlp/outputs/harness/control/clawbench-official/qwen3.6-27b/xdom-010.json
[17:57:52] [clawbench_xdom-012_qwen3.6-27b_20260520_095749] Container started
[17:57:52] [xdom-012] Harness detected, timeout adjusted: 600 → 780
[18:04:17]   [container] [setup] 运行 setup.sh: /app/claw-bench/tasks/cross-domain/xdom-011-data-migration-plan/environment/setup.sh
[18:04:17]   [container] [setup] setup.sh 成功
[18:04:17]   [container] [setup] 工作空间文件: ['source_schema.json', 'sample_data.csv', 'target_schema.json', 'instruction.md']
[18:04:17]   [container] DONE
[18:04:17]   [container-err] Plan generation returned empty (attempt 1/3)
[18:04:17]   [container-err] Plan generation returned empty (attempt 2/3)
[18:04:17]   [container-err] Plan generation returned empty (attempt 3/3)
[18:04:17]   [container-err] Plan generation failed after 3 attempts, returning empty plan
[18:04:17] [clawbench_xdom-011_qwen3.6-27b_20260520_095727] Agent finished in 406.51s, returncode=0
[18:04:18] [clawbench_xdom-011_qwen3.6-27b_20260520_095727] Agent result: passed=False, score=0.9167
[18:04:18] [xdom-011] Result saved to /Volumes/F/work/ClawEvalkit-private-emnlp/outputs/harness/control/clawbench-official/qwen3.6-27b/xdom-011.json
[18:04:20] [clawbench_xdom-013_qwen3.6-27b_20260520_100418] Container started
[18:04:20] [xdom-013] Harness detected, timeout adjusted: 600 → 780
[18:05:07]   [container] [setup] 运行 setup.sh: /app/claw-bench/tasks/cross-domain/xdom-012-automated-docs-generator/environment/setup.sh
[18:05:07]   [container] [setup] setup.sh 成功
[18:05:07]   [container] [setup] 工作空间文件: ['auth.py', 'models.py', 'database.py', 'instruction.md', 'api.py', 'utils.py']
[18:05:07]   [container] DONE
[18:05:07]   [container-err] Plan generation returned empty (attempt 1/3)
[18:05:07]   [container-err] Plan generation returned empty (attempt 2/3)
[18:05:07]   [container-err] Plan generation returned empty (attempt 3/3)
[18:05:07]   [container-err] Plan generation failed after 3 attempts, returning empty plan
[18:05:07] [clawbench_xdom-012_qwen3.6-27b_20260520_095749] Agent finished in 434.95s, returncode=0
[18:05:07] [clawbench_xdom-012_qwen3.6-27b_20260520_095749] Agent result: passed=True, score=1.0000
[18:05:07] [xdom-012] Result saved to /Volumes/F/work/ClawEvalkit-private-emnlp/outputs/harness/control/clawbench-official/qwen3.6-27b/xdom-012.json
[18:05:09] [clawbench_xdom-014_qwen3.6-27b_20260520_100507] Container started
[18:05:09] [xdom-014] Harness detected, timeout adjusted: 600 → 780
[18:08:48]   [container] [setup] 运行 setup.sh: /app/claw-bench/tasks/cross-domain/xdom-014-data-driven-email-campaign/environment/setup.sh
[18:08:48]   [container] [setup] setup.sh 成功
[18:08:48]   [container] [setup] 工作空间文件: ['customers.csv', 'rules.toml', 'instruction.md']
[18:08:48]   [container] DONE
[18:08:48]   [container-err] Plan generation returned empty (attempt 1/3)
[18:08:48] [clawbench_xdom-014_qwen3.6-27b_20260520_100507] Agent finished in 218.56s, returncode=0
[18:08:48] [clawbench_xdom-014_qwen3.6-27b_20260520_100507] Agent result: passed=False, score=0.8800
[18:08:49] [xdom-014] Result saved to /Volumes/F/work/ClawEvalkit-private-emnlp/outputs/harness/control/clawbench-official/qwen3.6-27b/xdom-014.json
[18:08:51] [clawbench_xdom-015_qwen3.6-27b_20260520_100849] Container started
[18:08:51] [xdom-015] Harness detected, timeout adjusted: 600 → 780
[18:11:16]   [container] [setup] 运行 setup.sh: /app/claw-bench/tasks/cross-domain/xdom-013-incident-response-pipeline/environment/setup.sh
[18:11:16]   [container] [setup] setup.sh 成功
[18:11:16]   [container] [setup] 工作空间文件: ['runbook.md', 'instruction.md', 'network.yaml']
[18:11:16]   [container] DONE
[18:11:16]   [container-err] Plan generation returned empty (attempt 1/3)
[18:11:16]   [container-err] Plan generation returned empty (attempt 2/3)
[18:11:16]   [container-err] Plan generation returned empty (attempt 3/3)
[18:11:16]   [container-err] Plan generation failed after 3 attempts, returning empty plan
[18:11:16] [clawbench_xdom-013_qwen3.6-27b_20260520_100418] Agent finished in 415.90s, returncode=0
[18:11:16] [clawbench_xdom-013_qwen3.6-27b_20260520_100418] Agent result: passed=False, score=0.9355
[18:11:17] [xdom-013] Result saved to /Volumes/F/work/ClawEvalkit-private-emnlp/outputs/harness/control/clawbench-official/qwen3.6-27b/xdom-013.json
[18:11:19] [clawbench_xdom-016_qwen3.6-27b_20260520_101117] Container started
[18:11:19] [xdom-016] Harness detected, timeout adjusted: 240 → 420
[18:13:24]   [container] [setup] 运行 setup.sh: /app/claw-bench/tasks/cross-domain/xdom-016-meeting-to-tasks/environment/setup.sh
[18:13:24]   [container] [setup] setup.sh 成功
[18:13:24]   [container] [setup] 工作空间文件: ['meeting_notes.md', 'instruction.md']
[18:13:24]   [container] DONE
[18:13:24]   [container-err] Plan generation returned empty (attempt 1/3)
[18:13:24]   [container-err] Plan generation returned empty (attempt 2/3)
[18:13:24] [clawbench_xdom-016_qwen3.6-27b_20260520_101117] Agent finished in 125.47s, returncode=0
[18:13:24] [clawbench_xdom-016_qwen3.6-27b_20260520_101117] Agent result: passed=True, score=1.0000
[18:13:25] [xdom-016] Result saved to /Volumes/F/work/ClawEvalkit-private-emnlp/outputs/harness/control/clawbench-official/qwen3.6-27b/xdom-016.json
[18:13:27] [clawbench_xdom-017_qwen3.6-27b_20260520_101325] Container started
[18:13:27] [xdom-017] Harness detected, timeout adjusted: 240 → 420
[18:14:48]   [container] [setup] 运行 setup.sh: /app/claw-bench/tasks/cross-domain/xdom-017-travel-itinerary/environment/setup.sh
[18:14:48]   [container] [setup] setup.sh 成功
[18:14:48]   [container] [setup] 工作空间文件: ['meetings.json', 'instruction.md', 'flight_booking.json', 'hotel_booking.json']
[18:14:48]   [container] DONE
[18:14:48]   [container-err] Plan generation returned empty (attempt 1/3)
[18:14:48]   [container-err] Plan generation returned empty (attempt 2/3)
[18:14:48]   [container-err] Plan generation returned empty (attempt 3/3)
[18:14:48]   [container-err] Plan generation failed after 3 attempts, returning empty plan
[18:14:48] [clawbench_xdom-017_qwen3.6-27b_20260520_101325] Agent finished in 80.94s, returncode=0
[18:14:48] [clawbench_xdom-017_qwen3.6-27b_20260520_101325] Agent result: passed=True, score=1.0000
[18:14:49] [xdom-017] Result saved to /Volumes/F/work/ClawEvalkit-private-emnlp/outputs/harness/control/clawbench-official/qwen3.6-27b/xdom-017.json
[18:14:51] [clawbench_cs-001-api-rate-limiter_qwen3.6-27b_20260520_101449] Container started
[18:14:51] [cs-001-api-rate-limiter] Harness detected, timeout adjusted: 3600 → 3780
[18:18:07]   [container] [setup] 运行 setup.sh: /app/claw-bench/tasks/cs-engineering/cs-001-api-rate-limiter/environment/setup.sh
[18:18:07]   [container] [setup] setup.sh 成功
[18:18:07]   [container] [setup] 工作空间文件: ['instruction.md']
[18:18:07]   [container] DONE
[18:18:07]   [container-err] Plan generation returned empty (attempt 1/3)
[18:18:07]   [container-err] Plan generation returned empty (attempt 2/3)
[18:18:07]   [container-err] Plan generation returned empty (attempt 3/3)
[18:18:07]   [container-err] Plan generation failed after 3 attempts, returning empty plan
[18:18:07] [clawbench_cs-001-api-rate-limiter_qwen3.6-27b_20260520_101449] Agent finished in 196.00s, returncode=0
[18:18:07] [clawbench_cs-001-api-rate-limiter_qwen3.6-27b_20260520_101449] Agent result: passed=True, score=1.0000
[18:18:08] [cs-001-api-rate-limiter] Result saved to /Volumes/F/work/ClawEvalkit-private-emnlp/outputs/harness/control/clawbench-official/qwen3.6-27b/cs-001-api-rate-limiter.json
[18:18:10] [clawbench_cs-002-db-migration_qwen3.6-27b_20260520_101808] Container started
[18:18:10] [cs-002-db-migration] Harness detected, timeout adjusted: 3600 → 3780
[18:21:09]   [container] [setup] 运行 setup.sh: /app/claw-bench/tasks/cs-engineering/cs-002-db-migration/environment/setup.sh
[18:21:09]   [container] [setup] setup.sh 失败 (rc=127)
[18:21:09]   [container] [setup] stderr: /app/claw-bench/tasks/cs-engineering/cs-002-db-migration/environment/setup.sh: line 9: sqlite3: command not found
[18:21:09]   [container] 
[18:21:09]   [container] [setup] 重试 (bash -x) ...
[18:21:09]   [container] [setup] 重试也失败 (rc=127)
[18:21:09]   [container] [setup] stderr: + set -euo pipefail
[18:21:09]   [container] + WORKSPACE=/tmp/clawbench_workspace
[18:21:09]   [container] + export WORKSPACE
[18:21:09]   [container] + mkdir -p /tmp/clawbench_workspace
[18:21:09]   [container] + sqlite3 /tmp/clawbench_workspace/app.db
[18:21:09]   [container] /app/claw-bench/tasks/cs-engineering/cs-002-db-migration/environment/setup.sh: line 9: sqlite3: command not found
[18:21:09]   [container] 
[18:21:09]   [container] [setup] 工作空间文件: ['instruction.md']
[18:21:09]   [container] DONE
[18:21:09]   [container-err] Retry exhausted for read_file: Error: File not found: /tmp/clawbench_workspace/migration_spec.json
[18:21:09] [clawbench_cs-002-db-migration_qwen3.6-27b_20260520_101808] Agent finished in 178.03s, returncode=0
[18:21:09] [clawbench_cs-002-db-migration_qwen3.6-27b_20260520_101808] Agent result: passed=True, score=1.0000
[18:21:09] [cs-002-db-migration] Result saved to /Volumes/F/work/ClawEvalkit-private-emnlp/outputs/harness/control/clawbench-official/qwen3.6-27b/cs-002-db-migration.json
[18:21:12] [clawbench_cs-003-log-analyzer_qwen3.6-27b_20260520_102109] Container started
[18:21:12] [cs-003-log-analyzer] Harness detected, timeout adjusted: 3600 → 3780
[18:22:52] [xdom-015] Result saved to /Volumes/F/work/ClawEvalkit-private-emnlp/outputs/harness/control/clawbench-official/qwen3.6-27b/xdom-015.json
[18:22:55] [clawbench_cs-004-ci-pipeline_qwen3.6-27b_20260520_102252] Container started
[18:22:55] [cs-004-ci-pipeline] Harness detected, timeout adjusted: 3600 → 3780
[18:25:10]   [container] [setup] 运行 setup.sh: /app/claw-bench/tasks/cs-engineering/cs-004-ci-pipeline/environment/setup.sh
[18:25:10]   [container] [setup] setup.sh 成功
[18:25:10]   [container] [setup] 工作空间文件: ['instruction.md']
[18:25:10]   [container] DONE
[18:25:10]   [container-err] Plan generation returned empty (attempt 1/3)
[18:25:10]   [container-err] Plan generation returned empty (attempt 2/3)
[18:25:10]   [container-err] Plan generation returned empty (attempt 3/3)
[18:25:10]   [container-err] Plan generation failed after 3 attempts, returning empty plan
[18:25:10] [clawbench_cs-004-ci-pipeline_qwen3.6-27b_20260520_102252] Agent finished in 135.39s, returncode=0
[18:25:10] [clawbench_cs-004-ci-pipeline_qwen3.6-27b_20260520_102252] Agent result: passed=True, score=1.0000
[18:25:11] [cs-004-ci-pipeline] Result saved to /Volumes/F/work/ClawEvalkit-private-emnlp/outputs/harness/control/clawbench-official/qwen3.6-27b/cs-004-ci-pipeline.json
[18:25:13] [clawbench_cs-005-api-design_qwen3.6-27b_20260520_102511] Container started
[18:25:13] [cs-005-api-design] Harness detected, timeout adjusted: 3600 → 3780
[18:26:57]   [container] [setup] 运行 setup.sh: /app/claw-bench/tasks/cs-engineering/cs-005-api-design/environment/setup.sh
[18:26:57]   [container] [setup] setup.sh 成功
[18:26:57]   [container] [setup] 工作空间文件: ['instruction.md', 'api_requirements.txt']
[18:26:57]   [container] DONE
[18:26:57]   [container-err] Plan generation returned empty (attempt 1/3)
[18:26:57]   [container-err] Plan generation returned empty (attempt 2/3)
[18:26:57]   [container-err] Plan generation returned empty (attempt 3/3)
[18:26:57]   [container-err] Plan generation failed after 3 attempts, returning empty plan
[18:26:57] [clawbench_cs-005-api-design_qwen3.6-27b_20260520_102511] Agent finished in 103.50s, returncode=0
[18:26:57] [clawbench_cs-005-api-design_qwen3.6-27b_20260520_102511] Agent result: passed=False, score=0.8000
[18:26:57] [cs-005-api-design] Result saved to /Volumes/F/work/ClawEvalkit-private-emnlp/outputs/harness/control/clawbench-official/qwen3.6-27b/cs-005-api-design.json
[18:27:01] [clawbench_data-001_qwen3.6-27b_20260520_102657] Container started
[18:27:01] [data-001] Harness detected, timeout adjusted: 120 → 300
[18:28:16]   [container] [setup] 运行 setup.sh: /app/claw-bench/tasks/data-analysis/data-001/environment/setup.sh
[18:28:16]   [container] [setup] setup.sh 成功
[18:28:16]   [container] [setup] 工作空间文件: ['instruction.md', 'numbers.csv']
[18:28:16]   [container] DONE
[18:28:16]   [container-err] Plan generation returned empty (attempt 1/3)
[18:28:16]   [container-err] Plan generation returned empty (attempt 2/3)
[18:28:16]   [container-err] Plan generation returned empty (attempt 3/3)
[18:28:16]   [container-err] Plan generation failed after 3 attempts, returning empty plan
[18:28:16] [clawbench_data-001_qwen3.6-27b_20260520_102657] Agent finished in 75.09s, returncode=0
[18:28:16] [clawbench_data-001_qwen3.6-27b_20260520_102657] Agent result: passed=False, score=0.9231
[18:28:16] [data-001] Result saved to /Volumes/F/work/ClawEvalkit-private-emnlp/outputs/harness/control/clawbench-official/qwen3.6-27b/data-001.json
[18:28:21] [clawbench_data-002_qwen3.6-27b_20260520_102816] Container started
[18:28:21] [data-002] Harness detected, timeout adjusted: 120 → 300
[18:28:36]   [container] [setup] 运行 setup.sh: /app/claw-bench/tasks/cs-engineering/cs-003-log-analyzer/environment/setup.sh
[18:28:36]   [container] [setup] setup.sh 成功
[18:28:36]   [container] [setup] 工作空间文件: ['instruction.md', 'server.log']
[18:28:36]   [container] DONE
[18:28:36]   [container-err] Plan generation returned empty (attempt 1/3)
[18:28:36]   [container-err] Plan generation returned empty (attempt 2/3)
[18:28:36]   [container-err] Plan generation returned empty (attempt 3/3)
[18:28:36]   [container-err] Plan generation failed after 3 attempts, returning empty plan
[18:28:36] [clawbench_cs-003-log-analyzer_qwen3.6-27b_20260520_102109] Agent finished in 443.90s, returncode=0
[18:28:36] [clawbench_cs-003-log-analyzer_qwen3.6-27b_20260520_102109] Agent result: passed=False, score=0.5000
[18:28:36] [cs-003-log-analyzer] Result saved to /Volumes/F/work/ClawEvalkit-private-emnlp/outputs/harness/control/clawbench-official/qwen3.6-27b/cs-003-log-analyzer.json
[18:28:38] [clawbench_data-003_qwen3.6-27b_20260520_102836] Container started
[18:28:38] [data-003] Harness detected, timeout adjusted: 120 → 300
[18:29:27]   [container] [setup] 运行 setup.sh: /app/claw-bench/tasks/data-analysis/data-003/environment/setup.sh
[18:29:27]   [container] [setup] setup.sh 成功
[18:29:27]   [container] [setup] 工作空间文件: ['instruction.md', 'sales.csv']
[18:29:27]   [container] DONE
[18:29:27]   [container-err] Plan generation returned empty (attempt 1/3)
[18:29:27]   [container-err] Plan generation returned empty (attempt 2/3)
[18:29:27]   [container-err] Plan generation returned empty (attempt 3/3)
[18:29:27]   [container-err] Plan generation failed after 3 attempts, returning empty plan
[18:29:27] [clawbench_data-003_qwen3.6-27b_20260520_102836] Agent finished in 48.26s, returncode=0
[18:29:27] [clawbench_data-003_qwen3.6-27b_20260520_102836] Agent result: passed=True, score=1.0000
[18:29:27] [data-003] Result saved to /Volumes/F/work/ClawEvalkit-private-emnlp/outputs/harness/control/clawbench-official/qwen3.6-27b/data-003.json
[18:29:29] [clawbench_data-004_qwen3.6-27b_20260520_102927] Container started
[18:29:29] [data-004] Harness detected, timeout adjusted: 180 → 360
[18:30:35]   [container] [setup] 运行 setup.sh: /app/claw-bench/tasks/data-analysis/data-004/environment/setup.sh
[18:30:35]   [container] [setup] setup.sh 成功
[18:30:35]   [container] [setup] 工作空间文件: ['instruction.md', 'transactions.csv']
[18:30:35]   [container] DONE
[18:30:35]   [container-err] Plan generation returned empty (attempt 1/3)
[18:30:35]   [container-err] Plan generation returned empty (attempt 2/3)
[18:30:35]   [container-err] Plan generation returned empty (attempt 3/3)
[18:30:35]   [container-err] Plan generation failed after 3 attempts, returning empty plan
[18:30:35] [clawbench_data-004_qwen3.6-27b_20260520_102927] Agent finished in 66.10s, returncode=0
[18:30:35] [clawbench_data-004_qwen3.6-27b_20260520_102927] Agent result: passed=True, score=1.0000
[18:30:36] [data-004] Result saved to /Volumes/F/work/ClawEvalkit-private-emnlp/outputs/harness/control/clawbench-official/qwen3.6-27b/data-004.json
[18:30:40] [clawbench_data-005_qwen3.6-27b_20260520_103036] Container started
[18:30:40] [data-005] Harness detected, timeout adjusted: 180 → 360
[18:32:23]   [container] [setup] 运行 setup.sh: /app/claw-bench/tasks/data-analysis/data-005/environment/setup.sh
[18:32:23]   [container] [setup] setup.sh 成功
[18:32:23]   [container] [setup] 工作空间文件: ['instruction.md', 'measurements.csv']
[18:32:23]   [container] DONE
[18:32:23]   [container-err] Plan generation returned empty (attempt 1/3)
[18:32:23]   [container-err] Plan generation returned empty (attempt 2/3)
[18:32:23]   [container-err] Plan generation returned empty (attempt 3/3)
[18:32:23]   [container-err] Plan generation failed after 3 attempts, returning empty plan
[18:32:23] [clawbench_data-005_qwen3.6-27b_20260520_103036] Agent finished in 102.85s, returncode=0
[18:32:23] [clawbench_data-005_qwen3.6-27b_20260520_103036] Agent result: passed=True, score=1.0000
[18:32:24] [data-005] Result saved to /Volumes/F/work/ClawEvalkit-private-emnlp/outputs/harness/control/clawbench-official/qwen3.6-27b/data-005.json
[18:32:27] [clawbench_data-006_qwen3.6-27b_20260520_103224] Container started
[18:32:27] [data-006] Harness detected, timeout adjusted: 180 → 360
[18:33:25]   [container] [setup] 运行 setup.sh: /app/claw-bench/tasks/data-analysis/data-006/environment/setup.sh
[18:33:25]   [container] [setup] setup.sh 成功
[18:33:25]   [container] [setup] 工作空间文件: ['daily_sales.csv', 'instruction.md']
[18:33:25]   [container] DONE
[18:33:25]   [container-err] Plan generation returned empty (attempt 1/3)
[18:33:25]   [container-err] Plan generation returned empty (attempt 2/3)
[18:33:25]   [container-err] Plan generation returned empty (attempt 3/3)
[18:33:25]   [container-err] Plan generation failed after 3 attempts, returning empty plan
[18:33:25] [clawbench_data-006_qwen3.6-27b_20260520_103224] Agent finished in 58.73s, returncode=0
[18:33:25] [clawbench_data-006_qwen3.6-27b_20260520_103224] Agent result: passed=True, score=1.0000
[18:33:26] [data-006] Result saved to /Volumes/F/work/ClawEvalkit-private-emnlp/outputs/harness/control/clawbench-official/qwen3.6-27b/data-006.json
[18:33:31] [clawbench_data-007_qwen3.6-27b_20260520_103326] Container started
[18:33:31] [data-007] Harness detected, timeout adjusted: 180 → 360
[18:34:21] [data-002] Result saved to /Volumes/F/work/ClawEvalkit-private-emnlp/outputs/harness/control/clawbench-official/qwen3.6-27b/data-002.json
[18:34:25] [clawbench_data-008_qwen3.6-27b_20260520_103421] Container started
[18:34:25] [data-008] Harness detected, timeout adjusted: 240 → 420
[18:34:47]   [container] [setup] 运行 setup.sh: /app/claw-bench/tasks/data-analysis/data-007/environment/setup.sh
[18:34:47]   [container] [setup] setup.sh 成功
[18:34:47]   [container] [setup] 工作空间文件: ['customers.csv', 'orders.csv', 'instruction.md']
[18:34:47]   [container] DONE
[18:34:47]   [container-err] Plan generation returned empty (attempt 1/3)
[18:34:47] [clawbench_data-007_qwen3.6-27b_20260520_103326] Agent finished in 75.91s, returncode=0
[18:34:47] [clawbench_data-007_qwen3.6-27b_20260520_103326] Agent result: passed=True, score=1.0000
[18:34:48] [data-007] Result saved to /Volumes/F/work/ClawEvalkit-private-emnlp/outputs/harness/control/clawbench-official/qwen3.6-27b/data-007.json
[18:34:50] [clawbench_data-009_qwen3.6-27b_20260520_103448] Container started
[18:34:50] [data-009] Harness detected, timeout adjusted: 240 → 420
[18:36:26]   [container] [setup] 运行 setup.sh: /app/claw-bench/tasks/data-analysis/data-009/environment/setup.sh
[18:36:26]   [container] [setup] setup.sh 成功
[18:36:26]   [container] [setup] 工作空间文件: ['instruction.md', 'dirty_data.csv']
[18:36:26]   [container] DONE
[18:36:26]   [container-err] Plan generation returned empty (attempt 1/3)
[18:36:26]   [container-err] Plan generation returned empty (attempt 2/3)
[18:36:26]   [container-err] Plan generation returned empty (attempt 3/3)
[18:36:26]   [container-err] Plan generation failed after 3 attempts, returning empty plan
[18:36:26] [clawbench_data-009_qwen3.6-27b_20260520_103448] Agent finished in 96.19s, returncode=0
[18:36:26] [clawbench_data-009_qwen3.6-27b_20260520_103448] Agent result: passed=False, score=0.9412
[18:36:27] [data-009] Result saved to /Volumes/F/work/ClawEvalkit-private-emnlp/outputs/harness/control/clawbench-official/qwen3.6-27b/data-009.json
[18:36:29]   [container] [setup] 运行 setup.sh: /app/claw-bench/tasks/data-analysis/data-008/environment/setup.sh
[18:36:29]   [container] [setup] setup.sh 成功
[18:36:29]   [container] [setup] 工作空间文件: ['instruction.md', 'dataset.csv']
[18:36:29]   [container] DONE
[18:36:29] [clawbench_data-008_qwen3.6-27b_20260520_103421] Agent finished in 124.51s, returncode=0
[18:36:29] [clawbench_data-008_qwen3.6-27b_20260520_103421] Agent result: passed=True, score=1.0000
[18:36:29] [clawbench_data-010_qwen3.6-27b_20260520_103627] Container started
[18:36:29] [data-010] Harness detected, timeout adjusted: 240 → 420
[18:36:30] [data-008] Result saved to /Volumes/F/work/ClawEvalkit-private-emnlp/outputs/harness/control/clawbench-official/qwen3.6-27b/data-008.json
[18:36:32] [clawbench_data-011_qwen3.6-27b_20260520_103630] Container started
[18:36:32] [data-011] Harness detected, timeout adjusted: 300 → 480
[18:37:43]   [container] [setup] 运行 setup.sh: /app/claw-bench/tasks/data-analysis/data-011/environment/setup.sh
[18:37:43]   [container] [setup] setup.sh 成功
[18:37:43]   [container] [setup] 工作空间文件: ['instruction.md', 'company_data.csv']
[18:37:43]   [container] DONE
[18:37:43]   [container-err] Plan generation returned empty (attempt 1/3)
[18:37:43]   [container-err] Plan generation returned empty (attempt 2/3)
[18:37:43]   [container-err] Plan generation returned empty (attempt 3/3)
[18:37:43]   [container-err] Plan generation failed after 3 attempts, returning empty plan
[18:37:43] [clawbench_data-011_qwen3.6-27b_20260520_103630] Agent finished in 70.36s, returncode=0
[18:37:43] [clawbench_data-011_qwen3.6-27b_20260520_103630] Agent result: passed=True, score=1.0000
[18:37:43] [data-011] Result saved to /Volumes/F/work/ClawEvalkit-private-emnlp/outputs/harness/control/clawbench-official/qwen3.6-27b/data-011.json
[18:37:47] [clawbench_data-012_qwen3.6-27b_20260520_103743] Container started
[18:37:47] [data-012] Harness detected, timeout adjusted: 300 → 480
[18:38:05]   [container] [setup] 运行 setup.sh: /app/claw-bench/tasks/data-analysis/data-010/environment/setup.sh
[18:38:05]   [container] [setup] setup.sh 成功
[18:38:05]   [container] [setup] 工作空间文件: ['q3.csv', 'q2.csv', 'q1.csv', 'instruction.md']
[18:38:05]   [container] DONE
[18:38:05]   [container-err] Plan generation returned empty (attempt 1/3)
[18:38:05]   [container-err] Plan generation returned empty (attempt 2/3)
[18:38:05] [clawbench_data-010_qwen3.6-27b_20260520_103627] Agent finished in 95.43s, returncode=0
[18:38:05] [clawbench_data-010_qwen3.6-27b_20260520_103627] Agent result: passed=True, score=1.0000
[18:38:05] [data-010] Result saved to /Volumes/F/work/ClawEvalkit-private-emnlp/outputs/harness/control/clawbench-official/qwen3.6-27b/data-010.json
[18:38:09] [clawbench_data-013_qwen3.6-27b_20260520_103805] Container started
[18:38:09] [data-013] Harness detected, timeout adjusted: 180 → 360
[18:39:20]   [container] [setup] 运行 setup.sh: /app/claw-bench/tasks/data-analysis/data-012/environment/setup.sh
[18:39:20]   [container] [setup] setup.sh 成功
[18:39:20]   [container] [setup] 工作空间文件: ['instruction.md', 'historical.csv']
[18:39:20]   [container] DONE
[18:39:20]   [container-err] Plan generation returned empty (attempt 1/3)
[18:39:20] [clawbench_data-012_qwen3.6-27b_20260520_103743] Agent finished in 93.06s, returncode=0
[18:39:20] [clawbench_data-012_qwen3.6-27b_20260520_103743] Agent result: passed=True, score=1.0000
[18:39:20] [data-012] Result saved to /Volumes/F/work/ClawEvalkit-private-emnlp/outputs/harness/control/clawbench-official/qwen3.6-27b/data-012.json
[18:39:23] [clawbench_data-014_qwen3.6-27b_20260520_103920] Container started
[18:39:23] [data-014] Harness detected, timeout adjusted: 180 → 360
[18:39:55]   [container] [setup] 运行 setup.sh: /app/claw-bench/tasks/data-analysis/data-013-outlier-detection/environment/setup.sh
[18:39:55]   [container] [setup] setup.sh 成功
[18:39:55]   [container] [setup] 工作空间文件: ['instruction.md', 'measurements.csv']
[18:39:55]   [container] DONE
[18:39:55]   [container-err] Plan generation returned empty (attempt 1/3)
[18:39:55] [clawbench_data-013_qwen3.6-27b_20260520_103805] Agent finished in 106.66s, returncode=0
[18:39:55] [clawbench_data-013_qwen3.6-27b_20260520_103805] Agent result: passed=True, score=1.0000
[18:39:56] [data-013] Result saved to /Volumes/F/work/ClawEvalkit-private-emnlp/outputs/harness/control/clawbench-official/qwen3.6-27b/data-013.json
[18:39:59] [clawbench_data-015_qwen3.6-27b_20260520_103956] Container started
[18:39:59] [data-015] Harness detected, timeout adjusted: 300 → 480
[18:40:34]   [container] [setup] 运行 setup.sh: /app/claw-bench/tasks/data-analysis/data-014-time-series-aggregation/environment/setup.sh
[18:40:34]   [container] [setup] setup.sh 成功
[18:40:34]   [container] [setup] 工作空间文件: ['metrics.csv', 'instruction.md']
[18:40:34]   [container] DONE
[18:40:34]   [container-err] Plan generation returned empty (attempt 1/3)
[18:40:34]   [container-err] Plan generation returned empty (attempt 2/3)
[18:40:34]   [container-err] Plan generation returned empty (attempt 3/3)
[18:40:34]   [container-err] Plan generation failed after 3 attempts, returning empty plan
[18:40:34] [clawbench_data-014_qwen3.6-27b_20260520_103920] Agent finished in 71.89s, returncode=0
[18:40:34] [clawbench_data-014_qwen3.6-27b_20260520_103920] Agent result: passed=True, score=1.0000
[18:40:35] [data-014] Result saved to /Volumes/F/work/ClawEvalkit-private-emnlp/outputs/harness/control/clawbench-official/qwen3.6-27b/data-014.json
[18:40:37] [clawbench_data-016_qwen3.6-27b_20260520_104035] Container started
[18:40:37] [data-016] Harness detected, timeout adjusted: 180 → 360
[18:41:26]   [container] [setup] 运行 setup.sh: /app/claw-bench/tasks/data-analysis/data-015-multi-table-join/environment/setup.sh
[18:41:26]   [container] [setup] setup.sh 成功
[18:41:26]   [container] [setup] 工作空间文件: ['customers.csv', 'products.csv', 'orders.csv', 'instruction.md']
[18:41:26]   [container] DONE
[18:41:26]   [container-err] Plan generation returned empty (attempt 1/3)
[18:41:26]   [container-err] Plan generation returned empty (attempt 2/3)
[18:41:26]   [container-err] Plan generation returned empty (attempt 3/3)
[18:41:26]   [container-err] Plan generation failed after 3 attempts, returning empty plan
[18:41:26] [clawbench_data-015_qwen3.6-27b_20260520_103956] Agent finished in 87.02s, returncode=0
[18:41:26] [clawbench_data-015_qwen3.6-27b_20260520_103956] Agent result: passed=True, score=1.0000
[18:41:27] [data-015] Result saved to /Volumes/F/work/ClawEvalkit-private-emnlp/outputs/harness/control/clawbench-official/qwen3.6-27b/data-015.json
[18:41:31] [clawbench_data-017_qwen3.6-27b_20260520_104127] Container started
[18:41:31] [data-017] Harness detected, timeout adjusted: 180 → 360
[18:41:59]   [container] [setup] 运行 setup.sh: /app/claw-bench/tasks/data-analysis/data-016-monthly-budget-analysis/environment/setup.sh
[18:41:59]   [container] [setup] setup.sh 成功
[18:41:59]   [container] [setup] 工作空间文件: ['budget.csv', 'instruction.md', 'transactions.csv']
[18:41:59]   [container] DONE
[18:41:59]   [container-err] Plan generation returned empty (attempt 1/3)
[18:41:59]   [container-err] Plan generation returned empty (attempt 2/3)
[18:41:59]   [container-err] Plan generation returned empty (attempt 3/3)
[18:41:59]   [container-err] Plan generation failed after 3 attempts, returning empty plan
[18:41:59] [clawbench_data-016_qwen3.6-27b_20260520_104035] Agent finished in 82.22s, returncode=0
[18:41:59] [clawbench_data-016_qwen3.6-27b_20260520_104035] Agent result: passed=True, score=1.0000
[18:42:00] [data-016] Result saved to /Volumes/F/work/ClawEvalkit-private-emnlp/outputs/harness/control/clawbench-official/qwen3.6-27b/data-016.json
[18:42:03] [clawbench_ds-001-customer-segmentation_qwen3.6-27b_20260520_104200] Container started
[18:42:03] [ds-001-customer-segmentation] Harness detected, timeout adjusted: 3600 → 3780
[18:43:24]   [container] [setup] 运行 setup.sh: /app/claw-bench/tasks/data-analysis/data-017-employee-attendance-report/environment/setup.sh
[18:43:24]   [container] [setup] setup.sh 成功
[18:43:24]   [container] [setup] 工作空间文件: ['instruction.md', 'attendance.csv']
[18:43:24]   [container] DONE
[18:43:24] [clawbench_data-017_qwen3.6-27b_20260520_104127] Agent finished in 113.29s, returncode=0
[18:43:24] [clawbench_data-017_qwen3.6-27b_20260520_104127] Agent result: passed=True, score=1.0000
[18:43:25] [data-017] Result saved to /Volumes/F/work/ClawEvalkit-private-emnlp/outputs/harness/control/clawbench-official/qwen3.6-27b/data-017.json
[18:43:27] [clawbench_ds-002-ab-testing_qwen3.6-27b_20260520_104325] Container started
[18:43:27] [ds-002-ab-testing] Harness detected, timeout adjusted: 3600 → 3780
[18:45:01]   [container] [setup] 运行 setup.sh: /app/claw-bench/tasks/data-science/ds-002-ab-testing/environment/setup.sh
[18:45:01]   [container] [setup] setup.sh 成功
[18:45:01]   [container] [setup] 工作空间文件: ['instruction.md', 'ab_test.csv']
[18:45:01]   [container] DONE
[18:45:01] [clawbench_ds-002-ab-testing_qwen3.6-27b_20260520_104325] Agent finished in 94.06s, returncode=0
[18:45:01] [clawbench_ds-002-ab-testing_qwen3.6-27b_20260520_104325] Agent result: passed=True, score=1.0000
[18:45:01] [ds-002-ab-testing] Result saved to /Volumes/F/work/ClawEvalkit-private-emnlp/outputs/harness/control/clawbench-official/qwen3.6-27b/ds-002-ab-testing.json
[18:45:05] [clawbench_ds-003-feature-engineering_qwen3.6-27b_20260520_104501] Container started
[18:45:05] [ds-003-feature-engineering] Harness detected, timeout adjusted: 3600 → 3780
[18:47:35]   [container] [setup] 运行 setup.sh: /app/claw-bench/tasks/data-science/ds-001-customer-segmentation/environment/setup.sh
[18:47:35]   [container] [setup] setup.sh 成功
[18:47:35]   [container] [setup] 工作空间文件: ['customers.csv', 'instruction.md']
[18:47:35]   [container] DONE
[18:47:35]   [container-err] Plan generation returned empty (attempt 1/3)
[18:47:35] [clawbench_ds-001-customer-segmentation_qwen3.6-27b_20260520_104200] Agent finished in 332.02s, returncode=0
[18:47:35] [clawbench_ds-001-customer-segmentation_qwen3.6-27b_20260520_104200] Agent result: passed=True, score=1.0000
[18:47:35] [ds-001-customer-segmentation] Result saved to /Volumes/F/work/ClawEvalkit-private-emnlp/outputs/harness/control/clawbench-official/qwen3.6-27b/ds-001-customer-segmentation.json
[18:47:38] [clawbench_ds-004-time-series_qwen3.6-27b_20260520_104735] Container started
[18:47:38] [ds-004-time-series] Harness detected, timeout adjusted: 3600 → 3780
[18:51:43]   [container] [setup] 运行 setup.sh: /app/claw-bench/tasks/data-science/ds-004-time-series/environment/setup.sh
[18:51:43]   [container] [setup] setup.sh 失败 (rc=1)
[18:51:43]   [container] [setup] stderr: Traceback (most recent call last):
[18:51:43]   [container]   File "<stdin>", line 3, in <module>
[18:51:43]   [container] ModuleNotFoundError: No module named 'pandas'
[18:51:43]   [container] 
[18:51:43]   [container] [setup] 重试 (bash -x) ...
[18:51:43]   [container] [setup] 重试也失败 (rc=1)
[18:51:43]   [container] [setup] stderr: + set -euo pipefail
[18:51:43]   [container] + WORKSPACE=/tmp/clawbench_workspace
[18:51:43]   [container] + export WORKSPACE
[18:51:43]   [container] + mkdir -p /tmp/clawbench_workspace
[18:51:43]   [container] + python3 -
[18:51:43]   [container] Traceback (most recent call last):
[18:51:43]   [container]   File "<stdin>", line 3, in <module>
[18:51:43]   [container] ModuleNotFoundError: No module named 'pandas'
[18:51:43]   [container] 
[18:51:43]   [container] [setup] 工作空间文件: ['instruction.md']
[18:51:43]   [container] DONE
[18:51:43]   [container-err] Plan generation returned empty (attempt 1/3)
[18:51:43]   [container-err] Plan generation returned empty (attempt 2/3)
[18:51:43]   [container-err] Plan generation returned empty (attempt 3/3)
[18:51:43]   [container-err] Plan generation failed after 3 attempts, returning empty plan
[18:51:43] [clawbench_ds-004-time-series_qwen3.6-27b_20260520_104735] Agent finished in 244.62s, returncode=0
[18:51:43] [clawbench_ds-004-time-series_qwen3.6-27b_20260520_104735] Agent result: passed=True, score=1.0000
[18:51:43] [ds-004-time-series] Result saved to /Volumes/F/work/ClawEvalkit-private-emnlp/outputs/harness/control/clawbench-official/qwen3.6-27b/ds-004-time-series.json
[18:51:46] [clawbench_ds-005-anomaly-detection_qwen3.6-27b_20260520_105143] Container started
[18:51:46] [ds-005-anomaly-detection] Harness detected, timeout adjusted: 3600 → 3780
[18:54:17]   [container] [setup] 运行 setup.sh: /app/claw-bench/tasks/data-science/ds-005-anomaly-detection/environment/setup.sh
[18:54:17]   [container] [setup] setup.sh 成功
[18:54:17]   [container] [setup] 工作空间文件: ['sensor_data.csv', 'instruction.md']
[18:54:17]   [container] DONE
[18:54:17]   [container-err] Plan generation returned empty (attempt 1/3)
[18:54:17]   [container-err] Plan generation returned empty (attempt 2/3)
[18:54:17] [clawbench_ds-005-anomaly-detection_qwen3.6-27b_20260520_105143] Agent finished in 151.35s, returncode=0
[18:54:17] [clawbench_ds-005-anomaly-detection_qwen3.6-27b_20260520_105143] Agent result: passed=True, score=1.0000
[18:54:18] [ds-005-anomaly-detection] Result saved to /Volumes/F/work/ClawEvalkit-private-emnlp/outputs/harness/control/clawbench-official/qwen3.6-27b/ds-005-anomaly-detection.json
[18:54:21] [clawbench_debug-001_qwen3.6-27b_20260520_105418] Container started
[18:54:21] [debug-001] Harness detected, timeout adjusted: 120 → 300
[18:56:56]   [container] [setup] 运行 setup.sh: /app/claw-bench/tasks/debugging/debug-001/environment/setup.sh
[18:56:56]   [container] [setup] setup.sh 失败 (rc=1)
[18:56:56]   [container] [setup] stderr: cp: cannot stat '/app/claw-bench/tasks/debugging/debug-001/environment/data/buggy.py': No such file or directory
[18:56:56]   [container] 
[18:56:56]   [container] [setup] 重试 (bash -x) ...
[18:56:56]   [container] [setup] 重试也失败 (rc=1)
[18:56:56]   [container] [setup] stderr: + set -euo pipefail
[18:56:56]   [container] +++ dirname /app/claw-bench/tasks/debugging/debug-001/environment/setup.sh
[18:56:56]   [container] ++ cd /app/claw-bench/tasks/debugging/debug-001/environment/..
[18:56:56]   [container] ++ pwd
[18:56:56]   [container] + TASK_DIR=/app/claw-bench/tasks/debugging/debug-001
[18:56:56]   [container] + WORKSPACE=/tmp/clawbench_workspace
[18:56:56]   [container] + mkdir -p /tmp/clawbench_workspace
[18:56:56]   [container] + cp /app/claw-bench/tasks/debugging/debug-001/environment/data/buggy.py /tmp/clawbench_workspace/buggy.py
[18:56:56]   [container] cp: cannot stat '/app/claw-bench/tasks/debugging/debug-001/environment/data/buggy.py': No such file or directory
[18:56:56]   [container] 
[18:56:56]   [container] [setup] 工作空间文件: ['instruction.md']
[18:56:56]   [container] DONE
[18:56:56]   [container-err] Plan generation returned empty (attempt 1/3)
[18:56:56]   [container-err] Plan generation returned empty (attempt 2/3)
[18:56:56]   [container-err] Plan generation returned empty (attempt 3/3)
[18:56:56]   [container-err] Plan generation failed after 3 attempts, returning empty plan
[18:56:56]   [container-err] Retry exhausted for read_file: Error: File not found: /tmp/clawbench_workspace/buggy.py
[18:56:56] [clawbench_debug-001_qwen3.6-27b_20260520_105418] Agent finished in 154.82s, returncode=0
[18:56:56] [clawbench_debug-001_qwen3.6-27b_20260520_105418] Agent result: passed=False, score=0.8333
[18:56:56] [debug-001] Result saved to /Volumes/F/work/ClawEvalkit-private-emnlp/outputs/harness/control/clawbench-official/qwen3.6-27b/debug-001.json
[18:57:01] [clawbench_debug-002_qwen3.6-27b_20260520_105656] Container started
[18:57:01] [debug-002] Harness detected, timeout adjusted: 120 → 300
[18:57:24]   [container] [setup] 运行 setup.sh: /app/claw-bench/tasks/data-science/ds-003-feature-engineering/environment/setup.sh
[18:57:24]   [container] [setup] setup.sh 失败 (rc=1)
[18:57:24]   [container] [setup] stderr: Traceback (most recent call last):
[18:57:24]   [container]   File "<stdin>", line 2, in <module>
[18:57:24]   [container] ModuleNotFoundError: No module named 'pandas'
[18:57:24]   [container] 
[18:57:24]   [container] [setup] 重试 (bash -x) ...
[18:57:24]   [container] [setup] 重试也失败 (rc=1)
[18:57:24]   [container] [setup] stderr: + set -euo pipefail
[18:57:24]   [container] + WORKSPACE=/tmp/clawbench_workspace
[18:57:24]   [container] + export WORKSPACE
[18:57:24]   [container] + mkdir -p /tmp/clawbench_workspace
[18:57:24]   [container] + python3 -
[18:57:24]   [container] Traceback (most recent call last):
[18:57:24]   [container]   File "<stdin>", line 2, in <module>
[18:57:24]   [container] ModuleNotFoundError: No module named 'pandas'
[18:57:24]   [container] 
[18:57:24]   [container] [setup] 工作空间文件: ['instruction.md']
[18:57:24]   [container] DONE
[18:57:24]   [container-err] Plan generation returned empty (attempt 1/3)
[18:57:24]   [container-err] Plan generation returned empty (attempt 2/3)
[18:57:24]   [container-err] Plan generation returned empty (attempt 3/3)
[18:57:24]   [container-err] Plan generation failed after 3 attempts, returning empty plan
[18:57:24]   [container-err] Retry exhausted for write_file: Error: Invalid JSON arguments: {"path": "/tmp/clawbench_workspace/raw_data.csv"
[18:57:24] [clawbench_ds-003-feature-engineering_qwen3.6-27b_20260520_104501] Agent finished in 739.45s, returncode=0
[18:57:25] [clawbench_ds-003-feature-engineering_qwen3.6-27b_20260520_104501] Agent result: passed=False, score=0.6000
[18:57:25] [ds-003-feature-engineering] Result saved to /Volumes/F/work/ClawEvalkit-private-emnlp/outputs/harness/control/clawbench-official/qwen3.6-27b/ds-003-feature-engineering.json
[18:57:27] [clawbench_debug-003_qwen3.6-27b_20260520_105725] Container started
[18:57:27] [debug-003] Harness detected, timeout adjusted: 120 → 300
[18:59:39]   [container] [setup] 运行 setup.sh: /app/claw-bench/tasks/debugging/debug-003/environment/setup.sh
[18:59:39]   [container] [setup] setup.sh 失败 (rc=1)
[18:59:39]   [container] [setup] stderr: cp: cannot stat '/app/claw-bench/tasks/debugging/debug-003/environment/data/processor.py': No such file or directory
[18:59:39]   [container] 
[18:59:39]   [container] [setup] 重试 (bash -x) ...
[18:59:39]   [container] [setup] 重试也失败 (rc=1)
[18:59:39]   [container] [setup] stderr: + set -euo pipefail
[18:59:39]   [container] +++ dirname /app/claw-bench/tasks/debugging/debug-003/environment/setup.sh
[18:59:39]   [container] ++ cd /app/claw-bench/tasks/debugging/debug-003/environment/..
[18:59:39]   [container] ++ pwd
[18:59:39]   [container] + TASK_DIR=/app/claw-bench/tasks/debugging/debug-003
[18:59:39]   [container] + WORKSPACE=/tmp/clawbench_workspace
[18:59:39]   [container] + mkdir -p /tmp/clawbench_workspace
[18:59:39]   [container] + cp /app/claw-bench/tasks/debugging/debug-003/environment/data/processor.py /tmp/clawbench_workspace/processor.py
[18:59:39]   [container] cp: cannot stat '/app/claw-bench/tasks/debugging/debug-003/environment/data/processor.py': No such file or directory
[18:59:39]   [container] 
[18:59:39]   [container] [setup] 工作空间文件: ['instruction.md']
[18:59:39]   [container] DONE
[18:59:39]   [container-err] Retry exhausted for read_file: Error: File not found: /tmp/clawbench_workspace/processor.py
[18:59:39] [clawbench_debug-003_qwen3.6-27b_20260520_105725] Agent finished in 131.59s, returncode=0
[18:59:39] [clawbench_debug-003_qwen3.6-27b_20260520_105725] Agent result: passed=False, score=0.9444
[18:59:39] [debug-003] Result saved to /Volumes/F/work/ClawEvalkit-private-emnlp/outputs/harness/control/clawbench-official/qwen3.6-27b/debug-003.json
[18:59:42] [clawbench_debug-004_qwen3.6-27b_20260520_105939] Container started
[18:59:42] [debug-004] Harness detected, timeout adjusted: 180 → 360
[19:00:06]   [container] [setup] 运行 setup.sh: /app/claw-bench/tasks/debugging/debug-002/environment/setup.sh
[19:00:06]   [container] [setup] setup.sh 失败 (rc=1)
[19:00:06]   [container] [setup] stderr: cp: cannot stat '/app/claw-bench/tasks/debugging/debug-002/environment/data/calculator.py': No such file or directory
[19:00:06]   [container] 
[19:00:06]   [container] [setup] 重试 (bash -x) ...
[19:00:06]   [container] [setup] 重试也失败 (rc=1)
[19:00:06]   [container] [setup] stderr: + set -euo pipefail
[19:00:06]   [container] +++ dirname /app/claw-bench/tasks/debugging/debug-002/environment/setup.sh
[19:00:06]   [container] ++ cd /app/claw-bench/tasks/debugging/debug-002/environment/..
[19:00:06]   [container] ++ pwd
[19:00:06]   [container] + TASK_DIR=/app/claw-bench/tasks/debugging/debug-002
[19:00:06]   [container] + WORKSPACE=/tmp/clawbench_workspace
[19:00:06]   [container] + mkdir -p /tmp/clawbench_workspace
[19:00:06]   [container] + cp /app/claw-bench/tasks/debugging/debug-002/environment/data/calculator.py /tmp/clawbench_workspace/calculator.py
[19:00:06]   [container] cp: cannot stat '/app/claw-bench/tasks/debugging/debug-002/environment/data/calculator.py': No such file or directory
[19:00:06]   [container] 
[19:00:06]   [container] [setup] 工作空间文件: ['instruction.md']
[19:00:06]   [container] DONE
[19:00:06]   [container-err] Plan generation returned empty (attempt 1/3)
[19:00:06]   [container-err] Plan generation returned empty (attempt 2/3)
[19:00:06]   [container-err] Retry exhausted for read_file: Error: File not found: /tmp/clawbench_workspace/calculator.py
[19:00:06] [clawbench_debug-002_qwen3.6-27b_20260520_105656] Agent finished in 184.98s, returncode=0
[19:00:06] [clawbench_debug-002_qwen3.6-27b_20260520_105656] Agent result: passed=False, score=0.7895
[19:00:07] [debug-002] Result saved to /Volumes/F/work/ClawEvalkit-private-emnlp/outputs/harness/control/clawbench-official/qwen3.6-27b/debug-002.json
[19:00:10] [clawbench_debug-005_qwen3.6-27b_20260520_110007] Container started
[19:00:10] [debug-005] Harness detected, timeout adjusted: 180 → 360
[19:01:30]   [container] [setup] 运行 setup.sh: /app/claw-bench/tasks/debugging/debug-004/environment/setup.sh
[19:01:30]   [container] [setup] setup.sh 失败 (rc=1)
[19:01:30]   [container] [setup] stderr: cp: cannot stat '/app/claw-bench/tasks/debugging/debug-004/environment/data/main.py': No such file or directory
[19:01:30]   [container] 
[19:01:30]   [container] [setup] 重试 (bash -x) ...
[19:01:30]   [container] [setup] 重试也失败 (rc=1)
[19:01:30]   [container] [setup] stderr: + set -euo pipefail
[19:01:30]   [container] +++ dirname /app/claw-bench/tasks/debugging/debug-004/environment/setup.sh
[19:01:30]   [container] ++ cd /app/claw-bench/tasks/debugging/debug-004/environment/..
[19:01:30]   [container] ++ pwd
[19:01:30]   [container] + TASK_DIR=/app/claw-bench/tasks/debugging/debug-004
[19:01:30]   [container] + WORKSPACE=/tmp/clawbench_workspace
[19:01:30]   [container] + mkdir -p /tmp/clawbench_workspace
[19:01:30]   [container] + cp /app/claw-bench/tasks/debugging/debug-004/environment/data/main.py /tmp/clawbench_workspace/main.py
[19:01:30]   [container] cp: cannot stat '/app/claw-bench/tasks/debugging/debug-004/environment/data/main.py': No such file or directory
[19:01:30]   [container] 
[19:01:30]   [container] [setup] 工作空间文件: ['instruction.md']
[19:01:30]   [container] DONE
[19:01:30]   [container-err] Plan generation returned empty (attempt 1/3)
[19:01:30] [clawbench_debug-004_qwen3.6-27b_20260520_105939] Agent finished in 107.81s, returncode=0
[19:01:30] [clawbench_debug-004_qwen3.6-27b_20260520_105939] Agent result: passed=False, score=0.7500
[19:01:31] [debug-004] Result saved to /Volumes/F/work/ClawEvalkit-private-emnlp/outputs/harness/control/clawbench-official/qwen3.6-27b/debug-004.json
[19:01:33] [clawbench_doc-001_qwen3.6-27b_20260520_110131] Container started
[19:01:33] [doc-001] Harness detected, timeout adjusted: 120 → 300
[19:02:10]   [container] [setup] 运行 setup.sh: /app/claw-bench/tasks/debugging/debug-005/environment/setup.sh
[19:02:10]   [container] [setup] setup.sh 失败 (rc=1)
[19:02:10]   [container] [setup] stderr: cp: cannot stat '/app/claw-bench/tasks/debugging/debug-005/environment/data/slow_search.py': No such file or directory
[19:02:10]   [container] 
[19:02:10]   [container] [setup] 重试 (bash -x) ...
[19:02:10]   [container] [setup] 重试也失败 (rc=1)
[19:02:10]   [container] [setup] stderr: + set -euo pipefail
[19:02:10]   [container] +++ dirname /app/claw-bench/tasks/debugging/debug-005/environment/setup.sh
[19:02:10]   [container] ++ cd /app/claw-bench/tasks/debugging/debug-005/environment/..
[19:02:10]   [container] ++ pwd
[19:02:10]   [container] + TASK_DIR=/app/claw-bench/tasks/debugging/debug-005
[19:02:10]   [container] + WORKSPACE=/tmp/clawbench_workspace
[19:02:10]   [container] + mkdir -p /tmp/clawbench_workspace
[19:02:10]   [container] + cp /app/claw-bench/tasks/debugging/debug-005/environment/data/slow_search.py /tmp/clawbench_workspace/slow_search.py
[19:02:10]   [container] cp: cannot stat '/app/claw-bench/tasks/debugging/debug-005/environment/data/slow_search.py': No such file or directory
[19:02:10]   [container] 
[19:02:10]   [container] [setup] 工作空间文件: ['instruction.md']
[19:02:10]   [container] DONE
[19:02:10]   [container-err] Plan generation returned empty (attempt 1/3)
[19:02:10]   [container-err] Plan generation returned empty (attempt 2/3)
[19:02:10]   [container-err] Plan generation returned empty (attempt 3/3)
[19:02:10]   [container-err] Plan generation failed after 3 attempts, returning empty plan
[19:02:10]   [container-err] Retry exhausted for read_file: Error: File not found: /tmp/clawbench_workspace/slow_search.py
[19:02:10] [clawbench_debug-005_qwen3.6-27b_20260520_110007] Agent finished in 119.77s, returncode=0
[19:02:10] [clawbench_debug-005_qwen3.6-27b_20260520_110007] Agent result: passed=True, score=1.0000
[19:02:11] [debug-005] Result saved to /Volumes/F/work/ClawEvalkit-private-emnlp/outputs/harness/control/clawbench-official/qwen3.6-27b/debug-005.json
[19:02:13] [clawbench_doc-002_qwen3.6-27b_20260520_110211] Container started
[19:02:13] [doc-002] Harness detected, timeout adjusted: 120 → 300
[19:03:31]   [container] [setup] 运行 setup.sh: /app/claw-bench/tasks/document-editing/doc-001-text-formatting/environment/setup.sh
[19:03:31]   [container] [setup] setup.sh 成功
[19:03:31]   [container] [setup] 工作空间文件: ['document.txt', 'instruction.md', 'rules.json']
[19:03:31]   [container] DONE
[19:03:31]   [container-err] Plan generation returned empty (attempt 1/3)
[19:03:31]   [container-err] Plan generation returned empty (attempt 2/3)
[19:03:31]   [container-err] Plan generation returned empty (attempt 3/3)
[19:03:31]   [container-err] Plan generation failed after 3 attempts, returning empty plan
[19:03:31] [clawbench_doc-001_qwen3.6-27b_20260520_110131] Agent finished in 117.28s, returncode=0
[19:03:31] [clawbench_doc-001_qwen3.6-27b_20260520_110131] Agent result: passed=False, score=0.9000
[19:03:31] [doc-001] Result saved to /Volumes/F/work/ClawEvalkit-private-emnlp/outputs/harness/control/clawbench-official/qwen3.6-27b/doc-001.json
[19:03:33] [clawbench_doc-003_qwen3.6-27b_20260520_110331] Container started
[19:03:33] [doc-003] Harness detected, timeout adjusted: 120 → 300
[19:03:58]   [container] [setup] 运行 setup.sh: /app/claw-bench/tasks/document-editing/doc-002-markdown-to-html/environment/setup.sh
[19:03:58]   [container] [setup] setup.sh 成功
[19:03:58]   [container] [setup] 工作空间文件: ['document.md', 'instruction.md']
[19:03:58]   [container] DONE
[19:03:58]   [container-err] Plan generation returned empty (attempt 1/3)
[19:03:58]   [container-err] Plan generation returned empty (attempt 2/3)
[19:03:58]   [container-err] Plan generation returned empty (attempt 3/3)
[19:03:58]   [container-err] Plan generation failed after 3 attempts, returning empty plan
[19:03:58] [clawbench_doc-002_qwen3.6-27b_20260520_110211] Agent finished in 104.62s, returncode=0
[19:03:58] [clawbench_doc-002_qwen3.6-27b_20260520_110211] Agent result: passed=True, score=1.0000
[19:03:58] [doc-002] Result saved to /Volumes/F/work/ClawEvalkit-private-emnlp/outputs/harness/control/clawbench-official/qwen3.6-27b/doc-002.json
[19:04:01] [clawbench_doc-004_qwen3.6-27b_20260520_110358] Container started
[19:04:01] [doc-004] Harness detected, timeout adjusted: 180 → 360
[19:04:30]   [container] [setup] 运行 setup.sh: /app/claw-bench/tasks/document-editing/doc-003-extract-toc/environment/setup.sh
[19:04:30]   [container] [setup] setup.sh 成功
[19:04:30]   [container] [setup] 工作空间文件: ['document.md', 'instruction.md']
[19:04:30]   [container] DONE
[19:04:30] [clawbench_doc-003_qwen3.6-27b_20260520_110331] Agent finished in 56.89s, returncode=0
[19:04:30] [clawbench_doc-003_qwen3.6-27b_20260520_110331] Agent result: passed=True, score=1.0000
[19:04:31] [doc-003] Result saved to /Volumes/F/work/ClawEvalkit-private-emnlp/outputs/harness/control/clawbench-official/qwen3.6-27b/doc-003.json
[19:04:34] [clawbench_doc-005_qwen3.6-27b_20260520_110431] Container started
[19:04:34] [doc-005] Harness detected, timeout adjusted: 180 → 360
[19:04:48]   [container] [setup] 运行 setup.sh: /app/claw-bench/tasks/document-editing/doc-004-find-replace/environment/setup.sh
[19:04:48]   [container] [setup] setup.sh 成功
[19:04:48]   [container] [setup] 工作空间文件: ['replacements.json', 'document.txt', 'instruction.md']
[19:04:48]   [container] DONE
[19:04:48] [clawbench_doc-004_qwen3.6-27b_20260520_110358] Agent finished in 46.76s, returncode=0
[19:04:48] [clawbench_doc-004_qwen3.6-27b_20260520_110358] Agent result: passed=False, score=0.9444
[19:04:48] [doc-004] Result saved to /Volumes/F/work/ClawEvalkit-private-emnlp/outputs/harness/control/clawbench-official/qwen3.6-27b/doc-004.json
[19:04:50] [clawbench_doc-006_qwen3.6-27b_20260520_110448] Container started
[19:04:50] [doc-006] Harness detected, timeout adjusted: 180 → 360
[19:06:53]   [container] [setup] 运行 setup.sh: /app/claw-bench/tasks/document-editing/doc-006-template-rendering/environment/setup.sh
[19:06:53]   [container] [setup] setup.sh 成功
[19:06:53]   [container] [setup] 工作空间文件: ['template.md', 'instruction.md', 'data.json']
[19:06:53]   [container] DONE
[19:06:53]   [container-err] Plan generation returned empty (attempt 1/3)
[19:06:53]   [container-err] Plan generation returned empty (attempt 2/3)
[19:06:53] [clawbench_doc-006_qwen3.6-27b_20260520_110448] Agent finished in 122.50s, returncode=0
[19:06:53] [clawbench_doc-006_qwen3.6-27b_20260520_110448] Agent result: passed=True, score=1.0000
[19:06:53] [doc-006] Result saved to /Volumes/F/work/ClawEvalkit-private-emnlp/outputs/harness/control/clawbench-official/qwen3.6-27b/doc-006.json
[19:06:56] [clawbench_doc-007_qwen3.6-27b_20260520_110653] Container started
[19:06:56] [doc-007] Harness detected, timeout adjusted: 240 → 420
[19:07:38]   [container] [setup] 运行 setup.sh: /app/claw-bench/tasks/document-editing/doc-005-document-comparison/environment/setup.sh
[19:07:38]   [container] [setup] setup.sh 成功
[19:07:38]   [container] [setup] 工作空间文件: ['instruction.md', 'v1.txt', 'v2.txt']
[19:07:38]   [container] DONE
[19:07:38]   [container-err] Plan generation returned empty (attempt 1/3)
[19:07:38]   [container-err] Plan generation returned empty (attempt 2/3)
[19:07:38]   [container-err] Plan generation returned empty (attempt 3/3)
[19:07:38]   [container-err] Plan generation failed after 3 attempts, returning empty plan
[19:07:38] [clawbench_doc-005_qwen3.6-27b_20260520_110431] Agent finished in 183.56s, returncode=0
[19:07:38] [clawbench_doc-005_qwen3.6-27b_20260520_110431] Agent result: passed=True, score=1.0000
[19:07:38] [doc-005] Result saved to /Volumes/F/work/ClawEvalkit-private-emnlp/outputs/harness/control/clawbench-official/qwen3.6-27b/doc-005.json
[19:07:41] [clawbench_doc-008_qwen3.6-27b_20260520_110738] Container started
[19:07:41] [doc-008] Harness detected, timeout adjusted: 300 → 480
[19:09:17]   [container] [setup] 运行 setup.sh: /app/claw-bench/tasks/document-editing/doc-007-multi-doc-merge/environment/setup.sh
[19:09:17]   [container] [setup] setup.sh 成功
[19:09:17]   [container] [setup] 工作空间文件: ['instruction.md']
[19:09:17]   [container] DONE
[19:09:17]   [container-err] Plan generation returned empty (attempt 1/3)
[19:09:17]   [container-err] Plan generation returned empty (attempt 2/3)
[19:09:17] [clawbench_doc-007_qwen3.6-27b_20260520_110653] Agent finished in 140.85s, returncode=0
[19:09:17] [clawbench_doc-007_qwen3.6-27b_20260520_110653] Agent result: passed=True, score=1.0000
[19:09:18] [doc-007] Result saved to /Volumes/F/work/ClawEvalkit-private-emnlp/outputs/harness/control/clawbench-official/qwen3.6-27b/doc-007.json
[19:09:18]   [container] [setup] 运行 setup.sh: /app/claw-bench/tasks/document-editing/doc-008-document-restructuring/environment/setup.sh
[19:09:18]   [container] [setup] setup.sh 成功
[19:09:18]   [container] [setup] 工作空间文件: ['messy_doc.md', 'instruction.md', 'outline.json']
[19:09:18]   [container] DONE
[19:09:18]   [container-err] Plan generation returned empty (attempt 1/3)
[19:09:18]   [container-err] Plan generation returned empty (attempt 2/3)
[19:09:18]   [container-err] Plan generation returned empty (attempt 3/3)
[19:09:18]   [container-err] Plan generation failed after 3 attempts, returning empty plan
[19:09:18] [clawbench_doc-008_qwen3.6-27b_20260520_110738] Agent finished in 96.57s, returncode=0
[19:09:18] [clawbench_doc-008_qwen3.6-27b_20260520_110738] Agent result: passed=False, score=0.9583
[19:09:19] [doc-008] Result saved to /Volumes/F/work/ClawEvalkit-private-emnlp/outputs/harness/control/clawbench-official/qwen3.6-27b/doc-008.json
[19:09:21] [clawbench_doc-009_qwen3.6-27b_20260520_110918] Container started
[19:09:21] [doc-009] Harness detected, timeout adjusted: 180 → 360
[19:09:21] [clawbench_doc-010_qwen3.6-27b_20260520_110919] Container started
[19:09:21] [doc-010] Harness detected, timeout adjusted: 240 → 420
[19:11:38]   [container] [setup] 运行 setup.sh: /app/claw-bench/tasks/document-editing/doc-009-markdown-table-formatter/environment/setup.sh
[19:11:38]   [container] [setup] setup.sh 成功
[19:11:38]   [container] [setup] 工作空间文件: ['input.md', 'instruction.md']
[19:11:38]   [container] DONE
[19:11:38]   [container-err] Plan generation returned empty (attempt 1/3)
[19:11:38]   [container-err] Plan generation returned empty (attempt 2/3)
[19:11:38]   [container-err] Plan generation returned empty (attempt 3/3)
[19:11:38]   [container-err] Plan generation failed after 3 attempts, returning empty plan
[19:11:38] [clawbench_doc-009_qwen3.6-27b_20260520_110918] Agent finished in 136.52s, returncode=0
[19:11:38] [clawbench_doc-009_qwen3.6-27b_20260520_110918] Agent result: passed=True, score=1.0000
[19:11:38] [doc-009] Result saved to /Volumes/F/work/ClawEvalkit-private-emnlp/outputs/harness/control/clawbench-official/qwen3.6-27b/doc-009.json
[19:11:40] [clawbench_doc-011_qwen3.6-27b_20260520_111138] Container started
[19:11:40] [doc-011] Harness detected, timeout adjusted: 120 → 300
[19:12:46]   [container] [setup] 运行 setup.sh: /app/claw-bench/tasks/document-editing/doc-011-markdown-toc-generator/environment/setup.sh
[19:12:46]   [container] [setup] setup.sh 成功
[19:12:46]   [container] [setup] 工作空间文件: ['document.md', 'instruction.md']
[19:12:46]   [container] DONE
[19:12:46]   [container-err] Plan generation returned empty (attempt 1/3)
[19:12:46]   [container-err] Plan generation returned empty (attempt 2/3)
[19:12:46]   [container-err] Plan generation returned empty (attempt 3/3)
[19:12:46]   [container-err] Plan generation failed after 3 attempts, returning empty plan
[19:12:46] [clawbench_doc-011_qwen3.6-27b_20260520_111138] Agent finished in 65.74s, returncode=0
[19:12:46] [clawbench_doc-011_qwen3.6-27b_20260520_111138] Agent result: passed=True, score=1.0000
[19:12:46] [doc-011] Result saved to /Volumes/F/work/ClawEvalkit-private-emnlp/outputs/harness/control/clawbench-official/qwen3.6-27b/doc-011.json
[19:12:50] [clawbench_doc-012_qwen3.6-27b_20260520_111246] Container started
[19:12:50] [doc-012] Harness detected, timeout adjusted: 120 → 300
[19:13:48]   [container] [setup] 运行 setup.sh: /app/claw-bench/tasks/document-editing/doc-012-text-find-replace/environment/setup.sh
[19:13:48]   [container] [setup] setup.sh 成功
[19:13:48]   [container] [setup] 工作空间文件: ['replacements.json', 'document.txt', 'instruction.md']
[19:13:48]   [container] DONE
[19:13:48]   [container-err] Plan generation returned empty (attempt 1/3)
[19:13:48]   [container-err] Plan generation returned empty (attempt 2/3)
[19:13:48]   [container-err] Plan generation returned empty (attempt 3/3)
[19:13:48]   [container-err] Plan generation failed after 3 attempts, returning empty plan
[19:13:48] [clawbench_doc-012_qwen3.6-27b_20260520_111246] Agent finished in 57.98s, returncode=0
[19:13:48] [clawbench_doc-012_qwen3.6-27b_20260520_111246] Agent result: passed=True, score=1.0000
[19:13:49] [doc-012] Result saved to /Volumes/F/work/ClawEvalkit-private-emnlp/outputs/harness/control/clawbench-official/qwen3.6-27b/doc-012.json
[19:13:52] [clawbench_doc-013_qwen3.6-27b_20260520_111349] Container started
[19:13:52] [doc-013] Harness detected, timeout adjusted: 120 → 300
[19:15:41]   [container] [setup] 运行 setup.sh: /app/claw-bench/tasks/document-editing/doc-013-csv-report-formatter/environment/setup.sh
[19:15:41]   [container] [setup] setup.sh 成功
[19:15:41]   [container] [setup] 工作空间文件: ['data.csv', 'instruction.md']
[19:15:41]   [container] DONE
[19:15:41]   [container-err] Plan generation returned empty (attempt 1/3)
[19:15:41] [clawbench_doc-013_qwen3.6-27b_20260520_111349] Agent finished in 109.25s, returncode=0
[19:15:41] [clawbench_doc-013_qwen3.6-27b_20260520_111349] Agent result: passed=True, score=1.0000
[19:15:41] [doc-013] Result saved to /Volumes/F/work/ClawEvalkit-private-emnlp/outputs/harness/control/clawbench-official/qwen3.6-27b/doc-013.json
[19:15:44] [clawbench_doc-014_qwen3.6-27b_20260520_111541] Container started
[19:15:44] [doc-014] Harness detected, timeout adjusted: 120 → 300
[19:17:00]   [container] [setup] 运行 setup.sh: /app/claw-bench/tasks/document-editing/doc-014-document-merger/environment/setup.sh
[19:17:00]   [container] [setup] setup.sh 成功
[19:17:00]   [container] [setup] 工作空间文件: ['instruction.md', 'part2.txt', 'part3.txt', 'part1.txt', 'part4.txt']
[19:17:00]   [container] DONE
[19:17:00]   [container-err] Plan generation returned empty (attempt 1/3)
[19:17:00] [clawbench_doc-014_qwen3.6-27b_20260520_111541] Agent finished in 75.66s, returncode=0
[19:17:00] [clawbench_doc-014_qwen3.6-27b_20260520_111541] Agent result: passed=True, score=1.0000
[19:17:01] [doc-014] Result saved to /Volumes/F/work/ClawEvalkit-private-emnlp/outputs/harness/control/clawbench-official/qwen3.6-27b/doc-014.json
[19:17:04] [clawbench_doc-015_qwen3.6-27b_20260520_111701] Container started
[19:17:04] [doc-015] Harness detected, timeout adjusted: 120 → 300
[19:17:23] [doc-010] Result saved to /Volumes/F/work/ClawEvalkit-private-emnlp/outputs/harness/control/clawbench-official/qwen3.6-27b/doc-010.json
[19:17:26] [clawbench_doc-016_qwen3.6-27b_20260520_111723] Container started
[19:17:26] [doc-016] Harness detected, timeout adjusted: 180 → 360
[19:18:26]   [container] [setup] 运行 setup.sh: /app/claw-bench/tasks/document-editing/doc-016-meeting-minutes/environment/setup.sh
[19:18:26]   [container] [setup] setup.sh 成功
[19:18:26]   [container] [setup] 工作空间文件: ['instruction.md', 'raw_notes.txt']
[19:18:26]   [container] DONE
[19:18:26] [clawbench_doc-016_qwen3.6-27b_20260520_111723] Agent finished in 60.07s, returncode=0
[19:18:26] [clawbench_doc-016_qwen3.6-27b_20260520_111723] Agent result: passed=True, score=1.0000
[19:18:26] [doc-016] Result saved to /Volumes/F/work/ClawEvalkit-private-emnlp/outputs/harness/control/clawbench-official/qwen3.6-27b/doc-016.json
[19:18:29] [clawbench_doc-017_qwen3.6-27b_20260520_111826] Container started
[19:18:29] [doc-017] Harness detected, timeout adjusted: 180 → 360
[19:18:59]   [container] [setup] 运行 setup.sh: /app/claw-bench/tasks/document-editing/doc-015-changelog-generator/environment/setup.sh
[19:18:59]   [container] [setup] setup.sh 失败 (rc=1)
[19:18:59]   [container] [setup] stderr: cp: cannot stat '/app/claw-bench/tasks/document-editing/doc-015-changelog-generator/environment/data/commits.jsonl': No such file or directory
[19:18:59]   [container] 
[19:18:59]   [container] [setup] 重试 (bash -x) ...
[19:18:59]   [container] [setup] 重试也失败 (rc=1)
[19:18:59]   [container] [setup] stderr: + set -euo pipefail
[19:18:59]   [container] +++ dirname /app/claw-bench/tasks/document-editing/doc-015-changelog-generator/environment/setup.sh
[19:18:59]   [container] ++ cd /app/claw-bench/tasks/document-editing/doc-015-changelog-generator/environment/..
[19:18:59]   [container] ++ pwd
[19:18:59]   [container] + TASK_DIR=/app/claw-bench/tasks/document-editing/doc-015-changelog-generator
[19:18:59]   [container] + WORKSPACE=/tmp/clawbench_workspace
[19:18:59]   [container] + mkdir -p /tmp/clawbench_workspace
[19:18:59]   [container] + cp /app/claw-bench/tasks/document-editing/doc-015-changelog-generator/environment/data/commits.jsonl /tmp/clawbench_workspace/commits.jsonl
[19:18:59]   [container] cp: cannot stat '/app/claw-bench/tasks/document-editing/doc-015-changelog-generator/environment/data/commits.jsonl': No such file or directory
[19:18:59]   [container] 
[19:18:59]   [container] [setup] 工作空间文件: ['instruction.md']
[19:18:59]   [container] DONE
[19:18:59]   [container-err] Plan generation returned empty (attempt 1/3)
[19:18:59]   [container-err] Plan generation returned empty (attempt 2/3)
[19:18:59]   [container-err] Plan generation returned empty (attempt 3/3)
[19:18:59]   [container-err] Plan generation failed after 3 attempts, returning empty plan
[19:18:59]   [container-err] Retry exhausted for read_file: Error: File not found: /tmp/clawbench_workspace/commits.jsonl
[19:18:59] [clawbench_doc-015_qwen3.6-27b_20260520_111701] Agent finished in 114.86s, returncode=0
[19:18:59] [clawbench_doc-015_qwen3.6-27b_20260520_111701] Agent result: passed=False, score=0.6000
[19:18:59] [doc-015] Result saved to /Volumes/F/work/ClawEvalkit-private-emnlp/outputs/harness/control/clawbench-official/qwen3.6-27b/doc-015.json
[19:19:01] [clawbench_doc-018_qwen3.6-27b_20260520_111859] Container started
[19:19:01] [doc-018] Harness detected, timeout adjusted: 180 → 360
[19:19:52]   [container] [setup] 运行 setup.sh: /app/claw-bench/tasks/document-editing/doc-017-weekly-status-report/environment/setup.sh
[19:19:52]   [container] [setup] setup.sh 成功
[19:19:52]   [container] [setup] 工作空间文件: ['wednesday.txt', 'friday.txt', 'instruction.md', 'monday.txt', 'tuesday.txt', 'thursday.txt']
[19:19:52]   [container] DONE
[19:19:52]   [container-err] Plan generation returned empty (attempt 1/3)
[19:19:52]   [container-err] Plan generation returned empty (attempt 2/3)
[19:19:52]   [container-err] Plan generation returned empty (attempt 3/3)
[19:19:52]   [container-err] Plan generation failed after 3 attempts, returning empty plan
[19:19:52] [clawbench_doc-017_qwen3.6-27b_20260520_111826] Agent finished in 83.49s, returncode=0
[19:19:52] [clawbench_doc-017_qwen3.6-27b_20260520_111826] Agent result: passed=True, score=1.0000
[19:19:53] [doc-017] Result saved to /Volumes/F/work/ClawEvalkit-private-emnlp/outputs/harness/control/clawbench-official/qwen3.6-27b/doc-017.json
[19:19:55] [clawbench_edu-001-rubric-grading_qwen3.6-27b_20260520_111953] Container started
[19:19:55] [edu-001-rubric-grading] Harness detected, timeout adjusted: 3600 → 3780
[19:20:38]   [container] [setup] 运行 setup.sh: /app/claw-bench/tasks/document-editing/doc-018-invoice-generator/environment/setup.sh
[19:20:38]   [container] [setup] setup.sh 成功
[19:20:38]   [container] [setup] 工作空间文件: ['instruction.md', 'order.json']
[19:20:38]   [container] DONE
[19:20:38]   [container-err] Plan generation returned empty (attempt 1/3)
[19:20:38]   [container-err] Plan generation returned empty (attempt 2/3)
[19:20:38]   [container-err] Plan generation returned empty (attempt 3/3)
[19:20:38]   [container-err] Plan generation failed after 3 attempts, returning empty plan
[19:20:38] [clawbench_doc-018_qwen3.6-27b_20260520_111859] Agent finished in 97.03s, returncode=0
[19:20:38] [clawbench_doc-018_qwen3.6-27b_20260520_111859] Agent result: passed=True, score=1.0000
[19:20:39] [doc-018] Result saved to /Volumes/F/work/ClawEvalkit-private-emnlp/outputs/harness/control/clawbench-official/qwen3.6-27b/doc-018.json
[19:20:42] [clawbench_edu-002-item-analysis_qwen3.6-27b_20260520_112039] Container started
[19:20:42] [edu-002-item-analysis] Harness detected, timeout adjusted: 3600 → 3780
[19:22:28]   [container] [setup] 运行 setup.sh: /app/claw-bench/tasks/educational-assessment/edu-001-rubric-grading/environment/setup.sh
[19:22:28]   [container] [setup] setup.sh 成功
[19:22:28]   [container] [setup] 工作空间文件: ['rubric.csv', 'instruction.md', 'english_words.txt']
[19:22:28]   [container] DONE
[19:22:28]   [container-err] Plan generation returned empty (attempt 1/3)
[19:22:28]   [container-err] Plan generation returned empty (attempt 2/3)
[19:22:28] [clawbench_edu-001-rubric-grading_qwen3.6-27b_20260520_111953] Agent finished in 152.18s, returncode=0
[19:22:28] [clawbench_edu-001-rubric-grading_qwen3.6-27b_20260520_111953] Agent result: passed=False, score=0.8000
[19:22:28] [edu-001-rubric-grading] Result saved to /Volumes/F/work/ClawEvalkit-private-emnlp/outputs/harness/control/clawbench-official/qwen3.6-27b/edu-001-rubric-grading.json
[19:22:31] [clawbench_edu-003-learning-path_qwen3.6-27b_20260520_112228] Container started
[19:22:31] [edu-003-learning-path] Harness detected, timeout adjusted: 3600 → 3780
[19:23:02]   [container] [setup] 运行 setup.sh: /app/claw-bench/tasks/educational-assessment/edu-002-item-analysis/environment/setup.sh
[19:23:02]   [container] [setup] setup.sh 成功
[19:23:02]   [container] [setup] 工作空间文件: ['instruction.md', 'exam_responses.csv']
[19:23:02]   [container] DONE
[19:23:02]   [container-err] Plan generation returned empty (attempt 1/3)
[19:23:02]   [container-err] Plan generation returned empty (attempt 2/3)
[19:23:02]   [container-err] Plan generation returned empty (attempt 3/3)
[19:23:02]   [container-err] Plan generation failed after 3 attempts, returning empty plan
[19:23:02] [clawbench_edu-002-item-analysis_qwen3.6-27b_20260520_112039] Agent finished in 139.78s, returncode=0
[19:23:02] [clawbench_edu-002-item-analysis_qwen3.6-27b_20260520_112039] Agent result: passed=False, score=0.6667
[19:23:03] [edu-002-item-analysis] Result saved to /Volumes/F/work/ClawEvalkit-private-emnlp/outputs/harness/control/clawbench-official/qwen3.6-27b/edu-002-item-analysis.json
[19:23:05] [clawbench_edu-004-curriculum-mapping_qwen3.6-27b_20260520_112303] Container started
[19:23:05] [edu-004-curriculum-mapping] Harness detected, timeout adjusted: 3600 → 3780
[19:24:19]   [container] [setup] 运行 setup.sh: /app/claw-bench/tasks/educational-assessment/edu-003-learning-path/environment/setup.sh
[19:24:19]   [container] [setup] setup.sh 成功
[19:24:19]   [container] [setup] 工作空间文件: ['student_performance.csv', 'instruction.md', 'prerequisites.json']
[19:24:19]   [container] DONE
[19:24:19]   [container-err] Plan generation returned empty (attempt 1/3)
[19:24:19]   [container-err] Plan generation returned empty (attempt 2/3)
[19:24:19]   [container-err] Plan generation returned empty (attempt 3/3)
[19:24:19]   [container-err] Plan generation failed after 3 attempts, returning empty plan
[19:24:19] [clawbench_edu-003-learning-path_qwen3.6-27b_20260520_112228] Agent finished in 107.99s, returncode=0
[19:24:19] [clawbench_edu-003-learning-path_qwen3.6-27b_20260520_112228] Agent result: passed=True, score=1.0000
[19:24:19] [edu-003-learning-path] Result saved to /Volumes/F/work/ClawEvalkit-private-emnlp/outputs/harness/control/clawbench-official/qwen3.6-27b/edu-003-learning-path.json
[19:24:23] [clawbench_edu-005-assessment-generation_qwen3.6-27b_20260520_112419] Container started
[19:24:23] [edu-005-assessment-generation] Harness detected, timeout adjusted: 3600 → 3780
[19:28:32]   [container] [setup] 运行 setup.sh: /app/claw-bench/tasks/educational-assessment/edu-005-assessment-generation/environment/setup.sh
[19:28:32]   [container] [setup] setup.sh 成功
[19:28:32]   [container] [setup] 工作空间文件: ['instruction.md', 'learning_objectives.csv', 'content_outline.json']
[19:28:32]   [container] DONE
[19:28:32]   [container-err] Plan generation returned empty (attempt 1/3)
[19:28:32]   [container-err] Plan generation returned empty (attempt 2/3)
[19:28:32]   [container-err] Plan generation returned empty (attempt 3/3)
[19:28:32]   [container-err] Plan generation failed after 3 attempts, returning empty plan
[19:28:32] [clawbench_edu-005-assessment-generation_qwen3.6-27b_20260520_112419] Agent finished in 248.87s, returncode=0
[19:28:32] [clawbench_edu-005-assessment-generation_qwen3.6-27b_20260520_112419] Agent result: passed=True, score=1.0000
[19:28:33] [edu-005-assessment-generation] Result saved to /Volumes/F/work/ClawEvalkit-private-emnlp/outputs/harness/control/clawbench-official/qwen3.6-27b/edu-005-assessment-generation.json
[19:28:37] [clawbench_eml-001_qwen3.6-27b_20260520_112833] Container started
[19:28:37] [eml-001] Harness detected, timeout adjusted: 120 → 300
[19:29:38]   [container] [setup] 运行 setup.sh: /app/claw-bench/tasks/email/eml-001-parse-email-headers/environment/setup.sh
[19:29:38]   [container] [setup] setup.sh 成功
[19:29:38]   [container] [setup] 工作空间文件: ['email.txt', 'instruction.md']
[19:29:38]   [container] DONE
[19:29:38]   [container-err] Plan generation returned empty (attempt 1/3)
[19:29:38]   [container-err] Plan generation returned empty (attempt 2/3)
[19:29:38]   [container-err] Plan generation returned empty (attempt 3/3)
[19:29:38]   [container-err] Plan generation failed after 3 attempts, returning empty plan
[19:29:38] [clawbench_eml-001_qwen3.6-27b_20260520_112833] Agent finished in 61.06s, returncode=0
[19:29:38] [clawbench_eml-001_qwen3.6-27b_20260520_112833] Agent result: passed=True, score=1.0000
[19:29:39] [eml-001] Result saved to /Volumes/F/work/ClawEvalkit-private-emnlp/outputs/harness/control/clawbench-official/qwen3.6-27b/eml-001.json
[19:29:41] [clawbench_eml-002_qwen3.6-27b_20260520_112939] Container started
[19:29:41] [eml-002] Harness detected, timeout adjusted: 120 → 300
[19:30:53]   [container] [setup] 运行 setup.sh: /app/claw-bench/tasks/email/eml-002-compose-from-template/environment/setup.sh
[19:30:53]   [container] [setup] setup.sh 成功
[19:30:53]   [container] [setup] 工作空间文件: ['instruction.md', 'template.txt', 'contacts.json']
[19:30:53]   [container] DONE
[19:30:53] [clawbench_eml-002_qwen3.6-27b_20260520_112939] Agent finished in 71.96s, returncode=0
[19:30:53] [clawbench_eml-002_qwen3.6-27b_20260520_112939] Agent result: passed=False, score=0.8571
[19:30:54] [eml-002] Result saved to /Volumes/F/work/ClawEvalkit-private-emnlp/outputs/harness/control/clawbench-official/qwen3.6-27b/eml-002.json
[19:30:56] [clawbench_eml-003_qwen3.6-27b_20260520_113054] Container started
[19:30:56] [eml-003] Harness detected, timeout adjusted: 120 → 300
[19:32:07]   [container] [setup] 运行 setup.sh: /app/claw-bench/tasks/email/eml-003-count-by-sender/environment/setup.sh
[19:32:07]   [container] [setup] setup.sh 成功
[19:32:07]   [container] [setup] 工作空间文件: ['inbox.json', 'instruction.md']
[19:32:07]   [container] DONE
[19:32:07]   [container-err] Plan generation returned empty (attempt 1/3)
[19:32:07]   [container-err] Plan generation returned empty (attempt 2/3)
[19:32:07]   [container-err] Plan generation returned empty (attempt 3/3)
[19:32:07]   [container-err] Plan generation failed after 3 attempts, returning empty plan
[19:32:07] [clawbench_eml-003_qwen3.6-27b_20260520_113054] Agent finished in 70.85s, returncode=0
[19:32:07] [clawbench_eml-003_qwen3.6-27b_20260520_113054] Agent result: passed=True, score=1.0000
[19:32:08] [eml-003] Result saved to /Volumes/F/work/ClawEvalkit-private-emnlp/outputs/harness/control/clawbench-official/qwen3.6-27b/eml-003.json
[19:32:10] [clawbench_eml-004_qwen3.6-27b_20260520_113208] Container started
[19:32:10] [eml-004] Harness detected, timeout adjusted: 180 → 360
[19:33:22]   [container] [setup] 运行 setup.sh: /app/claw-bench/tasks/email/eml-004-classify-emails/environment/setup.sh
[19:33:22]   [container] [setup] setup.sh 成功
[19:33:22]   [container] [setup] 工作空间文件: ['instruction.md', 'emails.json']
[19:33:22]   [container] DONE
[19:33:22]   [container-err] Plan generation returned empty (attempt 1/3)
[19:33:22]   [container-err] Plan generation returned empty (attempt 2/3)
[19:33:22]   [container-err] Plan generation returned empty (attempt 3/3)
[19:33:22]   [container-err] Plan generation failed after 3 attempts, returning empty plan
[19:33:22] [clawbench_eml-004_qwen3.6-27b_20260520_113208] Agent finished in 71.94s, returncode=0
[19:33:22] [clawbench_eml-004_qwen3.6-27b_20260520_113208] Agent result: passed=True, score=1.0000
[19:33:22] [eml-004] Result saved to /Volumes/F/work/ClawEvalkit-private-emnlp/outputs/harness/control/clawbench-official/qwen3.6-27b/eml-004.json
[19:33:24] [clawbench_eml-005_qwen3.6-27b_20260520_113322] Container started
[19:33:24] [eml-005] Harness detected, timeout adjusted: 180 → 360
[19:34:56]   [container] [setup] 运行 setup.sh: /app/claw-bench/tasks/email/eml-005-extract-action-items/environment/setup.sh
[19:34:56]   [container] [setup] setup.sh 成功
[19:34:56]   [container] [setup] 工作空间文件: ['email_thread.json', 'instruction.md']
[19:34:56]   [container] DONE
[19:34:56]   [container-err] Plan generation returned empty (attempt 1/3)
[19:34:56]   [container-err] Plan generation returned empty (attempt 2/3)
[19:34:56]   [container-err] Plan generation returned empty (attempt 3/3)
[19:34:56]   [container-err] Plan generation failed after 3 attempts, returning empty plan
[19:34:56] [clawbench_eml-005_qwen3.6-27b_20260520_113322] Agent finished in 91.42s, returncode=0
[19:34:56] [clawbench_eml-005_qwen3.6-27b_20260520_113322] Agent result: passed=True, score=1.0000
[19:34:57] [eml-005] Result saved to /Volumes/F/work/ClawEvalkit-private-emnlp/outputs/harness/control/clawbench-official/qwen3.6-27b/eml-005.json
[19:35:00] [clawbench_eml-006_qwen3.6-27b_20260520_113457] Container started
[19:35:00] [eml-006] Harness detected, timeout adjusted: 180 → 360
[19:35:28]   [container] [setup] 运行 setup.sh: /app/claw-bench/tasks/educational-assessment/edu-004-curriculum-mapping/environment/setup.sh
[19:35:28]   [container] [setup] setup.sh 成功
[19:35:28]   [container] [setup] 工作空间文件: ['standards.csv', 'course_objectives.csv', 'instruction.md']
[19:35:28]   [container] DONE
[19:35:28]   [container-err] Plan generation returned empty (attempt 1/3)
[19:35:28] [clawbench_edu-004-curriculum-mapping_qwen3.6-27b_20260520_112303] Agent finished in 742.22s, returncode=0
[19:35:28] [clawbench_edu-004-curriculum-mapping_qwen3.6-27b_20260520_112303] Agent result: passed=False, score=0.7500
[19:35:28] [edu-004-curriculum-mapping] Result saved to /Volumes/F/work/ClawEvalkit-private-emnlp/outputs/harness/control/clawbench-official/qwen3.6-27b/edu-004-curriculum-mapping.json
[19:35:32] [clawbench_eml-007_qwen3.6-27b_20260520_113528] Container started
[19:35:32] [eml-007] Harness detected, timeout adjusted: 180 → 360
[19:36:41]   [container] [setup] 运行 setup.sh: /app/claw-bench/tasks/email/eml-006-generate-summary/environment/setup.sh
[19:36:41]   [container] [setup] setup.sh 成功
[19:36:41]   [container] [setup] 工作空间文件: ['long_email.txt', 'instruction.md']
[19:36:41]   [container] DONE
[19:36:41]   [container-err] Plan generation returned empty (attempt 1/3)
[19:36:41]   [container-err] Plan generation returned empty (attempt 2/3)
[19:36:41]   [container-err] Plan generation returned empty (attempt 3/3)
[19:36:41]   [container-err] Plan generation failed after 3 attempts, returning empty plan
[19:36:41] [clawbench_eml-006_qwen3.6-27b_20260520_113457] Agent finished in 101.52s, returncode=0
[19:36:41] [clawbench_eml-006_qwen3.6-27b_20260520_113457] Agent result: passed=True, score=1.0000
[19:36:42] [eml-006] Result saved to /Volumes/F/work/ClawEvalkit-private-emnlp/outputs/harness/control/clawbench-official/qwen3.6-27b/eml-006.json
[19:36:44] [clawbench_eml-008_qwen3.6-27b_20260520_113642] Container started
[19:36:44] [eml-008] Harness detected, timeout adjusted: 180 → 360
[19:37:47]   [container] [setup] 运行 setup.sh: /app/claw-bench/tasks/email/eml-007-filter-sort-inbox/environment/setup.sh
[19:37:47]   [container] [setup] setup.sh 成功
[19:37:47]   [container] [setup] 工作空间文件: ['inbox.json', 'instruction.md']
[19:37:47]   [container] DONE
[19:37:47]   [container-err] Plan generation returned empty (attempt 1/3)
[19:37:47]   [container-err] Plan generation returned empty (attempt 2/3)
[19:37:47]   [container-err] Plan generation returned empty (attempt 3/3)
[19:37:47]   [container-err] Plan generation failed after 3 attempts, returning empty plan
[19:37:47] [clawbench_eml-007_qwen3.6-27b_20260520_113528] Agent finished in 135.51s, returncode=0
[19:37:48] [clawbench_eml-007_qwen3.6-27b_20260520_113528] Agent result: passed=True, score=1.0000
[19:37:48] [eml-007] Result saved to /Volumes/F/work/ClawEvalkit-private-emnlp/outputs/harness/control/clawbench-official/qwen3.6-27b/eml-007.json
[19:37:51] [clawbench_eml-009_qwen3.6-27b_20260520_113748] Container started
[19:37:51] [eml-009] Harness detected, timeout adjusted: 300 → 480
[19:39:18]   [container] [setup] 运行 setup.sh: /app/claw-bench/tasks/email/eml-008-attachment-inventory/environment/setup.sh
[19:39:18]   [container] [setup] setup.sh 成功
[19:39:18]   [container] [setup] 工作空间文件: ['instruction.md']
[19:39:18]   [container] DONE
[19:39:18]   [container-err] Plan generation returned empty (attempt 1/3)
[19:39:18]   [container-err] Plan generation returned empty (attempt 2/3)
[19:39:18]   [container-err] Plan generation returned empty (attempt 3/3)
[19:39:18]   [container-err] Plan generation failed after 3 attempts, returning empty plan
[19:39:18] [clawbench_eml-008_qwen3.6-27b_20260520_113642] Agent finished in 153.72s, returncode=0
[19:39:18] [clawbench_eml-008_qwen3.6-27b_20260520_113642] Agent result: passed=True, score=1.0000
[19:39:19] [eml-008] Result saved to /Volumes/F/work/ClawEvalkit-private-emnlp/outputs/harness/control/clawbench-official/qwen3.6-27b/eml-008.json
[19:39:22] [clawbench_eml-010_qwen3.6-27b_20260520_113919] Container started
[19:39:22] [eml-010] Harness detected, timeout adjusted: 300 → 480
[19:39:50]   [container] [setup] 运行 setup.sh: /app/claw-bench/tasks/email/eml-009-thread-reconstruction/environment/setup.sh
[19:39:50]   [container] [setup] setup.sh 成功
[19:39:50]   [container] [setup] 工作空间文件: ['flat_emails.json', 'instruction.md']
[19:39:50]   [container] DONE
[19:39:50]   [container-err] Plan generation returned empty (attempt 1/3)
[19:39:50]   [container-err] Plan generation returned empty (attempt 2/3)
[19:39:50] [clawbench_eml-009_qwen3.6-27b_20260520_113748] Agent finished in 119.34s, returncode=0
[19:39:50] [clawbench_eml-009_qwen3.6-27b_20260520_113748] Agent result: passed=False, score=0.9412
[19:39:51] [eml-009] Result saved to /Volumes/F/work/ClawEvalkit-private-emnlp/outputs/harness/control/clawbench-official/qwen3.6-27b/eml-009.json
[19:39:53] [clawbench_eml-011_qwen3.6-27b_20260520_113951] Container started
[19:39:53] [eml-011] Harness detected, timeout adjusted: 300 → 480
[19:40:39]   [container] [setup] 运行 setup.sh: /app/claw-bench/tasks/email/eml-010-auto-reply-generator/environment/setup.sh
[19:40:39]   [container] [setup] setup.sh 成功
[19:40:39]   [container] [setup] 工作空间文件: ['incoming.json', 'instruction.md', 'rules.json']
[19:40:39]   [container] DONE
[19:40:39]   [container-err] Plan generation returned empty (attempt 1/3)
[19:40:39]   [container-err] Plan generation returned empty (attempt 2/3)
[19:40:39]   [container-err] Plan generation returned empty (attempt 3/3)
[19:40:39]   [container-err] Plan generation failed after 3 attempts, returning empty plan
[19:40:39] [clawbench_eml-010_qwen3.6-27b_20260520_113919] Agent finished in 76.73s, returncode=0
[19:40:39] [clawbench_eml-010_qwen3.6-27b_20260520_113919] Agent result: passed=False, score=0.9375
[19:40:40] [eml-010] Result saved to /Volumes/F/work/ClawEvalkit-private-emnlp/outputs/harness/control/clawbench-official/qwen3.6-27b/eml-010.json
[19:40:43] [clawbench_eml-012_qwen3.6-27b_20260520_114040] Container started
[19:40:43] [eml-012] Harness detected, timeout adjusted: 600 → 780
[19:40:52]   [container] [setup] 运行 setup.sh: /app/claw-bench/tasks/email/eml-011-analytics-dashboard/environment/setup.sh
[19:40:52]   [container] [setup] setup.sh 成功
[19:40:52]   [container] [setup] 工作空间文件: ['email_archive.json', 'instruction.md']
[19:40:52]   [container] DONE
[19:40:52]   [container-err] Plan generation returned empty (attempt 1/3)
[19:40:52]   [container-err] Plan generation returned empty (attempt 2/3)
[19:40:52]   [container-err] Plan generation returned empty (attempt 3/3)
[19:40:52]   [container-err] Plan generation failed after 3 attempts, returning empty plan
[19:40:52] [clawbench_eml-011_qwen3.6-27b_20260520_113951] Agent finished in 58.73s, returncode=0
[19:40:52] [clawbench_eml-011_qwen3.6-27b_20260520_113951] Agent result: passed=False, score=0.9474
[19:40:52] [eml-011] Result saved to /Volumes/F/work/ClawEvalkit-private-emnlp/outputs/harness/control/clawbench-official/qwen3.6-27b/eml-011.json
[19:40:54] [clawbench_eml-013_qwen3.6-27b_20260520_114052] Container started
[19:40:54] [eml-013] Harness detected, timeout adjusted: 120 → 300
[19:42:14]   [container] [setup] 运行 setup.sh: /app/claw-bench/tasks/email/eml-012-complex-workflow/environment/setup.sh
[19:42:14]   [container] [setup] setup.sh 成功
[19:42:14]   [container] [setup] 工作空间文件: ['instruction.md', 'routing_rules.json', 'incoming_batch.json']
[19:42:14]   [container] DONE
[19:42:14]   [container-err] Plan generation returned empty (attempt 1/3)
[19:42:14]   [container-err] Plan generation returned empty (attempt 2/3)
[19:42:14] [clawbench_eml-012_qwen3.6-27b_20260520_114040] Agent finished in 91.42s, returncode=0
[19:42:15] [clawbench_eml-012_qwen3.6-27b_20260520_114040] Agent result: passed=True, score=1.0000
[19:42:15] [eml-012] Result saved to /Volumes/F/work/ClawEvalkit-private-emnlp/outputs/harness/control/clawbench-official/qwen3.6-27b/eml-012.json
[19:42:17] [clawbench_eml-014_qwen3.6-27b_20260520_114215] Container started
[19:42:17] [eml-014] Harness detected, timeout adjusted: 180 → 360
[19:42:23]   [container] [setup] 运行 setup.sh: /app/claw-bench/tasks/email/eml-013-signature-extractor/environment/setup.sh
[19:42:23]   [container] [setup] setup.sh 成功
[19:42:23]   [container] [setup] 工作空间文件: ['instruction.md', 'emails.txt']
[19:42:23]   [container] DONE
[19:42:23]   [container-err] Plan generation returned empty (attempt 1/3)
[19:42:23]   [container-err] Plan generation returned empty (attempt 2/3)
[19:42:23] [clawbench_eml-013_qwen3.6-27b_20260520_114052] Agent finished in 88.45s, returncode=0
[19:42:23] [clawbench_eml-013_qwen3.6-27b_20260520_114052] Agent result: passed=False, score=0.9524
[19:42:23] [eml-013] Result saved to /Volumes/F/work/ClawEvalkit-private-emnlp/outputs/harness/control/clawbench-official/qwen3.6-27b/eml-013.json
[19:42:27] [clawbench_eml-015_qwen3.6-27b_20260520_114223] Container started
[19:42:27] [eml-015] Harness detected, timeout adjusted: 180 → 360
[19:43:16]   [container] [setup] 运行 setup.sh: /app/claw-bench/tasks/email/eml-015-auto-reply-generator/environment/setup.sh
[19:43:16]   [container] [setup] setup.sh 成功
[19:43:16]   [container] [setup] 工作空间文件: ['inbox.json', 'instruction.md', 'rules.yaml', 'rules.json']
[19:43:16]   [container] DONE
[19:43:16]   [container-err] Plan generation returned empty (attempt 1/3)
[19:43:16]   [container-err] Plan generation returned empty (attempt 2/3)
[19:43:16]   [container-err] Plan generation returned empty (attempt 3/3)
[19:43:16]   [container-err] Plan generation failed after 3 attempts, returning empty plan
[19:43:16] [clawbench_eml-015_qwen3.6-27b_20260520_114223] Agent finished in 49.36s, returncode=0
[19:43:16] [clawbench_eml-015_qwen3.6-27b_20260520_114223] Agent result: passed=False, score=0.9565
[19:43:17] [eml-015] Result saved to /Volumes/F/work/ClawEvalkit-private-emnlp/outputs/harness/control/clawbench-official/qwen3.6-27b/eml-015.json
[19:43:20] [clawbench_eml-016_qwen3.6-27b_20260520_114317] Container started
[19:43:20] [eml-016] Harness detected, timeout adjusted: 180 → 360
[19:43:55]   [container] [setup] 运行 setup.sh: /app/claw-bench/tasks/email/eml-014-thread-reconstructor/environment/setup.sh
[19:43:55]   [container] [setup] setup.sh 成功
[19:43:55]   [container] [setup] 工作空间文件: ['instruction.md', 'emails.json']
[19:43:55]   [container] DONE
[19:43:55]   [container-err] Plan generation returned empty (attempt 1/3)
[19:43:55]   [container-err] Plan generation returned empty (attempt 2/3)
[19:43:55]   [container-err] Plan generation returned empty (attempt 3/3)
[19:43:55]   [container-err] Plan generation failed after 3 attempts, returning empty plan
[19:43:55] [clawbench_eml-014_qwen3.6-27b_20260520_114215] Agent finished in 98.11s, returncode=0
[19:43:55] [clawbench_eml-014_qwen3.6-27b_20260520_114215] Agent result: passed=False, score=0.9565
[19:43:56] [eml-014] Result saved to /Volumes/F/work/ClawEvalkit-private-emnlp/outputs/harness/control/clawbench-official/qwen3.6-27b/eml-014.json
[19:43:59] [clawbench_eml-017_qwen3.6-27b_20260520_114356] Container started
[19:43:59] [eml-017] Harness detected, timeout adjusted: 180 → 360
[19:44:22]   [container] [setup] 运行 setup.sh: /app/claw-bench/tasks/email/eml-016-weekly-digest-generator/environment/setup.sh
[19:44:22]   [container] [setup] setup.sh 成功
[19:44:22]   [container] [setup] 工作空间文件: ['email_01.json', 'email_06.json', 'email_07.json', 'instruction.md', 'email_08.json', 'email_04.json', 'email_05.json', 'email_02.json', 'email_03.json']
[19:44:22]   [container] DONE
[19:44:22] [clawbench_eml-016_qwen3.6-27b_20260520_114317] Agent finished in 61.21s, returncode=0
[19:44:22] [clawbench_eml-016_qwen3.6-27b_20260520_114317] Agent result: passed=True, score=1.0000
[19:44:22] [eml-016] Result saved to /Volumes/F/work/ClawEvalkit-private-emnlp/outputs/harness/control/clawbench-official/qwen3.6-27b/eml-016.json
[19:44:26] [clawbench_eml-018_qwen3.6-27b_20260520_114422] Container started
[19:44:26] [eml-018] Harness detected, timeout adjusted: 240 → 420
[19:45:23]   [container] [setup] 运行 setup.sh: /app/claw-bench/tasks/email/eml-018-expense-receipt-emails/environment/setup.sh
[19:45:23]   [container] [setup] setup.sh 成功
[19:45:23]   [container] [setup] 工作空间文件: ['receipt_04.json', 'receipt_05.json', 'receipt_02.json', 'receipt_03.json', 'instruction.md', 'receipt_01.json', 'receipt_06.json']
[19:45:23]   [container] DONE
[19:45:23]   [container-err] Plan generation returned empty (attempt 1/3)
[19:45:23]   [container-err] Plan generation returned empty (attempt 2/3)
[19:45:23]   [container-err] Plan generation returned empty (attempt 3/3)
[19:45:23]   [container-err] Plan generation failed after 3 attempts, returning empty plan
[19:45:23] [clawbench_eml-018_qwen3.6-27b_20260520_114422] Agent finished in 56.96s, returncode=0
[19:45:23] [clawbench_eml-018_qwen3.6-27b_20260520_114422] Agent result: passed=True, score=1.0000
[19:45:23] [eml-018] Result saved to /Volumes/F/work/ClawEvalkit-private-emnlp/outputs/harness/control/clawbench-official/qwen3.6-27b/eml-018.json
[19:45:28] [clawbench_file-001_qwen3.6-27b_20260520_114523] Container started
[19:45:28] [file-001] Harness detected, timeout adjusted: 120 → 300
[19:46:24]   [container] [setup] 运行 setup.sh: /app/claw-bench/tasks/file-operations/file-001-csv-to-markdown/environment/setup.sh
[19:46:24]   [container] [setup] setup.sh 成功
[19:46:24]   [container] [setup] 工作空间文件: ['sample.csv', 'instruction.md']
[19:46:24]   [container] DONE
[19:46:24]   [container-err] Plan generation returned empty (attempt 1/3)
[19:46:24]   [container-err] Plan generation returned empty (attempt 2/3)
[19:46:24]   [container-err] Plan generation returned empty (attempt 3/3)
[19:46:24]   [container-err] Plan generation failed after 3 attempts, returning empty plan
[19:46:24] [clawbench_file-001_qwen3.6-27b_20260520_114523] Agent finished in 55.43s, returncode=0
[19:46:24] [clawbench_file-001_qwen3.6-27b_20260520_114523] Agent result: passed=True, score=1.0000
[19:46:24] [file-001] Result saved to /Volumes/F/work/ClawEvalkit-private-emnlp/outputs/harness/control/clawbench-official/qwen3.6-27b/file-001.json
[19:46:26] [clawbench_file-002_qwen3.6-27b_20260520_114624] Container started
[19:46:26] [file-002] Harness detected, timeout adjusted: 120 → 300
[19:46:48]   [container] [setup] 运行 setup.sh: /app/claw-bench/tasks/email/eml-017-out-of-office-responder/environment/setup.sh
[19:46:48]   [container] [setup] setup.sh 成功
[19:46:48]   [container] [setup] 工作空间文件: ['incoming_01.json', 'instruction.md', 'ooo_config.json', 'incoming_04.json', 'incoming_02.json', 'incoming_03.json']
[19:46:48]   [container] DONE
[19:46:48]   [container-err] Plan generation returned empty (attempt 1/3)
[19:46:48]   [container-err] Plan generation returned empty (attempt 2/3)
[19:46:48]   [container-err] Plan generation returned empty (attempt 3/3)
[19:46:48]   [container-err] Plan generation failed after 3 attempts, returning empty plan
[19:46:48] [clawbench_eml-017_qwen3.6-27b_20260520_114356] Agent finished in 168.63s, returncode=0
[19:46:48] [clawbench_eml-017_qwen3.6-27b_20260520_114356] Agent result: passed=True, score=1.0000
[19:46:48] [eml-017] Result saved to /Volumes/F/work/ClawEvalkit-private-emnlp/outputs/harness/control/clawbench-official/qwen3.6-27b/eml-017.json
[19:46:52] [clawbench_file-003_qwen3.6-27b_20260520_114648] Container started
[19:46:52] [file-003] Harness detected, timeout adjusted: 120 → 300
[19:48:01]   [container] [setup] 运行 setup.sh: /app/claw-bench/tasks/file-operations/file-002-csv-to-json/environment/setup.sh
[19:48:01]   [container] [setup] setup.sh 成功
[19:48:01]   [container] [setup] 工作空间文件: ['data.csv', 'instruction.md']
[19:48:01]   [container] DONE
[19:48:01]   [container-err] Plan generation returned empty (attempt 1/3)
[19:48:01]   [container-err] Plan generation returned empty (attempt 2/3)
[19:48:01] [clawbench_file-002_qwen3.6-27b_20260520_114624] Agent finished in 94.30s, returncode=0
[19:48:01] [clawbench_file-002_qwen3.6-27b_20260520_114624] Agent result: passed=True, score=1.0000
[19:48:03] [file-002] Result saved to /Volumes/F/work/ClawEvalkit-private-emnlp/outputs/harness/control/clawbench-official/qwen3.6-27b/file-002.json
[19:48:06] [clawbench_file-004_qwen3.6-27b_20260520_114803] Container started
[19:48:06] [file-004] Harness detected, timeout adjusted: 120 → 300
[19:48:20]   [container] [setup] 运行 setup.sh: /app/claw-bench/tasks/file-operations/file-003-find-and-replace/environment/setup.sh
[19:48:20]   [container] [setup] setup.sh 成功
[19:48:20]   [container] [setup] 工作空间文件: ['instruction.md', 'input.txt']
[19:48:20]   [container] DONE
[19:48:20]   [container-err] Plan generation returned empty (attempt 1/3)
[19:48:20] [clawbench_file-003_qwen3.6-27b_20260520_114648] Agent finished in 88.04s, returncode=0
[19:48:20] [clawbench_file-003_qwen3.6-27b_20260520_114648] Agent result: passed=True, score=1.0000
[19:48:21] [file-003] Result saved to /Volumes/F/work/ClawEvalkit-private-emnlp/outputs/harness/control/clawbench-official/qwen3.6-27b/file-003.json
[19:48:25] [clawbench_file-005_qwen3.6-27b_20260520_114821] Container started
[19:48:25] [file-005] Harness detected, timeout adjusted: 120 → 300
[19:49:13]   [container] [setup] 运行 setup.sh: /app/claw-bench/tasks/file-operations/file-004-sort-lines/environment/setup.sh
[19:49:13]   [container] [setup] setup.sh 成功
[19:49:13]   [container] [setup] 工作空间文件: ['names.txt', 'instruction.md']
[19:49:13]   [container] DONE
[19:49:13]   [container-err] Plan generation returned empty (attempt 1/3)
[19:49:13]   [container-err] Plan generation returned empty (attempt 2/3)
[19:49:13]   [container-err] Plan generation returned empty (attempt 3/3)
[19:49:13]   [container-err] Plan generation failed after 3 attempts, returning empty plan
[19:49:13] [clawbench_file-004_qwen3.6-27b_20260520_114803] Agent finished in 66.91s, returncode=0
[19:49:13] [clawbench_file-004_qwen3.6-27b_20260520_114803] Agent result: passed=True, score=1.0000
[19:49:14] [file-004] Result saved to /Volumes/F/work/ClawEvalkit-private-emnlp/outputs/harness/control/clawbench-official/qwen3.6-27b/file-004.json
[19:49:16] [clawbench_file-006_qwen3.6-27b_20260520_114914] Container started
[19:49:16] [file-006] Harness detected, timeout adjusted: 120 → 300
[19:49:20]   [container] [setup] 运行 setup.sh: /app/claw-bench/tasks/file-operations/file-005-merge-files/environment/setup.sh
[19:49:20]   [container] [setup] setup.sh 成功
[19:49:20]   [container] [setup] 工作空间文件: ['instruction.md', 'part2.txt', 'part3.txt', 'part1.txt']
[19:49:20]   [container] DONE
[19:49:20]   [container-err] Plan generation returned empty (attempt 1/3)
[19:49:20]   [container-err] Plan generation returned empty (attempt 2/3)
[19:49:20]   [container-err] Plan generation returned empty (attempt 3/3)
[19:49:20]   [container-err] Plan generation failed after 3 attempts, returning empty plan
[19:49:20] [clawbench_file-005_qwen3.6-27b_20260520_114821] Agent finished in 55.20s, returncode=0
[19:49:20] [clawbench_file-005_qwen3.6-27b_20260520_114821] Agent result: passed=True, score=1.0000
[19:49:21] [file-005] Result saved to /Volumes/F/work/ClawEvalkit-private-emnlp/outputs/harness/control/clawbench-official/qwen3.6-27b/file-005.json
[19:49:23] [clawbench_file-007_qwen3.6-27b_20260520_114921] Container started
[19:49:23] [file-007] Harness detected, timeout adjusted: 120 → 300
[19:50:29]   [container] [setup] 运行 setup.sh: /app/claw-bench/tasks/file-operations/file-007-json-to-yaml/environment/setup.sh
[19:50:29]   [container] [setup] setup.sh 成功
[19:50:29]   [container] [setup] 工作空间文件: ['config.json', 'instruction.md']
[19:50:29]   [container] DONE
[19:50:29] [clawbench_file-007_qwen3.6-27b_20260520_114921] Agent finished in 66.16s, returncode=0
[19:50:29] [clawbench_file-007_qwen3.6-27b_20260520_114921] Agent result: passed=True, score=1.0000
[19:50:30] [file-007] Result saved to /Volumes/F/work/ClawEvalkit-private-emnlp/outputs/harness/control/clawbench-official/qwen3.6-27b/file-007.json
[19:50:33] [clawbench_file-008_qwen3.6-27b_20260520_115030] Container started
[19:50:33] [file-008] Harness detected, timeout adjusted: 120 → 300
[19:50:56]   [container] [setup] 运行 setup.sh: /app/claw-bench/tasks/file-operations/file-006-extract-emails/environment/setup.sh
[19:50:56]   [container] [setup] setup.sh 成功
[19:50:56]   [container] [setup] 工作空间文件: ['document.txt', 'instruction.md']
[19:50:56]   [container] DONE
[19:50:56]   [container-err] Plan generation returned empty (attempt 1/3)
[19:50:56]   [container-err] Plan generation returned empty (attempt 2/3)
[19:50:56]   [container-err] Plan generation returned empty (attempt 3/3)
[19:50:56]   [container-err] Plan generation failed after 3 attempts, returning empty plan
[19:50:56] [clawbench_file-006_qwen3.6-27b_20260520_114914] Agent finished in 99.86s, returncode=0
[19:50:56] [clawbench_file-006_qwen3.6-27b_20260520_114914] Agent result: passed=True, score=1.0000
[19:50:56] [file-006] Result saved to /Volumes/F/work/ClawEvalkit-private-emnlp/outputs/harness/control/clawbench-official/qwen3.6-27b/file-006.json
[19:51:00] [clawbench_file-009_qwen3.6-27b_20260520_115056] Container started
[19:51:00] [file-009] Harness detected, timeout adjusted: 120 → 300
[19:52:26]   [container] [setup] 运行 setup.sh: /app/claw-bench/tasks/file-operations/file-008-deduplicate-lines/environment/setup.sh
[19:52:26]   [container] [setup] setup.sh 成功
[19:52:26]   [container] [setup] 工作空间文件: ['instruction.md', 'data.txt']
[19:52:26]   [container] DONE
[19:52:26]   [container-err] Plan generation returned empty (attempt 1/3)
[19:52:26]   [container-err] Plan generation returned empty (attempt 2/3)
[19:52:26] [clawbench_file-008_qwen3.6-27b_20260520_115030] Agent finished in 112.65s, returncode=0
[19:52:26] [clawbench_file-008_qwen3.6-27b_20260520_115030] Agent result: passed=True, score=1.0000
[19:52:26] [file-008] Result saved to /Volumes/F/work/ClawEvalkit-private-emnlp/outputs/harness/control/clawbench-official/qwen3.6-27b/file-008.json
[19:52:29] [clawbench_file-010_qwen3.6-27b_20260520_115226] Container started
[19:52:29] [file-010] Harness detected, timeout adjusted: 120 → 300
[19:52:51]   [container] [setup] 运行 setup.sh: /app/claw-bench/tasks/file-operations/file-009-word-frequency/environment/setup.sh
[19:52:51]   [container] [setup] setup.sh 成功
[19:52:51]   [container] [setup] 工作空间文件: ['instruction.md', 'article.txt']
[19:52:51]   [container] DONE
[19:52:51]   [container-err] Plan generation returned empty (attempt 1/3)
[19:52:51]   [container-err] Plan generation returned empty (attempt 2/3)
[19:52:51]   [container-err] Plan generation returned empty (attempt 3/3)
[19:52:51]   [container-err] Plan generation failed after 3 attempts, returning empty plan
[19:52:51] [clawbench_file-009_qwen3.6-27b_20260520_115056] Agent finished in 110.94s, returncode=0
[19:52:51] [clawbench_file-009_qwen3.6-27b_20260520_115056] Agent result: passed=True, score=1.0000
[19:52:51] [file-009] Result saved to /Volumes/F/work/ClawEvalkit-private-emnlp/outputs/harness/control/clawbench-official/qwen3.6-27b/file-009.json
[19:52:55] [clawbench_file-011_qwen3.6-27b_20260520_115251] Container started
[19:52:55] [file-011] Harness detected, timeout adjusted: 120 → 300
[19:53:38]   [container] [setup] 运行 setup.sh: /app/claw-bench/tasks/file-operations/file-010-directory-tree/environment/setup.sh
[19:53:38]   [container] [setup] setup.sh 成功
[19:53:38]   [container] [setup] 工作空间文件: ['instruction.md']
[19:53:38]   [container] DONE
[19:53:38]   [container-err] Plan generation returned empty (attempt 1/3)
[19:53:38]   [container-err] Plan generation returned empty (attempt 2/3)
[19:53:38]   [container-err] Plan generation returned empty (attempt 3/3)
[19:53:38]   [container-err] Plan generation failed after 3 attempts, returning empty plan
[19:53:38] [clawbench_file-010_qwen3.6-27b_20260520_115226] Agent finished in 68.09s, returncode=0
[19:53:38] [clawbench_file-010_qwen3.6-27b_20260520_115226] Agent result: passed=True, score=0.7857
[19:53:38] [file-010] Result saved to /Volumes/F/work/ClawEvalkit-private-emnlp/outputs/harness/control/clawbench-official/qwen3.6-27b/file-010.json
[19:53:40] [clawbench_file-012_qwen3.6-27b_20260520_115338] Container started
[19:53:40] [file-012] Harness detected, timeout adjusted: 120 → 300
[19:55:11]   [container] [setup] 运行 setup.sh: /app/claw-bench/tasks/file-operations/file-012-csv-stats/environment/setup.sh
[19:55:11]   [container] [setup] setup.sh 成功
[19:55:11]   [container] [setup] 工作空间文件: ['instruction.md', 'sales.csv']
[19:55:11]   [container] DONE
[19:55:11]   [container-err] Plan generation returned empty (attempt 1/3)
[19:55:11] [clawbench_file-012_qwen3.6-27b_20260520_115338] Agent finished in 91.21s, returncode=0
[19:55:11] [clawbench_file-012_qwen3.6-27b_20260520_115338] Agent result: passed=True, score=1.0000
[19:55:12] [file-012] Result saved to /Volumes/F/work/ClawEvalkit-private-emnlp/outputs/harness/control/clawbench-official/qwen3.6-27b/file-012.json
[19:55:13]   [container] [setup] 运行 setup.sh: /app/claw-bench/tasks/file-operations/file-011-log-filtering/environment/setup.sh
[19:55:13]   [container] [setup] setup.sh 失败 (rc=1)
[19:55:13]   [container] [setup] stderr: cp: cannot stat '/app/claw-bench/tasks/file-operations/file-011-log-filtering/environment/data/app.log': No such file or directory
[19:55:13]   [container] 
[19:55:13]   [container] [setup] 重试 (bash -x) ...
[19:55:13]   [container] [setup] 重试也失败 (rc=1)
[19:55:13]   [container] [setup] stderr: + set -euo pipefail
[19:55:13]   [container] +++ dirname /app/claw-bench/tasks/file-operations/file-011-log-filtering/environment/setup.sh
[19:55:13]   [container] ++ cd /app/claw-bench/tasks/file-operations/file-011-log-filtering/environment/..
[19:55:13]   [container] ++ pwd
[19:55:13]   [container] + TASK_DIR=/app/claw-bench/tasks/file-operations/file-011-log-filtering
[19:55:13]   [container] + WORKSPACE=/tmp/clawbench_workspace
[19:55:13]   [container] + mkdir -p /tmp/clawbench_workspace
[19:55:13]   [container] + cp /app/claw-bench/tasks/file-operations/file-011-log-filtering/environment/data/app.log /tmp/clawbench_workspace/app.log
[19:55:13]   [container] cp: cannot stat '/app/claw-bench/tasks/file-operations/file-011-log-filtering/environment/data/app.log': No such file or directory
[19:55:13]   [container] 
[19:55:13]   [container] [setup] 工作空间文件: ['instruction.md']
[19:55:13]   [container] DONE
[19:55:13]   [container-err] Plan generation returned empty (attempt 1/3)
[19:55:13]   [container-err] Plan generation returned empty (attempt 2/3)
[19:55:13]   [container-err] Plan generation returned empty (attempt 3/3)
[19:55:13]   [container-err] Plan generation failed after 3 attempts, returning empty plan
[19:55:13]   [container-err] Retry exhausted for read_file: Error: File not found: /tmp/clawbench_workspace/app.log
[19:55:13] [clawbench_file-011_qwen3.6-27b_20260520_115251] Agent finished in 138.14s, returncode=0
[19:55:13] [clawbench_file-011_qwen3.6-27b_20260520_115251] Agent result: passed=False, score=0.6923
[19:55:14] [file-011] Result saved to /Volumes/F/work/ClawEvalkit-private-emnlp/outputs/harness/control/clawbench-official/qwen3.6-27b/file-011.json
[19:55:14] [clawbench_file-013_qwen3.6-27b_20260520_115512] Container started
[19:55:14] [file-013] Harness detected, timeout adjusted: 120 → 300
[19:55:16] [clawbench_file-014_qwen3.6-27b_20260520_115514] Container started
[19:55:16] [file-014] Harness detected, timeout adjusted: 120 → 300
[19:56:30]   [container] [setup] 运行 setup.sh: /app/claw-bench/tasks/file-operations/file-014-file-diff/environment/setup.sh
[19:56:30]   [container] [setup] setup.sh 成功
[19:56:30]   [container] [setup] 工作空间文件: ['original.txt', 'instruction.md', 'modified.txt']
[19:56:30]   [container] DONE
[19:56:30]   [container-err] Plan generation returned empty (attempt 1/3)
[19:56:30]   [container-err] Plan generation returned empty (attempt 2/3)
[19:56:30]   [container-err] Plan generation returned empty (attempt 3/3)
[19:56:30]   [container-err] Plan generation failed after 3 attempts, returning empty plan
[19:56:30] [clawbench_file-014_qwen3.6-27b_20260520_115514] Agent finished in 73.86s, returncode=0
[19:56:30] [clawbench_file-014_qwen3.6-27b_20260520_115514] Agent result: passed=True, score=1.0000
[19:56:31] [file-014] Result saved to /Volumes/F/work/ClawEvalkit-private-emnlp/outputs/harness/control/clawbench-official/qwen3.6-27b/file-014.json
[19:56:34] [clawbench_file-015_qwen3.6-27b_20260520_115631] Container started
[19:56:34] [file-015] Harness detected, timeout adjusted: 180 → 360
[19:56:54]   [container] [setup] 运行 setup.sh: /app/claw-bench/tasks/file-operations/file-013-multi-file-search/environment/setup.sh
[19:56:54]   [container] [setup] setup.sh 成功
[19:56:54]   [container] [setup] 工作空间文件: ['backlog.txt', 'design.txt', 'instruction.md', 'meeting_notes.txt', 'api_notes.txt', 'changelog.txt']
[19:56:54]   [container] DONE
[19:56:54]   [container-err] Plan generation returned empty (attempt 1/3)
[19:56:54]   [container-err] Plan generation returned empty (attempt 2/3)
[19:56:54]   [container-err] Plan generation returned empty (attempt 3/3)
[19:56:54]   [container-err] Plan generation failed after 3 attempts, returning empty plan
[19:56:54] [clawbench_file-013_qwen3.6-27b_20260520_115512] Agent finished in 99.93s, returncode=0
[19:56:54] [clawbench_file-013_qwen3.6-27b_20260520_115512] Agent result: passed=False, score=0.9286
[19:56:55] [file-013] Result saved to /Volumes/F/work/ClawEvalkit-private-emnlp/outputs/harness/control/clawbench-official/qwen3.6-27b/file-013.json
[19:56:59] [clawbench_fin-001-portfolio-beta_qwen3.6-27b_20260520_115655] Container started
[19:56:59] [fin-001-portfolio-beta] Harness detected, timeout adjusted: 3600 → 3780
[19:58:33]   [container] [setup] 运行 setup.sh: /app/claw-bench/tasks/file-operations/file-015-data-pipeline/environment/setup.sh
[19:58:33]   [container] [setup] setup.sh 成功
[19:58:33]   [container] [setup] 工作空间文件: ['instruction.md', 'raw_data.csv']
[19:58:33]   [container] DONE
[19:58:33]   [container-err] Plan generation returned empty (attempt 1/3)
[19:58:33]   [container-err] Plan generation returned empty (attempt 2/3)
[19:58:33] [clawbench_file-015_qwen3.6-27b_20260520_115631] Agent finished in 119.45s, returncode=0
[19:58:34] [clawbench_file-015_qwen3.6-27b_20260520_115631] Agent result: passed=True, score=1.0000
[19:58:35] [file-015] Result saved to /Volumes/F/work/ClawEvalkit-private-emnlp/outputs/harness/control/clawbench-official/qwen3.6-27b/file-015.json
[19:58:39] [clawbench_fin-002-dcf-valuation_qwen3.6-27b_20260520_115835] Container started
[19:58:39] [fin-002-dcf-valuation] Harness detected, timeout adjusted: 3600 → 3780
[19:59:06]   [container] [setup] 运行 setup.sh: /app/claw-bench/tasks/financial-analysis/fin-001-portfolio-beta/environment/setup.sh
[19:59:06]   [container] [setup] setup.sh 成功
[19:59:06]   [container] [setup] 工作空间文件: ['stock_returns.csv', 'instruction.md']
[19:59:06]   [container] DONE
[19:59:06]   [container-err] Plan generation returned empty (attempt 1/3)
[19:59:06]   [container-err] Plan generation returned empty (attempt 2/3)
[19:59:06] [clawbench_fin-001-portfolio-beta_qwen3.6-27b_20260520_115655] Agent finished in 126.82s, returncode=0
[19:59:06] [clawbench_fin-001-portfolio-beta_qwen3.6-27b_20260520_115655] Agent result: passed=True, score=1.0000
[19:59:07] [fin-001-portfolio-beta] Result saved to /Volumes/F/work/ClawEvalkit-private-emnlp/outputs/harness/control/clawbench-official/qwen3.6-27b/fin-001-portfolio-beta.json
[19:59:10] [clawbench_fin-003-risk-metrics_qwen3.6-27b_20260520_115907] Container started
[19:59:10] [fin-003-risk-metrics] Harness detected, timeout adjusted: 3600 → 3780
[20:00:18]   [container] [setup] 运行 setup.sh: /app/claw-bench/tasks/financial-analysis/fin-003-risk-metrics/environment/setup.sh
[20:00:18]   [container] [setup] setup.sh 成功
[20:00:18]   [container] [setup] 工作空间文件: ['portfolio_returns.csv', 'instruction.md']
[20:00:18]   [container] DONE
[20:00:18] [clawbench_fin-003-risk-metrics_qwen3.6-27b_20260520_115907] Agent finished in 67.56s, returncode=0
[20:00:18] [clawbench_fin-003-risk-metrics_qwen3.6-27b_20260520_115907] Agent result: passed=True, score=1.0000
[20:00:18] [fin-003-risk-metrics] Result saved to /Volumes/F/work/ClawEvalkit-private-emnlp/outputs/harness/control/clawbench-official/qwen3.6-27b/fin-003-risk-metrics.json
[20:00:20] [clawbench_fin-004-earnings-report_qwen3.6-27b_20260520_120018] Container started
[20:00:20] [fin-004-earnings-report] Harness detected, timeout adjusted: 3600 → 3780
[20:01:56]   [container] [setup] 运行 setup.sh: /app/claw-bench/tasks/financial-analysis/fin-004-earnings-report/environment/setup.sh
[20:01:56]   [container] [setup] setup.sh 成功
[20:01:56]   [container] [setup] 工作空间文件: ['earnings_q2.txt', 'earnings_q1.txt', 'instruction.md']
[20:01:56]   [container] DONE
[20:01:56] [clawbench_fin-004-earnings-report_qwen3.6-27b_20260520_120018] Agent finished in 96.08s, returncode=0
[20:01:56] [clawbench_fin-004-earnings-report_qwen3.6-27b_20260520_120018] Agent result: passed=True, score=1.0000
[20:01:56] [fin-004-earnings-report] Result saved to /Volumes/F/work/ClawEvalkit-private-emnlp/outputs/harness/control/clawbench-official/qwen3.6-27b/fin-004-earnings-report.json
[20:01:59] [clawbench_fin-005-forex-arbitrage_qwen3.6-27b_20260520_120156] Container started
[20:01:59] [fin-005-forex-arbitrage] Harness detected, timeout adjusted: 3600 → 3780
[20:03:09]   [container] [setup] 运行 setup.sh: /app/claw-bench/tasks/financial-analysis/fin-002-dcf-valuation/environment/setup.sh
[20:03:09]   [container] [setup] setup.sh 成功
[20:03:09]   [container] [setup] 工作空间文件: ['instruction.md', 'financials.csv']
[20:03:09]   [container] DONE
[20:03:09]   [container-err] Plan generation returned empty (attempt 1/3)
[20:03:09]   [container-err] Plan generation returned empty (attempt 2/3)
[20:03:09]   [container-err] Plan generation returned empty (attempt 3/3)
[20:03:09]   [container-err] Plan generation failed after 3 attempts, returning empty plan
[20:03:09] [clawbench_fin-002-dcf-valuation_qwen3.6-27b_20260520_115835] Agent finished in 270.10s, returncode=0
[20:03:09] [clawbench_fin-002-dcf-valuation_qwen3.6-27b_20260520_115835] Agent result: passed=True, score=1.0000
[20:03:09] [fin-002-dcf-valuation] Result saved to /Volumes/F/work/ClawEvalkit-private-emnlp/outputs/harness/control/clawbench-official/qwen3.6-27b/fin-002-dcf-valuation.json
[20:03:14] [clawbench_fin-006_qwen3.6-27b_20260520_120309] Container started
[20:03:14] [fin-006] Harness detected, timeout adjusted: 300 → 480
[20:04:09]   [container] [setup] 运行 setup.sh: /app/claw-bench/tasks/financial-analysis/fin-005-forex-arbitrage/environment/setup.sh
[20:04:09]   [container] [setup] setup.sh 成功
[20:04:09]   [container] [setup] 工作空间文件: ['exchange_rates.csv', 'instruction.md']
[20:04:09]   [container] DONE
[20:04:09]   [container-err] Plan generation returned empty (attempt 1/3)
[20:04:09]   [container-err] Plan generation returned empty (attempt 2/3)
[20:04:09]   [container-err] Plan generation returned empty (attempt 3/3)
[20:04:09]   [container-err] Plan generation failed after 3 attempts, returning empty plan
[20:04:09] [clawbench_fin-005-forex-arbitrage_qwen3.6-27b_20260520_120156] Agent finished in 129.82s, returncode=0
[20:04:09] [clawbench_fin-005-forex-arbitrage_qwen3.6-27b_20260520_120156] Agent result: passed=True, score=1.0000
[20:04:09] [fin-005-forex-arbitrage] Result saved to /Volumes/F/work/ClawEvalkit-private-emnlp/outputs/harness/control/clawbench-official/qwen3.6-27b/fin-005-forex-arbitrage.json
[20:04:12] [clawbench_fin-008_qwen3.6-27b_20260520_120409] Container started
[20:04:12] [fin-008] Harness detected, timeout adjusted: 300 → 480
[20:06:45]   [container] [setup] 运行 setup.sh: /app/claw-bench/tasks/financial-analysis/fin-006-analyze-stock-portfolio-risk-using-var-and-cvar/environment/setup.sh
[20:06:45]   [container] [setup] setup.sh 成功
[20:06:45]   [container] [setup] 工作空间文件: ['portfolio_returns.csv', 'instruction.md']
[20:06:45]   [container] DONE
[20:06:45] [clawbench_fin-006_qwen3.6-27b_20260520_120309] Agent finished in 210.74s, returncode=0
[20:06:45] [clawbench_fin-006_qwen3.6-27b_20260520_120309] Agent result: passed=False, score=0.0000
[20:06:46] [fin-006] Result saved to /Volumes/F/work/ClawEvalkit-private-emnlp/outputs/harness/control/clawbench-official/qwen3.6-27b/fin-006.json
[20:06:49] [clawbench_mkt-001-survey-analysis_qwen3.6-27b_20260520_120646] Container started
[20:06:49] [mkt-001-survey-analysis] Harness detected, timeout adjusted: 3600 → 3780
[20:06:52]   [container] [setup] 运行 setup.sh: /app/claw-bench/tasks/financial-analysis/fin-008-calculate-wacc-from-financial-statements/environment/setup.sh
[20:06:52]   [container] [setup] setup.sh 成功
[20:06:52]   [container] [setup] 工作空间文件: ['balance_sheet.csv', 'income_statement.csv', 'instruction.md']
[20:06:52]   [container] DONE
[20:06:52]   [container-err] Plan generation returned empty (attempt 1/3)
[20:06:52]   [container-err] Plan generation returned empty (attempt 2/3)
[20:06:52]   [container-err] Plan generation returned empty (attempt 3/3)
[20:06:52]   [container-err] Plan generation failed after 3 attempts, returning empty plan
[20:06:52]   [container-err] Retry exhausted for read_file: Error: File not found: /tmp/clawbench_workspace/environment/data/balance_sheet.csv
[20:06:52]   [container-err] Retry exhausted for read_file: Error: File not found: /tmp/clawbench_workspace/environment/data/income_statement.csv
[20:06:52] [clawbench_fin-008_qwen3.6-27b_20260520_120409] Agent finished in 159.27s, returncode=0
[20:06:52] [clawbench_fin-008_qwen3.6-27b_20260520_120409] Agent result: passed=True, score=1.0000
[20:06:52] [fin-008] Result saved to /Volumes/F/work/ClawEvalkit-private-emnlp/outputs/harness/control/clawbench-official/qwen3.6-27b/fin-008.json
[20:06:55] [clawbench_mkt-002-competitor-matrix_qwen3.6-27b_20260520_120652] Container started
[20:06:55] [mkt-002-competitor-matrix] Harness detected, timeout adjusted: 3600 → 3780
[20:07:55]   [container] [setup] 运行 setup.sh: /app/claw-bench/tasks/market-research/mkt-001-survey-analysis/environment/setup.sh
[20:07:55]   [container] [setup] setup.sh 成功
[20:07:55]   [container] [setup] 工作空间文件: ['instruction.md', 'survey_responses.csv']
[20:07:55]   [container] DONE
[20:07:55] [clawbench_mkt-001-survey-analysis_qwen3.6-27b_20260520_120646] Agent finished in 65.66s, returncode=0
[20:07:55] [clawbench_mkt-001-survey-analysis_qwen3.6-27b_20260520_120646] Agent result: passed=True, score=1.0000
[20:07:55] [mkt-001-survey-analysis] Result saved to /Volumes/F/work/ClawEvalkit-private-emnlp/outputs/harness/control/clawbench-official/qwen3.6-27b/mkt-001-survey-analysis.json
[20:07:59] [clawbench_mkt-003-pricing-analysis_qwen3.6-27b_20260520_120755] Container started
[20:07:59] [mkt-003-pricing-analysis] Harness detected, timeout adjusted: 3600 → 3780
[20:08:26]   [container] [setup] 运行 setup.sh: /app/claw-bench/tasks/market-research/mkt-002-competitor-matrix/environment/setup.sh
[20:08:26]   [container] [setup] setup.sh 成功
[20:08:26]   [container] [setup] 工作空间文件: ['products.csv', 'instruction.md']
[20:08:26]   [container] DONE
[20:08:26]   [container-err] Plan generation returned empty (attempt 1/3)
[20:08:26]   [container-err] Plan generation returned empty (attempt 2/3)
[20:08:26]   [container-err] Plan generation returned empty (attempt 3/3)
[20:08:26]   [container-err] Plan generation failed after 3 attempts, returning empty plan
[20:08:26] [clawbench_mkt-002-competitor-matrix_qwen3.6-27b_20260520_120652] Agent finished in 91.17s, returncode=0
[20:08:26] [clawbench_mkt-002-competitor-matrix_qwen3.6-27b_20260520_120652] Agent result: passed=True, score=1.0000
[20:08:26] [mkt-002-competitor-matrix] Result saved to /Volumes/F/work/ClawEvalkit-private-emnlp/outputs/harness/control/clawbench-official/qwen3.6-27b/mkt-002-competitor-matrix.json
[20:08:29] [clawbench_mkt-004-trend-extraction_qwen3.6-27b_20260520_120826] Container started
[20:08:29] [mkt-004-trend-extraction] Harness detected, timeout adjusted: 3600 → 3780
[20:08:49]   [container] [setup] 运行 setup.sh: /app/claw-bench/tasks/market-research/mkt-003-pricing-analysis/environment/setup.sh
[20:08:49]   [container] [setup] setup.sh 成功
[20:08:49]   [container] [setup] 工作空间文件: ['instruction.md', 'pricing_history.csv']
[20:08:49]   [container] DONE
[20:08:49]   [container-err] Plan generation returned empty (attempt 1/3)
[20:08:49]   [container-err] Plan generation returned empty (attempt 2/3)
[20:08:49]   [container-err] Plan generation returned empty (attempt 3/3)
[20:08:49]   [container-err] Plan generation failed after 3 attempts, returning empty plan
[20:08:49] [clawbench_mkt-003-pricing-analysis_qwen3.6-27b_20260520_120755] Agent finished in 49.56s, returncode=0
[20:08:49] [clawbench_mkt-003-pricing-analysis_qwen3.6-27b_20260520_120755] Agent result: passed=False, score=0.0000
[20:08:50] [mkt-003-pricing-analysis] Result saved to /Volumes/F/work/ClawEvalkit-private-emnlp/outputs/harness/control/clawbench-official/qwen3.6-27b/mkt-003-pricing-analysis.json
[20:08:53] [clawbench_mkt-005-market-sizing_qwen3.6-27b_20260520_120850] Container started
[20:08:53] [mkt-005-market-sizing] Harness detected, timeout adjusted: 3600 → 3780
[20:09:58]   [container] [setup] 运行 setup.sh: /app/claw-bench/tasks/market-research/mkt-005-market-sizing/environment/setup.sh
[20:09:58]   [container] [setup] setup.sh 成功
[20:09:58]   [container] [setup] 工作空间文件: ['instruction.md', 'market_data.csv', 'company_data.json']
[20:09:58]   [container] DONE
[20:09:58]   [container-err] Plan generation returned empty (attempt 1/3)
[20:09:58]   [container-err] Plan generation returned empty (attempt 2/3)
[20:09:58] [clawbench_mkt-005-market-sizing_qwen3.6-27b_20260520_120850] Agent finished in 64.54s, returncode=0
[20:09:58] [clawbench_mkt-005-market-sizing_qwen3.6-27b_20260520_120850] Agent result: passed=True, score=1.0000
[20:09:59] [mkt-005-market-sizing] Result saved to /Volumes/F/work/ClawEvalkit-private-emnlp/outputs/harness/control/clawbench-official/qwen3.6-27b/mkt-005-market-sizing.json
[20:10:04] [clawbench_mem-001_qwen3.6-27b_20260520_120959] Container started
[20:10:04] [mem-001] Harness detected, timeout adjusted: 120 → 300
[20:11:01]   [container] [setup] 运行 setup.sh: /app/claw-bench/tasks/market-research/mkt-004-trend-extraction/environment/setup.sh
[20:11:01]   [container] [setup] setup.sh 成功
[20:11:01]   [container] [setup] 工作空间文件: ['monthly_sales.csv', 'instruction.md']
[20:11:01]   [container] DONE
[20:11:01]   [container-err] Plan generation returned empty (attempt 1/3)
[20:11:01]   [container-err] Plan generation returned empty (attempt 2/3)
[20:11:01]   [container-err] Plan generation returned empty (attempt 3/3)
[20:11:01]   [container-err] Plan generation failed after 3 attempts, returning empty plan
[20:11:01] [clawbench_mkt-004-trend-extraction_qwen3.6-27b_20260520_120826] Agent finished in 151.33s, returncode=0
[20:11:01] [clawbench_mkt-004-trend-extraction_qwen3.6-27b_20260520_120826] Agent result: passed=True, score=1.0000
[20:11:02] [mkt-004-trend-extraction] Result saved to /Volumes/F/work/ClawEvalkit-private-emnlp/outputs/harness/control/clawbench-official/qwen3.6-27b/mkt-004-trend-extraction.json
[20:11:05] [clawbench_mem-002_qwen3.6-27b_20260520_121102] Container started
[20:11:05] [mem-002] Harness detected, timeout adjusted: 180 → 360
[20:11:58]   [container] [setup] 运行 setup.sh: /app/claw-bench/tasks/memory/mem-002-multi-step-instructions/environment/setup.sh
[20:11:58]   [container] [setup] setup.sh 成功
[20:11:58]   [container] [setup] 工作空间文件: ['instruction.md', 'words.txt']
[20:11:58]   [container] DONE
[20:11:58]   [container-err] Plan generation returned empty (attempt 1/3)
[20:11:58]   [container-err] Plan generation returned empty (attempt 2/3)
[20:11:58]   [container-err] Plan generation returned empty (attempt 3/3)
[20:11:58]   [container-err] Plan generation failed after 3 attempts, returning empty plan
[20:11:58] [clawbench_mem-002_qwen3.6-27b_20260520_121102] Agent finished in 52.08s, returncode=0
[20:11:58] [clawbench_mem-002_qwen3.6-27b_20260520_121102] Agent result: passed=True, score=1.0000
[20:11:58] [mem-002] Result saved to /Volumes/F/work/ClawEvalkit-private-emnlp/outputs/harness/control/clawbench-official/qwen3.6-27b/mem-002.json
[20:12:01] [clawbench_mem-003_qwen3.6-27b_20260520_121158] Container started
[20:12:01] [mem-003] Harness detected, timeout adjusted: 180 → 360
[20:12:04]   [container] [setup] 运行 setup.sh: /app/claw-bench/tasks/memory/mem-001-recall-given-name/environment/setup.sh
[20:12:04]   [container] [setup] setup.sh 成功
[20:12:04]   [container] [setup] 工作空间文件: ['notes.txt', 'instruction.md', 'inventory.csv']
[20:12:04]   [container] DONE
[20:12:04]   [container-err] Plan generation returned empty (attempt 1/3)
[20:12:04] [clawbench_mem-001_qwen3.6-27b_20260520_120959] Agent finished in 120.07s, returncode=0
[20:12:04] [clawbench_mem-001_qwen3.6-27b_20260520_120959] Agent result: passed=True, score=1.0000
[20:12:06] [mem-001] Result saved to /Volumes/F/work/ClawEvalkit-private-emnlp/outputs/harness/control/clawbench-official/qwen3.6-27b/mem-001.json
[20:12:09] [clawbench_mem-004_qwen3.6-27b_20260520_121206] Container started
[20:12:09] [mem-004] Harness detected, timeout adjusted: 180 → 360
[20:12:50]   [container] [setup] 运行 setup.sh: /app/claw-bench/tasks/memory/mem-003-context-carry-over/environment/setup.sh
[20:12:50]   [container] [setup] setup.sh 成功
[20:12:50]   [container] [setup] 工作空间文件: ['config.json', 'instruction.md']
[20:12:50]   [container] DONE
[20:12:50] [clawbench_mem-003_qwen3.6-27b_20260520_121158] Agent finished in 48.74s, returncode=0
[20:12:50] [clawbench_mem-003_qwen3.6-27b_20260520_121158] Agent result: passed=True, score=1.0000
[20:12:50] [mem-003] Result saved to /Volumes/F/work/ClawEvalkit-private-emnlp/outputs/harness/control/clawbench-official/qwen3.6-27b/mem-003.json
[20:12:53] [clawbench_mem-005_qwen3.6-27b_20260520_121250] Container started
[20:12:53] [mem-005] Harness detected, timeout adjusted: 300 → 480
[20:13:21]   [container] [setup] 运行 setup.sh: /app/claw-bench/tasks/memory/mem-004-contradiction-resolution/environment/setup.sh
[20:13:21]   [container] [setup] setup.sh 成功
[20:13:21]   [container] [setup] 工作空间文件: ['spec.txt', 'instruction.md']
[20:13:21]   [container] DONE
[20:13:21]   [container-err] Plan generation returned empty (attempt 1/3)
[20:13:21] [clawbench_mem-004_qwen3.6-27b_20260520_121206] Agent finished in 72.14s, returncode=0
[20:13:21] [clawbench_mem-004_qwen3.6-27b_20260520_121206] Agent result: passed=False, score=0.9524
[20:13:22] [mem-004] Result saved to /Volumes/F/work/ClawEvalkit-private-emnlp/outputs/harness/control/clawbench-official/qwen3.6-27b/mem-004.json
[20:13:27] [clawbench_mem-006_qwen3.6-27b_20260520_121322] Container started
[20:13:27] [mem-006] Harness detected, timeout adjusted: 300 → 480
[20:14:54]   [container] [setup] 运行 setup.sh: /app/claw-bench/tasks/memory/mem-006-cross-reference-synthesis/environment/setup.sh
[20:14:55]   [container] [setup] setup.sh 成功
[20:14:55]   [container] [setup] 工作空间文件: ['performance.csv', 'instruction.md', 'employees.csv', 'projects.csv']
[20:14:55]   [container] DONE
[20:14:55]   [container-err] Plan generation returned empty (attempt 1/3)
[20:14:55]   [container-err] Plan generation returned empty (attempt 2/3)
[20:14:55]   [container-err] Plan generation returned empty (attempt 3/3)
[20:14:55]   [container-err] Plan generation failed after 3 attempts, returning empty plan
[20:14:55] [clawbench_mem-006_qwen3.6-27b_20260520_121322] Agent finished in 87.44s, returncode=0
[20:14:55] [clawbench_mem-006_qwen3.6-27b_20260520_121322] Agent result: passed=True, score=1.0000
[20:14:56] [mem-006] Result saved to /Volumes/F/work/ClawEvalkit-private-emnlp/outputs/harness/control/clawbench-official/qwen3.6-27b/mem-006.json
[20:14:58] [clawbench_mem-007_qwen3.6-27b_20260520_121456] Container started
[20:14:58] [mem-007] Harness detected, timeout adjusted: 300 → 480
[20:15:06]   [container] [setup] 运行 setup.sh: /app/claw-bench/tasks/memory/mem-005-long-document-summarization/environment/setup.sh
[20:15:06]   [container] [setup] setup.sh 成功
[20:15:06]   [container] [setup] 工作空间文件: ['instruction.md', 'report.txt']
[20:15:06]   [container] DONE
[20:15:06]   [container-err] Plan generation returned empty (attempt 1/3)
[20:15:06]   [container-err] Plan generation returned empty (attempt 2/3)
[20:15:06]   [container-err] Plan generation returned empty (attempt 3/3)
[20:15:06]   [container-err] Plan generation failed after 3 attempts, returning empty plan
[20:15:06] [clawbench_mem-005_qwen3.6-27b_20260520_121250] Agent finished in 133.39s, returncode=0
[20:15:06] [clawbench_mem-005_qwen3.6-27b_20260520_121250] Agent result: passed=False, score=0.6957
[20:15:07] [mem-005] Result saved to /Volumes/F/work/ClawEvalkit-private-emnlp/outputs/harness/control/clawbench-official/qwen3.6-27b/mem-005.json
[20:15:11] [clawbench_mem-008_qwen3.6-27b_20260520_121507] Container started
[20:15:11] [mem-008] Harness detected, timeout adjusted: 300 → 480
[20:16:12]   [container] [setup] 运行 setup.sh: /app/claw-bench/tasks/memory/mem-007-instruction-chaining/environment/setup.sh
[20:16:12]   [container] [setup] setup.sh 成功
[20:16:12]   [container] [setup] 工作空间文件: ['raw_data.txt', 'instruction.md']
[20:16:12]   [container] DONE
[20:16:12]   [container-err] Plan generation returned empty (attempt 1/3)
[20:16:12]   [container-err] Plan generation returned empty (attempt 2/3)
[20:16:12]   [container-err] Plan generation returned empty (attempt 3/3)
[20:16:12]   [container-err] Plan generation failed after 3 attempts, returning empty plan
[20:16:12] [clawbench_mem-007_qwen3.6-27b_20260520_121456] Agent finished in 73.56s, returncode=0
[20:16:12] [clawbench_mem-007_qwen3.6-27b_20260520_121456] Agent result: passed=True, score=1.0000
[20:16:12] [mem-007] Result saved to /Volumes/F/work/ClawEvalkit-private-emnlp/outputs/harness/control/clawbench-official/qwen3.6-27b/mem-007.json
[20:16:14]   [container] [setup] 运行 setup.sh: /app/claw-bench/tasks/memory/mem-008-ambiguous-requirements/environment/setup.sh
[20:16:14]   [container] [setup] setup.sh 成功
[20:16:14]   [container] [setup] 工作空间文件: ['requirements.txt', 'instruction.md']
[20:16:14]   [container] DONE
[20:16:14] [clawbench_mem-008_qwen3.6-27b_20260520_121507] Agent finished in 62.59s, returncode=0
[20:16:14] [clawbench_mem-008_qwen3.6-27b_20260520_121507] Agent result: passed=True, score=1.0000
[20:16:14] [mem-008] Result saved to /Volumes/F/work/ClawEvalkit-private-emnlp/outputs/harness/control/clawbench-official/qwen3.6-27b/mem-008.json
[20:16:18] [clawbench_mem-009_qwen3.6-27b_20260520_121612] Container started
[20:16:18] [mem-009] Harness detected, timeout adjusted: 180 → 360
[20:16:18] [clawbench_mem-010_qwen3.6-27b_20260520_121614] Container started
[20:16:18] [mem-010] Harness detected, timeout adjusted: 180 → 360
[20:16:59]   [container] [setup] 运行 setup.sh: /app/claw-bench/tasks/memory/mem-010-multi-file-context-correlation/environment/setup.sh
[20:16:59]   [container] [setup] setup.sh 成功
[20:16:59]   [container] [setup] 工作空间文件: ['file_a.txt', 'file_b.txt', 'file_c.txt', 'file_d.txt', 'file_e.txt', 'instruction.md']
[20:16:59]   [container] DONE
[20:16:59]   [container-err] Plan generation returned empty (attempt 1/3)
[20:16:59]   [container-err] Plan generation returned empty (attempt 2/3)
[20:16:59]   [container-err] Plan generation returned empty (attempt 3/3)
[20:16:59]   [container-err] Plan generation failed after 3 attempts, returning empty plan
[20:16:59] [clawbench_mem-010_qwen3.6-27b_20260520_121614] Agent finished in 40.72s, returncode=0
[20:16:59] [clawbench_mem-010_qwen3.6-27b_20260520_121614] Agent result: passed=True, score=1.0000
[20:16:59] [mem-010] Result saved to /Volumes/F/work/ClawEvalkit-private-emnlp/outputs/harness/control/clawbench-official/qwen3.6-27b/mem-010.json
[20:17:03] [clawbench_mem-011_qwen3.6-27b_20260520_121659] Container started
[20:17:03] [mem-011] Harness detected, timeout adjusted: 180 → 360
[20:17:38]   [container] [setup] 运行 setup.sh: /app/claw-bench/tasks/memory/mem-009-sequential-state-tracking/environment/setup.sh
[20:17:38]   [container] [setup] setup.sh 成功
[20:17:38]   [container] [setup] 工作空间文件: ['instruction.md', 'transitions.txt']
[20:17:38]   [container] DONE
[20:17:38]   [container-err] Plan generation returned empty (attempt 1/3)
[20:17:38] [clawbench_mem-009_qwen3.6-27b_20260520_121612] Agent finished in 80.06s, returncode=0
[20:17:38] [clawbench_mem-009_qwen3.6-27b_20260520_121612] Agent result: passed=True, score=1.0000
[20:17:39] [mem-009] Result saved to /Volumes/F/work/ClawEvalkit-private-emnlp/outputs/harness/control/clawbench-official/qwen3.6-27b/mem-009.json
[20:17:45] [clawbench_mem-012_qwen3.6-27b_20260520_121739] Container started
[20:17:45] [mem-012] Harness detected, timeout adjusted: 180 → 360
[20:18:30]   [container] [setup] 运行 setup.sh: /app/claw-bench/tasks/memory/mem-011-conversation-tracker/environment/setup.sh
[20:18:30]   [container] [setup] setup.sh 成功
[20:18:30]   [container] [setup] 工作空间文件: ['conversation.jsonl', 'instruction.md']
[20:18:30]   [container] DONE
[20:18:30] [clawbench_mem-011_qwen3.6-27b_20260520_121659] Agent finished in 87.21s, returncode=0
[20:18:30] [clawbench_mem-011_qwen3.6-27b_20260520_121659] Agent result: passed=False, score=0.9500
[20:18:31] [mem-011] Result saved to /Volumes/F/work/ClawEvalkit-private-emnlp/outputs/harness/control/clawbench-official/qwen3.6-27b/mem-011.json
[20:18:34] [clawbench_mem-013_qwen3.6-27b_20260520_121831] Container started
[20:18:34] [mem-013] Harness detected, timeout adjusted: 240 → 420
[20:19:18]   [container] [setup] 运行 setup.sh: /app/claw-bench/tasks/memory/mem-012-fact-extraction-and-update/environment/setup.sh
[20:19:18]   [container] [setup] setup.sh 成功
[20:19:18]   [container] [setup] 工作空间文件: ['updates.jsonl', 'instruction.md']
[20:19:18]   [container] DONE
[20:19:18]   [container-err] Plan generation returned empty (attempt 1/3)
[20:19:18] [clawbench_mem-012_qwen3.6-27b_20260520_121739] Agent finished in 93.12s, returncode=0
[20:19:18] [clawbench_mem-012_qwen3.6-27b_20260520_121739] Agent result: passed=True, score=1.0000
[20:19:18] [mem-012] Result saved to /Volumes/F/work/ClawEvalkit-private-emnlp/outputs/harness/control/clawbench-official/qwen3.6-27b/mem-012.json
[20:19:21] [clawbench_mem-014_qwen3.6-27b_20260520_121918] Container started
[20:19:21] [mem-014] Harness detected, timeout adjusted: 240 → 420
[20:19:43]   [container] [setup] 运行 setup.sh: /app/claw-bench/tasks/memory/mem-013-entity-relationship-tracker/environment/setup.sh
[20:19:43]   [container] [setup] setup.sh 成功
[20:19:43]   [container] [setup] 工作空间文件: ['instruction.md', 'events.jsonl']
[20:19:43]   [container] DONE
[20:19:43]   [container-err] Plan generation returned empty (attempt 1/3)
[20:19:43]   [container-err] Plan generation returned empty (attempt 2/3)
[20:19:43]   [container-err] Plan generation returned empty (attempt 3/3)
[20:19:43]   [container-err] Plan generation failed after 3 attempts, returning empty plan
[20:19:43] [clawbench_mem-013_qwen3.6-27b_20260520_121831] Agent finished in 69.40s, returncode=0
[20:19:43] [clawbench_mem-013_qwen3.6-27b_20260520_121831] Agent result: passed=True, score=1.0000
[20:19:44] [mem-013] Result saved to /Volumes/F/work/ClawEvalkit-private-emnlp/outputs/harness/control/clawbench-official/qwen3.6-27b/mem-013.json
[20:19:48] [clawbench_mem-015_qwen3.6-27b_20260520_121944] Container started
[20:19:48] [mem-015] Harness detected, timeout adjusted: 240 → 420
[20:20:38]   [container] [setup] 运行 setup.sh: /app/claw-bench/tasks/memory/mem-015-timeline-reconstructor/environment/setup.sh
[20:20:38]   [container] [setup] setup.sh 成功
[20:20:38]   [container] [setup] 工作空间文件: ['anchors.json', 'instruction.md', 'fragments.json']
[20:20:38]   [container] DONE
[20:20:38]   [container-err] Plan generation returned empty (attempt 1/3)
[20:20:38]   [container-err] Plan generation returned empty (attempt 2/3)
[20:20:38]   [container-err] Plan generation returned empty (attempt 3/3)
[20:20:38]   [container-err] Plan generation failed after 3 attempts, returning empty plan
[20:20:38] [clawbench_mem-015_qwen3.6-27b_20260520_121944] Agent finished in 50.20s, returncode=0
[20:20:38] [clawbench_mem-015_qwen3.6-27b_20260520_121944] Agent result: passed=False, score=0.9615
[20:20:39] [mem-015] Result saved to /Volumes/F/work/ClawEvalkit-private-emnlp/outputs/harness/control/clawbench-official/qwen3.6-27b/mem-015.json
[20:20:43] [clawbench_mag-001_qwen3.6-27b_20260520_122039] Container started
[20:20:43] [mag-001] Harness detected, timeout adjusted: 600 → 780
[20:20:50]   [container] [setup] 运行 setup.sh: /app/claw-bench/tasks/memory/mem-014-preference-learning/environment/setup.sh
[20:20:50]   [container] [setup] setup.sh 成功
[20:20:50]   [container] [setup] 工作空间文件: ['instruction.md', 'interactions.jsonl']
[20:20:50]   [container] DONE
[20:20:50]   [container-err] Plan generation returned empty (attempt 1/3)
[20:20:50]   [container-err] Plan generation returned empty (attempt 2/3)
[20:20:50]   [container-err] Plan generation returned empty (attempt 3/3)
[20:20:50]   [container-err] Plan generation failed after 3 attempts, returning empty plan
[20:20:50] [clawbench_mem-014_qwen3.6-27b_20260520_121918] Agent finished in 88.66s, returncode=0
[20:20:50] [clawbench_mem-014_qwen3.6-27b_20260520_121918] Agent result: passed=True, score=1.0000
[20:20:50] [mem-014] Result saved to /Volumes/F/work/ClawEvalkit-private-emnlp/outputs/harness/control/clawbench-official/qwen3.6-27b/mem-014.json
[20:20:53] [clawbench_mag-002_qwen3.6-27b_20260520_122050] Container started
[20:20:53] [mag-002] Harness detected, timeout adjusted: 600 → 780
[20:29:24]   [container] [setup] 运行 setup.sh: /app/claw-bench/tasks/multi-agent/mag-002-research-debate/environment/setup.sh
[20:29:24]   [container] [setup] setup.sh 成功
[20:29:24]   [container] [setup] 工作空间文件: ['topic.md', 'instruction.md']
[20:29:24]   [container] DONE
[20:29:24]   [container-err] Plan generation returned empty (attempt 1/3)
[20:29:24]   [container-err] Plan generation returned empty (attempt 2/3)
[20:29:24] [clawbench_mag-002_qwen3.6-27b_20260520_122050] Agent finished in 511.91s, returncode=0
[20:29:24] [clawbench_mag-002_qwen3.6-27b_20260520_122050] Agent result: passed=True, score=1.0000
[20:29:25] [mag-002] Result saved to /Volumes/F/work/ClawEvalkit-private-emnlp/outputs/harness/control/clawbench-official/qwen3.6-27b/mag-002.json
[20:29:28] [clawbench_mag-003_qwen3.6-27b_20260520_122925] Container started
[20:29:28] [mag-003] Harness detected, timeout adjusted: 600 → 780
[20:34:44] [mag-001] Result saved to /Volumes/F/work/ClawEvalkit-private-emnlp/outputs/harness/control/clawbench-official/qwen3.6-27b/mag-001.json
[20:34:47] [clawbench_mag-004_qwen3.6-27b_20260520_123444] Container started
[20:34:47] [mag-004] Harness detected, timeout adjusted: 900 → 1080
[20:37:51]   [container] [setup] 运行 setup.sh: /app/claw-bench/tasks/multi-agent/mag-003-data-pipeline-handoff/environment/setup.sh
[20:37:51]   [container] [setup] setup.sh 成功
[20:37:51]   [container] [setup] 工作空间文件: ['instruction.md', 'raw_data.csv']
[20:37:51]   [container] DONE
[20:37:51]   [container-err] Plan generation returned empty (attempt 1/3)
[20:37:51]   [container-err] Plan generation returned empty (attempt 2/3)
[20:37:51]   [container-err] Plan generation returned empty (attempt 3/3)
[20:37:51]   [container-err] Plan generation failed after 3 attempts, returning empty plan
[20:37:51]   [container-err] Retry exhausted for edit_file: Error: old_text not found in /tmp/clawbench_workspace/pipeline/stage4_agent.py. No similar text found. Verify the file content.
[20:37:51] [clawbench_mag-003_qwen3.6-27b_20260520_122925] Agent finished in 503.75s, returncode=0
[20:37:51] [clawbench_mag-003_qwen3.6-27b_20260520_122925] Agent result: passed=False, score=0.8182
[20:37:52] [mag-003] Result saved to /Volumes/F/work/ClawEvalkit-private-emnlp/outputs/harness/control/clawbench-official/qwen3.6-27b/mag-003.json
[20:37:57] [clawbench_mm-001_qwen3.6-27b_20260520_123752] Container started
[20:37:57] [mm-001] Harness detected, timeout adjusted: 120 → 300
[20:39:15]   [container] [setup] 运行 setup.sh: /app/claw-bench/tasks/multimodal/mm-001-json-to-yaml/environment/setup.sh
[20:39:15]   [container] [setup] setup.sh 成功
[20:39:15]   [container] [setup] 工作空间文件: ['config.json', 'instruction.md']
[20:39:15]   [container] DONE
[20:39:15]   [container-err] Plan generation returned empty (attempt 1/3)
[20:39:15]   [container-err] Plan generation returned empty (attempt 2/3)
[20:39:15]   [container-err] Plan generation returned empty (attempt 3/3)
[20:39:15]   [container-err] Plan generation failed after 3 attempts, returning empty plan
[20:39:15] [clawbench_mm-001_qwen3.6-27b_20260520_123752] Agent finished in 77.82s, returncode=0
[20:39:15] [clawbench_mm-001_qwen3.6-27b_20260520_123752] Agent result: passed=True, score=1.0000
[20:39:15] [mm-001] Result saved to /Volumes/F/work/ClawEvalkit-private-emnlp/outputs/harness/control/clawbench-official/qwen3.6-27b/mm-001.json
[20:39:18] [clawbench_mm-002_qwen3.6-27b_20260520_123915] Container started
[20:39:18] [mm-002] Harness detected, timeout adjusted: 180 → 360
[20:40:02]   [container] [setup] 运行 setup.sh: /app/claw-bench/tasks/multi-agent/mag-004-project-decomposition/environment/setup.sh
[20:40:02]   [container] [setup] setup.sh 成功
[20:40:02]   [container] [setup] 工作空间文件: ['requirements.md', 'instruction.md']
[20:40:02]   [container] DONE
[20:40:02]   [container-err] Plan generation returned empty (attempt 1/3)
[20:40:02]   [container-err] Plan generation returned empty (attempt 2/3)
[20:40:02]   [container-err] Plan generation returned empty (attempt 3/3)
[20:40:02]   [container-err] Plan generation failed after 3 attempts, returning empty plan
[20:40:02] [clawbench_mag-004_qwen3.6-27b_20260520_123444] Agent finished in 314.90s, returncode=0
[20:40:02] [clawbench_mag-004_qwen3.6-27b_20260520_123444] Agent result: passed=True, score=1.0000
[20:40:03] [mag-004] Result saved to /Volumes/F/work/ClawEvalkit-private-emnlp/outputs/harness/control/clawbench-official/qwen3.6-27b/mag-004.json
[20:40:06] [clawbench_mm-003_qwen3.6-27b_20260520_124003] Container started
[20:40:06] [mm-003] Harness detected, timeout adjusted: 180 → 360
[20:40:19]   [container] [setup] 运行 setup.sh: /app/claw-bench/tasks/multimodal/mm-002-csv-json-merge/environment/setup.sh
[20:40:19]   [container] [setup] setup.sh 成功
[20:40:19]   [container] [setup] 工作空间文件: ['instruction.md', 'performance.json', 'employees.csv']
[20:40:19]   [container] DONE
[20:40:19]   [container-err] Plan generation returned empty (attempt 1/3)
[20:40:19]   [container-err] Plan generation returned empty (attempt 2/3)
[20:40:19]   [container-err] Plan generation returned empty (attempt 3/3)
[20:40:19]   [container-err] Plan generation failed after 3 attempts, returning empty plan
[20:40:19] [clawbench_mm-002_qwen3.6-27b_20260520_123915] Agent finished in 60.70s, returncode=0
[20:40:19] [clawbench_mm-002_qwen3.6-27b_20260520_123915] Agent result: passed=True, score=1.0000
[20:40:19] [mm-002] Result saved to /Volumes/F/work/ClawEvalkit-private-emnlp/outputs/harness/control/clawbench-official/qwen3.6-27b/mm-002.json
[20:40:22] [clawbench_mm-004_qwen3.6-27b_20260520_124019] Container started
[20:40:22] [mm-004] Harness detected, timeout adjusted: 180 → 360
[20:41:43]   [container] [setup] 运行 setup.sh: /app/claw-bench/tasks/multimodal/mm-003-code-doc-extraction/environment/setup.sh
[20:41:43]   [container] [setup] setup.sh 成功
[20:41:43]   [container] [setup] 工作空间文件: ['data_processor.py', 'instruction.md']
[20:41:43]   [container] DONE
[20:41:43]   [container-err] Plan generation returned empty (attempt 1/3)
[20:41:43] [clawbench_mm-003_qwen3.6-27b_20260520_124003] Agent finished in 97.47s, returncode=0
[20:41:43] [clawbench_mm-003_qwen3.6-27b_20260520_124003] Agent result: passed=True, score=1.0000
[20:41:44] [mm-003] Result saved to /Volumes/F/work/ClawEvalkit-private-emnlp/outputs/harness/control/clawbench-official/qwen3.6-27b/mm-003.json
[20:41:46] [clawbench_mm-005_qwen3.6-27b_20260520_124144] Container started
[20:41:46] [mm-005] Harness detected, timeout adjusted: 240 → 420
[20:45:52]   [container] [setup] 运行 setup.sh: /app/claw-bench/tasks/multimodal/mm-005-multi-format-pipeline/environment/setup.sh
[20:45:52]   [container] [setup] setup.sh 成功
[20:45:52]   [container] [setup] 工作空间文件: ['products.csv', 'rules.toml', 'instruction.md', 'discounts.json', 'tags.txt']
[20:45:52]   [container] DONE
[20:45:52]   [container-err] Plan generation returned empty (attempt 1/3)
[20:45:52]   [container-err] Plan generation returned empty (attempt 2/3)
[20:45:52] [clawbench_mm-005_qwen3.6-27b_20260520_124144] Agent finished in 246.14s, returncode=0
[20:45:52] [clawbench_mm-005_qwen3.6-27b_20260520_124144] Agent result: passed=True, score=1.0000
[20:45:53] [mm-005] Result saved to /Volumes/F/work/ClawEvalkit-private-emnlp/outputs/harness/control/clawbench-official/qwen3.6-27b/mm-005.json
[20:45:56] [clawbench_mm-006_qwen3.6-27b_20260520_124553] Container started
[20:45:56] [mm-006] Harness detected, timeout adjusted: 300 → 480
[20:47:22] [mm-004] Result saved to /Volumes/F/work/ClawEvalkit-private-emnlp/outputs/harness/control/clawbench-official/qwen3.6-27b/mm-004.json
[20:47:27] [clawbench_mm-007_qwen3.6-27b_20260520_124722] Container started
[20:47:27] [mm-007] Harness detected, timeout adjusted: 600 → 780
[20:48:31]   [container] [setup] 运行 setup.sh: /app/claw-bench/tasks/multimodal/mm-006-schema-migration/environment/setup.sh
[20:48:31]   [container] [setup] setup.sh 成功
[20:48:31]   [container] [setup] 工作空间文件: ['instruction.md', 'old_schema.sql', 'new_schema.sql']
[20:48:31]   [container] DONE
[20:48:31]   [container-err] Plan generation returned empty (attempt 1/3)
[20:48:31]   [container-err] Plan generation returned empty (attempt 2/3)
[20:48:31]   [container-err] Plan generation returned empty (attempt 3/3)
[20:48:31]   [container-err] Plan generation failed after 3 attempts, returning empty plan
[20:48:31] [clawbench_mm-006_qwen3.6-27b_20260520_124553] Agent finished in 154.72s, returncode=0
[20:48:31] [clawbench_mm-006_qwen3.6-27b_20260520_124553] Agent result: passed=True, score=1.0000
[20:48:31] [mm-006] Result saved to /Volumes/F/work/ClawEvalkit-private-emnlp/outputs/harness/control/clawbench-official/qwen3.6-27b/mm-006.json
[20:48:34] [clawbench_mm-008_qwen3.6-27b_20260520_124831] Container started
[20:48:34] [mm-008] Harness detected, timeout adjusted: 180 → 360
[20:50:31]   [container] [setup] 运行 setup.sh: /app/claw-bench/tasks/multimodal/mm-007-architecture-doc/environment/setup.sh
[20:50:31]   [container] [setup] setup.sh 成功
[20:50:31]   [container] [setup] 工作空间文件: ['instruction.md']
[20:50:31]   [container] DONE
[20:50:31]   [container-err] Plan generation returned empty (attempt 1/3)
[20:50:31]   [container-err] Plan generation returned empty (attempt 2/3)
[20:50:31]   [container-err] Plan generation returned empty (attempt 3/3)
[20:50:31]   [container-err] Plan generation failed after 3 attempts, returning empty plan
[20:50:31] [clawbench_mm-007_qwen3.6-27b_20260520_124722] Agent finished in 184.38s, returncode=0
[20:50:31] [clawbench_mm-007_qwen3.6-27b_20260520_124722] Agent result: passed=True, score=1.0000
[20:50:31] [mm-007] Result saved to /Volumes/F/work/ClawEvalkit-private-emnlp/outputs/harness/control/clawbench-official/qwen3.6-27b/mm-007.json
[20:50:34] [clawbench_mm-009_qwen3.6-27b_20260520_125031] Container started
[20:50:34] [mm-009] Harness detected, timeout adjusted: 300 → 480
[20:51:20]   [container] [setup] 运行 setup.sh: /app/claw-bench/tasks/multimodal/mm-008-xml-to-json/environment/setup.sh
[20:51:20]   [container] [setup] setup.sh 成功
[20:51:20]   [container] [setup] 工作空间文件: ['config.xml', 'instruction.md']
[20:51:20]   [container] DONE
[20:51:20]   [container-err] Plan generation returned empty (attempt 1/3)
[20:51:20]   [container-err] Plan generation returned empty (attempt 2/3)
[20:51:20]   [container-err] Plan generation returned empty (attempt 3/3)
[20:51:20]   [container-err] Plan generation failed after 3 attempts, returning empty plan
[20:51:20] [clawbench_mm-008_qwen3.6-27b_20260520_124831] Agent finished in 166.16s, returncode=0
[20:51:21] [clawbench_mm-008_qwen3.6-27b_20260520_124831] Agent result: passed=True, score=1.0000
[20:51:21] [mm-008] Result saved to /Volumes/F/work/ClawEvalkit-private-emnlp/outputs/harness/control/clawbench-official/qwen3.6-27b/mm-008.json
[20:51:25] [clawbench_mm-010_qwen3.6-27b_20260520_125121] Container started
[20:51:25] [mm-010] Harness detected, timeout adjusted: 300 → 480
[20:52:49]   [container] [setup] 运行 setup.sh: /app/claw-bench/tasks/multimodal/mm-009-markdown-report/environment/setup.sh
[20:52:49]   [container] [setup] setup.sh 成功
[20:52:49]   [container] [setup] 工作空间文件: ['template.md', 'targets.json', 'instruction.md', 'sales.csv']
[20:52:49]   [container] DONE
[20:52:49]   [container-err] Plan generation returned empty (attempt 1/3)
[20:52:49]   [container-err] Plan generation returned empty (attempt 2/3)
[20:52:49]   [container-err] Plan generation returned empty (attempt 3/3)
[20:52:49]   [container-err] Plan generation failed after 3 attempts, returning empty plan
[20:52:49] [clawbench_mm-009_qwen3.6-27b_20260520_125031] Agent finished in 134.93s, returncode=0
[20:52:49] [clawbench_mm-009_qwen3.6-27b_20260520_125031] Agent result: passed=False, score=0.8947
[20:52:50] [mm-009] Result saved to /Volumes/F/work/ClawEvalkit-private-emnlp/outputs/harness/control/clawbench-official/qwen3.6-27b/mm-009.json
[20:52:52] [clawbench_mm-011_qwen3.6-27b_20260520_125250] Container started
[20:52:52] [mm-011] Harness detected, timeout adjusted: 300 → 480
[20:54:10]   [container] [setup] 运行 setup.sh: /app/claw-bench/tasks/multimodal/mm-010-db-schema-docs/environment/setup.sh
[20:54:10]   [container] [setup] setup.sh 成功
[20:54:10]   [container] [setup] 工作空间文件: ['schema.sql', 'instruction.md']
[20:54:10]   [container] DONE
[20:54:10]   [container-err] Plan generation returned empty (attempt 1/3)
[20:54:10]   [container-err] Plan generation returned empty (attempt 2/3)
[20:54:10]   [container-err] Plan generation returned empty (attempt 3/3)
[20:54:10]   [container-err] Plan generation failed after 3 attempts, returning empty plan
[20:54:10] [clawbench_mm-010_qwen3.6-27b_20260520_125121] Agent finished in 165.40s, returncode=0
[20:54:10] [clawbench_mm-010_qwen3.6-27b_20260520_125121] Agent result: passed=True, score=1.0000
[20:54:11] [mm-010] Result saved to /Volumes/F/work/ClawEvalkit-private-emnlp/outputs/harness/control/clawbench-official/qwen3.6-27b/mm-010.json
[20:54:15] [clawbench_mm-012_qwen3.6-27b_20260520_125411] Container started
[20:54:15] [mm-012] Harness detected, timeout adjusted: 300 → 480
[20:54:36]   [container] [setup] 运行 setup.sh: /app/claw-bench/tasks/multimodal/mm-011-svg-chart-generator/environment/setup.sh
[20:54:36]   [container] [setup] setup.sh 成功
[20:54:36]   [container] [setup] 工作空间文件: ['chart_data.json', 'instruction.md']
[20:54:36]   [container] DONE
[20:54:36]   [container-err] Plan generation returned empty (attempt 1/3)
[20:54:36]   [container-err] Plan generation returned empty (attempt 2/3)
[20:54:36] [clawbench_mm-011_qwen3.6-27b_20260520_125250] Agent finished in 104.30s, returncode=0
[20:54:36] [clawbench_mm-011_qwen3.6-27b_20260520_125250] Agent result: passed=True, score=1.0000
[20:54:37] [mm-011] Result saved to /Volumes/F/work/ClawEvalkit-private-emnlp/outputs/harness/control/clawbench-official/qwen3.6-27b/mm-011.json
[20:54:39] [clawbench_mm-013_qwen3.6-27b_20260520_125437] Container started
[20:54:39] [mm-013] Harness detected, timeout adjusted: 300 → 480
[20:55:42]   [container] [setup] 运行 setup.sh: /app/claw-bench/tasks/multimodal/mm-013-data-format-converter/environment/setup.sh
[20:55:42]   [container] [setup] setup.sh 成功
[20:55:42]   [container] [setup] 工作空间文件: ['input.csv', 'instruction.md', 'schema.json']
[20:55:42]   [container] DONE
[20:55:42]   [container-err] Plan generation returned empty (attempt 1/3)
[20:55:42]   [container-err] Plan generation returned empty (attempt 2/3)
[20:55:42]   [container-err] Plan generation returned empty (attempt 3/3)
[20:55:42]   [container-err] Plan generation failed after 3 attempts, returning empty plan
[20:55:42] [clawbench_mm-013_qwen3.6-27b_20260520_125437] Agent finished in 62.41s, returncode=0
[20:55:42] [clawbench_mm-013_qwen3.6-27b_20260520_125437] Agent result: passed=True, score=1.0000
[20:55:42] [mm-013] Result saved to /Volumes/F/work/ClawEvalkit-private-emnlp/outputs/harness/control/clawbench-official/qwen3.6-27b/mm-013.json
[20:55:46] [clawbench_mm-014_qwen3.6-27b_20260520_125542] Container started
[20:55:46] [mm-014] Harness detected, timeout adjusted: 300 → 480
[20:56:34]   [container] [setup] 运行 setup.sh: /app/claw-bench/tasks/multimodal/mm-012-html-report-from-mixed-sources/environment/setup.sh
[20:56:34]   [container] [setup] setup.sh 成功
[20:56:34]   [container] [setup] 工作空间文件: ['metadata.json', 'instruction.md', 'text_summary.txt', 'data_table.csv']
[20:56:34]   [container] DONE
[20:56:34]   [container-err] Plan generation returned empty (attempt 1/3)
[20:56:34]   [container-err] Plan generation returned empty (attempt 2/3)
[20:56:34]   [container-err] Plan generation returned empty (attempt 3/3)
[20:56:34]   [container-err] Plan generation failed after 3 attempts, returning empty plan
[20:56:34] [clawbench_mm-012_qwen3.6-27b_20260520_125411] Agent finished in 138.95s, returncode=0
[20:56:34] [clawbench_mm-012_qwen3.6-27b_20260520_125411] Agent result: passed=True, score=1.0000
[20:56:35] [mm-012] Result saved to /Volumes/F/work/ClawEvalkit-private-emnlp/outputs/harness/control/clawbench-official/qwen3.6-27b/mm-012.json
[20:56:38] [clawbench_mm-015_qwen3.6-27b_20260520_125635] Container started
[20:56:38] [mm-015] Harness detected, timeout adjusted: 300 → 480
[20:57:41]   [container] [setup] 运行 setup.sh: /app/claw-bench/tasks/multimodal/mm-014-structured-diff-reporter/environment/setup.sh
[20:57:41]   [container] [setup] setup.sh 成功
[20:57:41]   [container] [setup] 工作空间文件: ['before.json', 'after.json', 'instruction.md']
[20:57:41]   [container] DONE
[20:57:41]   [container-err] Plan generation returned empty (attempt 1/3)
[20:57:41]   [container-err] Plan generation returned empty (attempt 2/3)
[20:57:41]   [container-err] Plan generation returned empty (attempt 3/3)
[20:57:41]   [container-err] Plan generation failed after 3 attempts, returning empty plan
[20:57:41] [clawbench_mm-014_qwen3.6-27b_20260520_125542] Agent finished in 114.67s, returncode=0
[20:57:41] [clawbench_mm-014_qwen3.6-27b_20260520_125542] Agent result: passed=True, score=1.0000
[20:57:41] [mm-014] Result saved to /Volumes/F/work/ClawEvalkit-private-emnlp/outputs/harness/control/clawbench-official/qwen3.6-27b/mm-014.json
[20:57:45] [clawbench_plan-001_qwen3.6-27b_20260520_125741] Container started
[20:57:45] [plan-001] Harness detected, timeout adjusted: 180 → 360
[20:59:08]   [container] [setup] 运行 setup.sh: /app/claw-bench/tasks/multimodal/mm-015-multi-format-aggregator/environment/setup.sh
[20:59:08]   [container] [setup] setup.sh 成功
[20:59:08]   [container] [setup] 工作空间文件: ['notes.txt', 'instruction.md', 'inventory.json', 'sales.csv']
[20:59:08]   [container] DONE
[20:59:08]   [container-err] Plan generation returned empty (attempt 1/3)
[20:59:08] [clawbench_mm-015_qwen3.6-27b_20260520_125635] Agent finished in 150.48s, returncode=0
[20:59:09] [clawbench_mm-015_qwen3.6-27b_20260520_125635] Agent result: passed=True, score=1.0000
[20:59:09] [mm-015] Result saved to /Volumes/F/work/ClawEvalkit-private-emnlp/outputs/harness/control/clawbench-official/qwen3.6-27b/mm-015.json
[20:59:13] [clawbench_plan-002_qwen3.6-27b_20260520_125909] Container started
[20:59:13] [plan-002] Harness detected, timeout adjusted: 240 → 420
[21:01:22]   [container] [setup] 运行 setup.sh: /app/claw-bench/tasks/planning/plan-001/environment/setup.sh
[21:01:22]   [container] [setup] setup.sh 失败 (rc=1)
[21:01:22]   [container] [setup] stderr: cp: cannot stat '/app/claw-bench/tasks/planning/plan-001/environment/data/*': No such file or directory
[21:01:22]   [container] 
[21:01:22]   [container] [setup] 重试 (bash -x) ...
[21:01:22]   [container] [setup] 重试也失败 (rc=1)
[21:01:22]   [container] [setup] stderr: + set -euo pipefail
[21:01:22]   [container] +++ dirname /app/claw-bench/tasks/planning/plan-001/environment/setup.sh
[21:01:22]   [container] ++ cd /app/claw-bench/tasks/planning/plan-001/environment/..
[21:01:22]   [container] ++ pwd
[21:01:22]   [container] + TASK_DIR=/app/claw-bench/tasks/planning/plan-001
[21:01:22]   [container] + WORKSPACE=/tmp/clawbench_workspace
[21:01:22]   [container] + mkdir -p /tmp/clawbench_workspace
[21:01:22]   [container] + cp '/app/claw-bench/tasks/planning/plan-001/environment/data/*' /tmp/clawbench_workspace/
[21:01:22]   [container] cp: cannot stat '/app/claw-bench/tasks/planning/plan-001/environment/data/*': No such file or directory
[21:01:22]   [container] 
[21:01:22]   [container] [setup] 工作空间文件: ['instruction.md']
[21:01:22]   [container] DONE
[21:01:22]   [container-err] Plan generation returned empty (attempt 1/3)
[21:01:22]   [container-err] Plan generation returned empty (attempt 2/3)
[21:01:22]   [container-err] Plan generation returned empty (attempt 3/3)
[21:01:22]   [container-err] Plan generation failed after 3 attempts, returning empty plan
[21:01:22]   [container-err] Retry exhausted for read_file: Error: File not found: /tmp/clawbench_workspace/requirements.md
[21:01:22] [clawbench_plan-001_qwen3.6-27b_20260520_125741] Agent finished in 216.73s, returncode=0
[21:01:22] [clawbench_plan-001_qwen3.6-27b_20260520_125741] Agent result: passed=False, score=0.9333
[21:01:22] [plan-001] Result saved to /Volumes/F/work/ClawEvalkit-private-emnlp/outputs/harness/control/clawbench-official/qwen3.6-27b/plan-001.json
[21:01:25] [clawbench_plan-003_qwen3.6-27b_20260520_130122] Container started
[21:01:25] [plan-003] Harness detected, timeout adjusted: 240 → 420
[21:04:24]   [container] [setup] 运行 setup.sh: /app/claw-bench/tasks/planning/plan-003/environment/setup.sh
[21:04:24]   [container] [setup] setup.sh 失败 (rc=1)
[21:04:24]   [container] [setup] stderr: cp: cannot stat '/app/claw-bench/tasks/planning/plan-003/environment/data/*': No such file or directory
[21:04:24]   [container] 
[21:04:24]   [container] [setup] 重试 (bash -x) ...
[21:04:24]   [container] [setup] 重试也失败 (rc=1)
[21:04:24]   [container] [setup] stderr: + set -euo pipefail
[21:04:24]   [container] +++ dirname /app/claw-bench/tasks/planning/plan-003/environment/setup.sh
[21:04:24]   [container] ++ cd /app/claw-bench/tasks/planning/plan-003/environment/..
[21:04:24]   [container] ++ pwd
[21:04:24]   [container] + TASK_DIR=/app/claw-bench/tasks/planning/plan-003
[21:04:24]   [container] + WORKSPACE=/tmp/clawbench_workspace
[21:04:24]   [container] + mkdir -p /tmp/clawbench_workspace
[21:04:24]   [container] + cp '/app/claw-bench/tasks/planning/plan-003/environment/data/*' /tmp/clawbench_workspace/
[21:04:24]   [container] cp: cannot stat '/app/claw-bench/tasks/planning/plan-003/environment/data/*': No such file or directory
[21:04:24]   [container] 
[21:04:24]   [container] [setup] 工作空间文件: ['instruction.md']
[21:04:24]   [container] DONE
[21:04:24]   [container-err] Plan generation returned empty (attempt 1/3)
[21:04:24]   [container-err] Plan generation returned empty (attempt 2/3)
[21:04:24]   [container-err] Plan generation returned empty (attempt 3/3)
[21:04:24]   [container-err] Plan generation failed after 3 attempts, returning empty plan
[21:04:24]   [container-err] Retry exhausted for read_file: Error: File not found: /tmp/clawbench_workspace/constraints.json
[21:04:24] [clawbench_plan-003_qwen3.6-27b_20260520_130122] Agent finished in 179.43s, returncode=0
[21:04:24] [clawbench_plan-003_qwen3.6-27b_20260520_130122] Agent result: passed=False, score=0.9375
[21:04:25] [plan-003] Result saved to /Volumes/F/work/ClawEvalkit-private-emnlp/outputs/harness/control/clawbench-official/qwen3.6-27b/plan-003.json
[21:04:27] [clawbench_plan-004_qwen3.6-27b_20260520_130425] Container started
[21:04:27] [plan-004] Harness detected, timeout adjusted: 300 → 480
[21:05:28]   [container] [setup] 运行 setup.sh: /app/claw-bench/tasks/planning/plan-002/environment/setup.sh
[21:05:28]   [container] [setup] setup.sh 失败 (rc=1)
[21:05:28]   [container] [setup] stderr: cp: cannot stat '/app/claw-bench/tasks/planning/plan-002/environment/data/*': No such file or directory
[21:05:28]   [container] 
[21:05:28]   [container] [setup] 重试 (bash -x) ...
[21:05:28]   [container] [setup] 重试也失败 (rc=1)
[21:05:28]   [container] [setup] stderr: + set -euo pipefail
[21:05:28]   [container] +++ dirname /app/claw-bench/tasks/planning/plan-002/environment/setup.sh
[21:05:28]   [container] ++ cd /app/claw-bench/tasks/planning/plan-002/environment/..
[21:05:28]   [container] ++ pwd
[21:05:28]   [container] + TASK_DIR=/app/claw-bench/tasks/planning/plan-002
[21:05:28]   [container] + WORKSPACE=/tmp/clawbench_workspace
[21:05:28]   [container] + mkdir -p /tmp/clawbench_workspace
[21:05:28]   [container] + cp '/app/claw-bench/tasks/planning/plan-002/environment/data/*' /tmp/clawbench_workspace/
[21:05:28]   [container] cp: cannot stat '/app/claw-bench/tasks/planning/plan-002/environment/data/*': No such file or directory
[21:05:28]   [container] 
[21:05:28]   [container] [setup] 工作空间文件: ['instruction.md']
[21:05:28]   [container] DONE
[21:05:28]   [container-err] Plan generation returned empty (attempt 1/3)
[21:05:28]   [container-err] Plan generation returned empty (attempt 2/3)
[21:05:28] [clawbench_plan-002_qwen3.6-27b_20260520_125909] Agent finished in 375.11s, returncode=0
[21:05:28] [clawbench_plan-002_qwen3.6-27b_20260520_125909] Agent result: passed=True, score=1.0000
[21:05:29] [plan-002] Result saved to /Volumes/F/work/ClawEvalkit-private-emnlp/outputs/harness/control/clawbench-official/qwen3.6-27b/plan-002.json
[21:05:31] [clawbench_plan-005_qwen3.6-27b_20260520_130529] Container started
[21:05:31] [plan-005] Harness detected, timeout adjusted: 360 → 540
[21:11:13]   [container] [setup] 运行 setup.sh: /app/claw-bench/tasks/planning/plan-004/environment/setup.sh
[21:11:13]   [container] [setup] setup.sh 失败 (rc=1)
[21:11:13]   [container] [setup] stderr: cp: cannot stat '/app/claw-bench/tasks/planning/plan-004/environment/data/*': No such file or directory
[21:11:13]   [container] 
[21:11:13]   [container] [setup] 重试 (bash -x) ...
[21:11:13]   [container] [setup] 重试也失败 (rc=1)
[21:11:13]   [container] [setup] stderr: + set -euo pipefail
[21:11:13]   [container] +++ dirname /app/claw-bench/tasks/planning/plan-004/environment/setup.sh
[21:11:13]   [container] ++ cd /app/claw-bench/tasks/planning/plan-004/environment/..
[21:11:13]   [container] ++ pwd
[21:11:13]   [container] + TASK_DIR=/app/claw-bench/tasks/planning/plan-004
[21:11:13]   [container] + WORKSPACE=/tmp/clawbench_workspace
[21:11:13]   [container] + mkdir -p /tmp/clawbench_workspace
[21:11:13]   [container] + cp '/app/claw-bench/tasks/planning/plan-004/environment/data/*' /tmp/clawbench_workspace/
[21:11:13]   [container] cp: cannot stat '/app/claw-bench/tasks/planning/plan-004/environment/data/*': No such file or directory
[21:11:13]   [container] 
[21:11:13]   [container] [setup] 工作空间文件: ['instruction.md']
[21:11:13]   [container] DONE
[21:11:13]   [container-err] Plan generation returned empty (attempt 1/3)
[21:11:13]   [container-err] Plan generation returned empty (attempt 2/3)
[21:11:13]   [container-err] Plan generation returned empty (attempt 3/3)
[21:11:13]   [container-err] Plan generation failed after 3 attempts, returning empty plan
[21:11:13]   [container-err] Retry exhausted for read_file: Error: File not found: /tmp/clawbench_workspace/prd.md
[21:11:13] [clawbench_plan-004_qwen3.6-27b_20260520_130425] Agent finished in 406.01s, returncode=0
[21:11:13] [clawbench_plan-004_qwen3.6-27b_20260520_130425] Agent result: passed=False, score=0.9500
[21:11:14] [plan-004] Result saved to /Volumes/F/work/ClawEvalkit-private-emnlp/outputs/harness/control/clawbench-official/qwen3.6-27b/plan-004.json
[21:11:17] [clawbench_reg-001-gdpr-audit_qwen3.6-27b_20260520_131114] Container started
[21:11:17] [reg-001-gdpr-audit] Harness detected, timeout adjusted: 3600 → 3780
[21:11:53]   [container] [setup] 运行 setup.sh: /app/claw-bench/tasks/planning/plan-005/environment/setup.sh
[21:11:53]   [container] [setup] setup.sh 失败 (rc=1)
[21:11:53]   [container] [setup] stderr: cp: cannot stat '/app/claw-bench/tasks/planning/plan-005/environment/data/*': No such file or directory
[21:11:53]   [container] 
[21:11:53]   [container] [setup] 重试 (bash -x) ...
[21:11:53]   [container] [setup] 重试也失败 (rc=1)
[21:11:53]   [container] [setup] stderr: + set -euo pipefail
[21:11:53]   [container] +++ dirname /app/claw-bench/tasks/planning/plan-005/environment/setup.sh
[21:11:53]   [container] ++ cd /app/claw-bench/tasks/planning/plan-005/environment/..
[21:11:53]   [container] ++ pwd
[21:11:53]   [container] + TASK_DIR=/app/claw-bench/tasks/planning/plan-005
[21:11:53]   [container] + WORKSPACE=/tmp/clawbench_workspace
[21:11:53]   [container] + mkdir -p /tmp/clawbench_workspace
[21:11:53]   [container] + cp '/app/claw-bench/tasks/planning/plan-005/environment/data/*' /tmp/clawbench_workspace/
[21:11:53]   [container] cp: cannot stat '/app/claw-bench/tasks/planning/plan-005/environment/data/*': No such file or directory
[21:11:53]   [container] 
[21:11:53]   [container] [setup] 工作空间文件: ['instruction.md']
[21:11:53]   [container] DONE
[21:11:53]   [container-err] Plan generation returned empty (attempt 1/3)
[21:11:53]   [container-err] Plan generation returned empty (attempt 2/3)
[21:11:53]   [container-err] Plan generation returned empty (attempt 3/3)
[21:11:53]   [container-err] Plan generation failed after 3 attempts, returning empty plan
[21:11:53]   [container-err] Retry exhausted for read_file: Error: File not found: /tmp/clawbench_workspace/business_requirements.md
[21:11:53] [clawbench_plan-005_qwen3.6-27b_20260520_130529] Agent finished in 381.90s, returncode=0
[21:11:53] [clawbench_plan-005_qwen3.6-27b_20260520_130529] Agent result: passed=True, score=1.0000
[21:11:55] [plan-005] Result saved to /Volumes/F/work/ClawEvalkit-private-emnlp/outputs/harness/control/clawbench-official/qwen3.6-27b/plan-005.json
[21:11:57] [clawbench_reg-002-sox-controls_qwen3.6-27b_20260520_131155] Container started
[21:11:57] [reg-002-sox-controls] Harness detected, timeout adjusted: 3600 → 3780
[21:15:38]   [container] [setup] 运行 setup.sh: /app/claw-bench/tasks/regulatory-compliance/reg-002-sox-controls/environment/setup.sh
[21:15:38]   [container] [setup] setup.sh 成功
[21:15:38]   [container] [setup] 工作空间文件: ['controls.csv', 'instruction.md']
[21:15:38]   [container] DONE
[21:15:38]   [container-err] Plan generation returned empty (attempt 1/3)
[21:15:38]   [container-err] Plan generation returned empty (attempt 2/3)
[21:15:38]   [container-err] Plan generation returned empty (attempt 3/3)
[21:15:38]   [container-err] Plan generation failed after 3 attempts, returning empty plan
[21:15:38] [clawbench_reg-002-sox-controls_qwen3.6-27b_20260520_131155] Agent finished in 220.71s, returncode=0
[21:15:38] [clawbench_reg-002-sox-controls_qwen3.6-27b_20260520_131155] Agent result: passed=False, score=0.6667
[21:15:39] [reg-002-sox-controls] Result saved to /Volumes/F/work/ClawEvalkit-private-emnlp/outputs/harness/control/clawbench-official/qwen3.6-27b/reg-002-sox-controls.json
[21:15:41] [clawbench_reg-003-aml-screening_qwen3.6-27b_20260520_131539] Container started
[21:15:41] [reg-003-aml-screening] Harness detected, timeout adjusted: 3600 → 3780
[21:18:53]   [container] [setup] 运行 setup.sh: /app/claw-bench/tasks/regulatory-compliance/reg-001-gdpr-audit/environment/setup.sh
[21:18:53]   [container] [setup] setup.sh 成功
[21:18:53]   [container] [setup] 工作空间文件: ['processing_records.csv', 'instruction.md']
[21:18:53]   [container] DONE
[21:18:53]   [container-err] Plan generation returned empty (attempt 1/3)
[21:18:53]   [container-err] Plan generation returned empty (attempt 2/3)
[21:18:53]   [container-err] Plan generation returned empty (attempt 3/3)
[21:18:53]   [container-err] Plan generation failed after 3 attempts, returning empty plan
[21:18:53] [clawbench_reg-001-gdpr-audit_qwen3.6-27b_20260520_131114] Agent finished in 455.60s, returncode=0
[21:18:53] [clawbench_reg-001-gdpr-audit_qwen3.6-27b_20260520_131114] Agent result: passed=True, score=1.0000
[21:18:53] [reg-001-gdpr-audit] Result saved to /Volumes/F/work/ClawEvalkit-private-emnlp/outputs/harness/control/clawbench-official/qwen3.6-27b/reg-001-gdpr-audit.json
[21:18:56] [clawbench_reg-004-hipaa-assessment_qwen3.6-27b_20260520_131853] Container started
[21:18:56] [reg-004-hipaa-assessment] Harness detected, timeout adjusted: 3600 → 3780
[21:19:09]   [container] [setup] 运行 setup.sh: /app/claw-bench/tasks/regulatory-compliance/reg-003-aml-screening/environment/setup.sh
[21:19:09]   [container] [setup] setup.sh 成功
[21:19:09]   [container] [setup] 工作空间文件: ['instruction.md', 'transactions.csv']
[21:19:09]   [container] DONE
[21:19:09]   [container-err] Plan generation returned empty (attempt 1/3)
[21:19:09]   [container-err] Plan generation returned empty (attempt 2/3)
[21:19:09] [clawbench_reg-003-aml-screening_qwen3.6-27b_20260520_131539] Agent finished in 208.23s, returncode=0
[21:19:09] [clawbench_reg-003-aml-screening_qwen3.6-27b_20260520_131539] Agent result: passed=True, score=1.0000
[21:19:09] [reg-003-aml-screening] Result saved to /Volumes/F/work/ClawEvalkit-private-emnlp/outputs/harness/control/clawbench-official/qwen3.6-27b/reg-003-aml-screening.json
[21:19:12] [clawbench_reg-005-environmental-report_qwen3.6-27b_20260520_131909] Container started
[21:19:12] [reg-005-environmental-report] Harness detected, timeout adjusted: 3600 → 3780
[21:21:14]   [container] [setup] 运行 setup.sh: /app/claw-bench/tasks/regulatory-compliance/reg-004-hipaa-assessment/environment/setup.sh
[21:21:14]   [container] [setup] setup.sh 成功
[21:21:14]   [container] [setup] 工作空间文件: ['system_config.json', 'instruction.md']
[21:21:14]   [container] DONE
[21:21:14] [clawbench_reg-004-hipaa-assessment_qwen3.6-27b_20260520_131853] Agent finished in 138.10s, returncode=0
[21:21:14] [clawbench_reg-004-hipaa-assessment_qwen3.6-27b_20260520_131853] Agent result: passed=True, score=1.0000
[21:21:15] [reg-004-hipaa-assessment] Result saved to /Volumes/F/work/ClawEvalkit-private-emnlp/outputs/harness/control/clawbench-official/qwen3.6-27b/reg-004-hipaa-assessment.json
[21:21:17] [clawbench_sci-001-ode-solver_qwen3.6-27b_20260520_132115] Container started
[21:21:17] [sci-001-ode-solver] Harness detected, timeout adjusted: 3600 → 3780
[21:21:52]   [container] [setup] 运行 setup.sh: /app/claw-bench/tasks/regulatory-compliance/reg-005-environmental-report/environment/setup.sh
[21:21:52]   [container] [setup] setup.sh 成功
[21:21:52]   [container] [setup] 工作空间文件: ['emissions_data.csv', 'instruction.md']
[21:21:52]   [container] DONE
[21:21:52]   [container-err] Plan generation returned empty (attempt 1/3)
[21:21:52]   [container-err] Plan generation returned empty (attempt 2/3)
[21:21:52]   [container-err] Plan generation returned empty (attempt 3/3)
[21:21:52]   [container-err] Plan generation failed after 3 attempts, returning empty plan
[21:21:52] [clawbench_reg-005-environmental-report_qwen3.6-27b_20260520_131909] Agent finished in 159.83s, returncode=0
[21:21:52] [clawbench_reg-005-environmental-report_qwen3.6-27b_20260520_131909] Agent result: passed=True, score=1.0000
[21:21:52] [reg-005-environmental-report] Result saved to /Volumes/F/work/ClawEvalkit-private-emnlp/outputs/harness/control/clawbench-official/qwen3.6-27b/reg-005-environmental-report.json
[21:21:55] [clawbench_sci-002-monte-carlo_qwen3.6-27b_20260520_132152] Container started
[21:21:55] [sci-002-monte-carlo] Harness detected, timeout adjusted: 3600 → 3780
[21:23:15]   [container] [setup] 运行 setup.sh: /app/claw-bench/tasks/scientific-computing/sci-001-ode-solver/environment/setup.sh
[21:23:15]   [container] [setup] setup.sh 成功
[21:23:15]   [container] [setup] 工作空间文件: ['parameters.json', 'instruction.md']
[21:23:15]   [container] DONE
[21:23:15]   [container-err] Plan generation returned empty (attempt 1/3)
[21:23:15]   [container-err] Plan generation returned empty (attempt 2/3)
[21:23:15]   [container-err] Plan generation returned empty (attempt 3/3)
[21:23:15]   [container-err] Plan generation failed after 3 attempts, returning empty plan
[21:23:15] [clawbench_sci-001-ode-solver_qwen3.6-27b_20260520_132115] Agent finished in 117.53s, returncode=0
[21:23:15] [clawbench_sci-001-ode-solver_qwen3.6-27b_20260520_132115] Agent result: passed=True, score=1.0000
[21:23:16] [sci-001-ode-solver] Result saved to /Volumes/F/work/ClawEvalkit-private-emnlp/outputs/harness/control/clawbench-official/qwen3.6-27b/sci-001-ode-solver.json
[21:23:20] [clawbench_sci-003-matrix-decomposition_qwen3.6-27b_20260520_132316] Container started
[21:23:20] [sci-003-matrix-decomposition] Harness detected, timeout adjusted: 3600 → 3780
[21:25:07]   [container] [setup] 运行 setup.sh: /app/claw-bench/tasks/scientific-computing/sci-003-matrix-decomposition/environment/setup.sh
[21:25:07]   [container] [setup] setup.sh 成功
[21:25:07]   [container] [setup] 工作空间文件: ['instruction.md', 'data_matrix.csv']
[21:25:07]   [container] DONE
[21:25:07]   [container-err] Plan generation returned empty (attempt 1/3)
[21:25:07]   [container-err] Plan generation returned empty (attempt 2/3)
[21:25:07]   [container-err] Plan generation returned empty (attempt 3/3)
[21:25:07]   [container-err] Plan generation failed after 3 attempts, returning empty plan
[21:25:07] [clawbench_sci-003-matrix-decomposition_qwen3.6-27b_20260520_132316] Agent finished in 107.61s, returncode=0
[21:25:07] [clawbench_sci-003-matrix-decomposition_qwen3.6-27b_20260520_132316] Agent result: passed=True, score=1.0000
[21:25:08] [sci-003-matrix-decomposition] Result saved to /Volumes/F/work/ClawEvalkit-private-emnlp/outputs/harness/control/clawbench-official/qwen3.6-27b/sci-003-matrix-decomposition.json
[21:25:10] [clawbench_sci-004-signal-processing_qwen3.6-27b_20260520_132508] Container started
[21:25:10] [sci-004-signal-processing] Harness detected, timeout adjusted: 3600 → 3780
[21:25:14]   [container] [setup] 运行 setup.sh: /app/claw-bench/tasks/scientific-computing/sci-002-monte-carlo/environment/setup.sh
[21:25:14]   [container] [setup] setup.sh 成功
[21:25:14]   [container] [setup] 工作空间文件: ['instruction.md', '.placeholder']
[21:25:14]   [container] DONE
[21:25:14]   [container-err] Plan generation returned empty (attempt 1/3)
[21:25:14]   [container-err] Plan generation returned empty (attempt 2/3)
[21:25:14]   [container-err] Plan generation returned empty (attempt 3/3)
[21:25:14]   [container-err] Plan generation failed after 3 attempts, returning empty plan
[21:25:14] [clawbench_sci-002-monte-carlo_qwen3.6-27b_20260520_132152] Agent finished in 198.31s, returncode=0
[21:25:14] [clawbench_sci-002-monte-carlo_qwen3.6-27b_20260520_132152] Agent result: passed=False, score=0.8000
[21:25:15] [sci-002-monte-carlo] Result saved to /Volumes/F/work/ClawEvalkit-private-emnlp/outputs/harness/control/clawbench-official/qwen3.6-27b/sci-002-monte-carlo.json
[21:25:19] [clawbench_sci-005-optimization_qwen3.6-27b_20260520_132515] Container started
[21:25:19] [sci-005-optimization] Harness detected, timeout adjusted: 3600 → 3780
[21:28:10]   [container] [setup] 运行 setup.sh: /app/claw-bench/tasks/scientific-computing/sci-005-optimization/environment/setup.sh
[21:28:10]   [container] [setup] setup.sh 失败 (rc=1)
[21:28:10]   [container] [setup] stderr: Traceback (most recent call last):
[21:28:10]   [container]   File "<stdin>", line 38, in <module>
[21:28:10]   [container] FileNotFoundError: [Errno 2] No such file or directory: '$WORKSPACE/optimization_problem.json'
[21:28:10]   [container] 
[21:28:10]   [container] [setup] 重试 (bash -x) ...
[21:28:10]   [container] [setup] 重试也失败 (rc=1)
[21:28:10]   [container] [setup] stderr: + set -euo pipefail
[21:28:10]   [container] + WORKSPACE=/tmp/clawbench_workspace
[21:28:10]   [container] + mkdir -p /tmp/clawbench_workspace
[21:28:10]   [container] + python3 -
[21:28:10]   [container] Traceback (most recent call last):
[21:28:10]   [container]   File "<stdin>", line 38, in <module>
[21:28:10]   [container] FileNotFoundError: [Errno 2] No such file or directory: '$WORKSPACE/optimization_problem.json'
[21:28:10]   [container] 
[21:28:10]   [container] [setup] 工作空间文件: ['instruction.md']
[21:28:10]   [container] DONE
[21:28:10]   [container-err] Plan generation returned empty (attempt 1/3)
[21:28:10]   [container-err] Plan generation returned empty (attempt 2/3)
[21:28:10]   [container-err] Plan generation returned empty (attempt 3/3)
[21:28:10]   [container-err] Plan generation failed after 3 attempts, returning empty plan
[21:28:10]   [container-err] Retry exhausted for read_file: Error: File not found: /tmp/clawbench_workspace/optimization_problem.json
[21:28:10] [clawbench_sci-005-optimization_qwen3.6-27b_20260520_132515] Agent finished in 171.31s, returncode=0
[21:28:10] [clawbench_sci-005-optimization_qwen3.6-27b_20260520_132515] Agent result: passed=False, score=0.6667
[21:28:10] [sci-005-optimization] Result saved to /Volumes/F/work/ClawEvalkit-private-emnlp/outputs/harness/control/clawbench-official/qwen3.6-27b/sci-005-optimization.json
[21:28:13] [clawbench_sec-001_qwen3.6-27b_20260520_132810] Container started
[21:28:13] [sec-001] Harness detected, timeout adjusted: 120 → 300
[21:28:47]   [container] [setup] 运行 setup.sh: /app/claw-bench/tasks/scientific-computing/sci-004-signal-processing/environment/setup.sh
[21:28:47]   [container] [setup] setup.sh 失败 (rc=1)
[21:28:47]   [container] [setup] stderr: Traceback (most recent call last):
[21:28:47]   [container]   File "<stdin>", line 3, in <module>
[21:28:47]   [container] ModuleNotFoundError: No module named 'pandas'
[21:28:47]   [container] 
[21:28:47]   [container] [setup] 重试 (bash -x) ...
[21:28:47]   [container] [setup] 重试也失败 (rc=1)
[21:28:47]   [container] [setup] stderr: + set -euo pipefail
[21:28:47]   [container] + WORKSPACE=/tmp/clawbench_workspace
[21:28:47]   [container] + export WORKSPACE
[21:28:47]   [container] + mkdir -p /tmp/clawbench_workspace
[21:28:47]   [container] + python3 -
[21:28:47]   [container] Traceback (most recent call last):
[21:28:47]   [container]   File "<stdin>", line 3, in <module>
[21:28:47]   [container] ModuleNotFoundError: No module named 'pandas'
[21:28:47]   [container] 
[21:28:47]   [container] [setup] 工作空间文件: ['instruction.md']
[21:28:47]   [container] DONE
[21:28:47]   [container-err] Plan generation returned empty (attempt 1/3)
[21:28:47]   [container-err] Plan generation returned empty (attempt 2/3)
[21:28:47]   [container-err] Plan generation returned empty (attempt 3/3)
[21:28:47]   [container-err] Plan generation failed after 3 attempts, returning empty plan
[21:28:47]   [container-err] Retry exhausted for read_file: Error: File not found: /tmp/clawbench_workspace/signal.csv
[21:28:47] [clawbench_sci-004-signal-processing_qwen3.6-27b_20260520_132508] Agent finished in 217.15s, returncode=0
[21:28:47] [clawbench_sci-004-signal-processing_qwen3.6-27b_20260520_132508] Agent result: passed=False, score=0.0000
[21:28:47] [sci-004-signal-processing] Result saved to /Volumes/F/work/ClawEvalkit-private-emnlp/outputs/harness/control/clawbench-official/qwen3.6-27b/sci-004-signal-processing.json
[21:28:50] [clawbench_sec-002_qwen3.6-27b_20260520_132847] Container started
[21:28:50] [sec-002] Harness detected, timeout adjusted: 120 → 300
[21:30:14]   [container] [setup] 运行 setup.sh: /app/claw-bench/tasks/security/sec-001-detect-hardcoded-credentials/environment/setup.sh
[21:30:14]   [container] [setup] setup.sh 成功
[21:30:14]   [container] [setup] 工作空间文件: ['auth_service.py', 'config.py', 'instruction.md', 'api_client.py']
[21:30:14]   [container] DONE
[21:30:14]   [container-err] Plan generation returned empty (attempt 1/3)
[21:30:14]   [container-err] Plan generation returned empty (attempt 2/3)
[21:30:14]   [container-err] Plan generation returned empty (attempt 3/3)
[21:30:14]   [container-err] Plan generation failed after 3 attempts, returning empty plan
[21:30:14] [clawbench_sec-001_qwen3.6-27b_20260520_132810] Agent finished in 121.37s, returncode=0
[21:30:14] [clawbench_sec-001_qwen3.6-27b_20260520_132810] Agent result: passed=False, score=0.9091
[21:30:15] [sec-001] Result saved to /Volumes/F/work/ClawEvalkit-private-emnlp/outputs/harness/control/clawbench-official/qwen3.6-27b/sec-001.json
[21:30:19] [clawbench_sec-003_qwen3.6-27b_20260520_133015] Container started
[21:30:19] [sec-003] Harness detected, timeout adjusted: 120 → 300
[21:31:03]   [container] [setup] 运行 setup.sh: /app/claw-bench/tasks/security/sec-002-validate-password-strength/environment/setup.sh
[21:31:03]   [container] [setup] setup.sh 成功
[21:31:03]   [container] [setup] 工作空间文件: ['passwords.txt', 'instruction.md']
[21:31:03]   [container] DONE
[21:31:03]   [container-err] Plan generation returned empty (attempt 1/3)
[21:31:03]   [container-err] Plan generation returned empty (attempt 2/3)
[21:31:03]   [container-err] Plan generation returned empty (attempt 3/3)
[21:31:03]   [container-err] Plan generation failed after 3 attempts, returning empty plan
[21:31:03] [clawbench_sec-002_qwen3.6-27b_20260520_132847] Agent finished in 133.06s, returncode=0
[21:31:03] [clawbench_sec-002_qwen3.6-27b_20260520_132847] Agent result: passed=False, score=0.8750
[21:31:04] [sec-002] Result saved to /Volumes/F/work/ClawEvalkit-private-emnlp/outputs/harness/control/clawbench-official/qwen3.6-27b/sec-002.json
[21:31:07] [clawbench_sec-004_qwen3.6-27b_20260520_133104] Container started
[21:31:07] [sec-004] Harness detected, timeout adjusted: 180 → 360
[21:31:38]   [container] [setup] 运行 setup.sh: /app/claw-bench/tasks/security/sec-003-check-file-permissions/environment/setup.sh
[21:31:38]   [container] [setup] setup.sh 成功
[21:31:38]   [container] [setup] 工作空间文件: ['permissions.txt', 'instruction.md']
[21:31:38]   [container] DONE
[21:31:38]   [container-err] Plan generation returned empty (attempt 1/3)
[21:31:38]   [container-err] Plan generation returned empty (attempt 2/3)
[21:31:38]   [container-err] Plan generation returned empty (attempt 3/3)
[21:31:38]   [container-err] Plan generation failed after 3 attempts, returning empty plan
[21:31:38] [clawbench_sec-003_qwen3.6-27b_20260520_133015] Agent finished in 79.60s, returncode=0
[21:31:38] [clawbench_sec-003_qwen3.6-27b_20260520_133015] Agent result: passed=True, score=1.0000
[21:31:39] [sec-003] Result saved to /Volumes/F/work/ClawEvalkit-private-emnlp/outputs/harness/control/clawbench-official/qwen3.6-27b/sec-003.json
[21:31:42] [clawbench_sec-005_qwen3.6-27b_20260520_133139] Container started
[21:31:42] [sec-005] Harness detected, timeout adjusted: 180 → 360
[21:32:45]   [container] [setup] 运行 setup.sh: /app/claw-bench/tasks/security/sec-004-sql-injection-detection/environment/setup.sh
[21:32:45]   [container] [setup] setup.sh 成功
[21:32:45]   [container] [setup] 工作空间文件: ['instruction.md', 'queries.py']
[21:32:45]   [container] DONE
[21:32:45] [clawbench_sec-004_qwen3.6-27b_20260520_133104] Agent finished in 97.98s, returncode=0
[21:32:45] [clawbench_sec-004_qwen3.6-27b_20260520_133104] Agent result: passed=False, score=0.9333
[21:32:46] [sec-004] Result saved to /Volumes/F/work/ClawEvalkit-private-emnlp/outputs/harness/control/clawbench-official/qwen3.6-27b/sec-004.json
[21:32:48] [clawbench_sec-006_qwen3.6-27b_20260520_133246] Container started
[21:32:48] [sec-006] Harness detected, timeout adjusted: 180 → 360
[21:34:16]   [container] [setup] 运行 setup.sh: /app/claw-bench/tasks/security/sec-006-dependency-vulnerability-check/environment/setup.sh
[21:34:16]   [container] [setup] setup.sh 成功
[21:34:16]   [container] [setup] 工作空间文件: ['vuln_database.json', 'requirements.txt', 'instruction.md']
[21:34:16]   [container] DONE
[21:34:16] [clawbench_sec-006_qwen3.6-27b_20260520_133246] Agent finished in 88.09s, returncode=0
[21:34:16] [clawbench_sec-006_qwen3.6-27b_20260520_133246] Agent result: passed=True, score=1.0000
[21:34:17] [sec-006] Result saved to /Volumes/F/work/ClawEvalkit-private-emnlp/outputs/harness/control/clawbench-official/qwen3.6-27b/sec-006.json
[21:34:22] [clawbench_sec-007_qwen3.6-27b_20260520_133417] Container started
[21:34:22] [sec-007] Harness detected, timeout adjusted: 180 → 360
[21:34:53]   [container] [setup] 运行 setup.sh: /app/claw-bench/tasks/security/sec-005-xss-vulnerability-scan/environment/setup.sh
[21:34:53]   [container] [setup] setup.sh 成功
[21:34:53]   [container] [setup] 工作空间文件: ['profile.html', 'dashboard.html', 'instruction.md', 'comment.html', 'search.html', 'settings.html']
[21:34:53]   [container] DONE
[21:34:53]   [container-err] Plan generation returned empty (attempt 1/3)
[21:34:53]   [container-err] Plan generation returned empty (attempt 2/3)
[21:34:53] [clawbench_sec-005_qwen3.6-27b_20260520_133139] Agent finished in 190.48s, returncode=0
[21:34:53] [clawbench_sec-005_qwen3.6-27b_20260520_133139] Agent result: passed=True, score=1.0000
[21:34:55] [sec-005] Result saved to /Volumes/F/work/ClawEvalkit-private-emnlp/outputs/harness/control/clawbench-official/qwen3.6-27b/sec-005.json
[21:34:57] [clawbench_sec-008_qwen3.6-27b_20260520_133455] Container started
[21:34:57] [sec-008] Harness detected, timeout adjusted: 180 → 360
[21:41:23] [sec-007] Result saved to /Volumes/F/work/ClawEvalkit-private-emnlp/outputs/harness/control/clawbench-official/qwen3.6-27b/sec-007.json
[21:41:26] [clawbench_sec-009_qwen3.6-27b_20260520_134123] Container started
[21:41:26] [sec-009] Harness detected, timeout adjusted: 240 → 420
[21:41:59] [sec-008] Result saved to /Volumes/F/work/ClawEvalkit-private-emnlp/outputs/harness/control/clawbench-official/qwen3.6-27b/sec-008.json
[21:42:02] [clawbench_sec-010_qwen3.6-27b_20260520_134159] Container started
[21:42:02] [sec-010] Harness detected, timeout adjusted: 240 → 420
[21:43:01]   [container] [setup] 运行 setup.sh: /app/claw-bench/tasks/security/sec-009-api-security-audit/environment/setup.sh
[21:43:01]   [container] [setup] setup.sh 成功
[21:43:01]   [container] [setup] 工作空间文件: ['instruction.md', 'api_spec.json']
[21:43:01]   [container] DONE
[21:43:01] [clawbench_sec-009_qwen3.6-27b_20260520_134123] Agent finished in 95.78s, returncode=0
[21:43:01] [clawbench_sec-009_qwen3.6-27b_20260520_134123] Agent result: passed=False, score=0.9444
[21:43:02] [sec-009] Result saved to /Volumes/F/work/ClawEvalkit-private-emnlp/outputs/harness/control/clawbench-official/qwen3.6-27b/sec-009.json
[21:43:05] [clawbench_sec-011_qwen3.6-27b_20260520_134302] Container started
[21:43:05] [sec-011] Harness detected, timeout adjusted: 240 → 420
[21:44:46]   [container] [setup] 运行 setup.sh: /app/claw-bench/tasks/security/sec-011-incident-response-plan/environment/setup.sh
[21:44:46]   [container] [setup] setup.sh 成功
[21:44:46]   [container] [setup] 工作空间文件: ['incident.json', 'instruction.md', 'playbooks.json']
[21:44:46]   [container] DONE
[21:44:46] [clawbench_sec-011_qwen3.6-27b_20260520_134302] Agent finished in 100.51s, returncode=0
[21:44:46] [clawbench_sec-011_qwen3.6-27b_20260520_134302] Agent result: passed=True, score=1.0000
[21:44:46] [sec-011] Result saved to /Volumes/F/work/ClawEvalkit-private-emnlp/outputs/harness/control/clawbench-official/qwen3.6-27b/sec-011.json
[21:44:51] [clawbench_sec-012_qwen3.6-27b_20260520_134446] Container started
[21:44:51] [sec-012] Harness detected, timeout adjusted: 240 → 420
[21:45:30]   [container] [setup] 运行 setup.sh: /app/claw-bench/tasks/security/sec-010-network-policy-analysis/environment/setup.sh
[21:45:30]   [container] [setup] setup.sh 成功
[21:45:30]   [container] [setup] 工作空间文件: ['firewall_rules.json', 'instruction.md']
[21:45:30]   [container] DONE
[21:45:30]   [container-err] Plan generation returned empty (attempt 1/3)
[21:45:30]   [container-err] Plan generation returned empty (attempt 2/3)
[21:45:30] [clawbench_sec-010_qwen3.6-27b_20260520_134159] Agent finished in 208.64s, returncode=0
[21:45:30] [clawbench_sec-010_qwen3.6-27b_20260520_134159] Agent result: passed=True, score=1.0000
[21:45:31] [sec-010] Result saved to /Volumes/F/work/ClawEvalkit-private-emnlp/outputs/harness/control/clawbench-official/qwen3.6-27b/sec-010.json
[21:45:35] [clawbench_sec-013_qwen3.6-27b_20260520_134531] Container started
[21:45:35] [sec-013] Harness detected, timeout adjusted: 300 → 480
[21:46:39]   [container] [setup] 运行 setup.sh: /app/claw-bench/tasks/security/sec-012-secrets-scanning-git-history/environment/setup.sh
[21:46:39]   [container] [setup] setup.sh 成功
[21:46:39]   [container] [setup] 工作空间文件: ['commit_01.diff', 'commit_10.diff', 'commit_06.diff', 'commit_07.diff', 'instruction.md', 'commit_08.diff', 'commit_04.diff', 'commit_05.diff', 'commit_09.diff', 'commit_02.diff', 'commit_03.diff']
[21:46:39]   [container] DONE
[21:46:39]   [container-err] Plan generation returned empty (attempt 1/3)
[21:46:39]   [container-err] Plan generation returned empty (attempt 2/3)
[21:46:39] [clawbench_sec-012_qwen3.6-27b_20260520_134446] Agent finished in 108.53s, returncode=0
[21:46:39] [clawbench_sec-012_qwen3.6-27b_20260520_134446] Agent result: passed=False, score=0.9412
[21:46:40] [sec-012] Result saved to /Volumes/F/work/ClawEvalkit-private-emnlp/outputs/harness/control/clawbench-official/qwen3.6-27b/sec-012.json
[21:46:42] [clawbench_sec-014_qwen3.6-27b_20260520_134640] Container started
[21:46:42] [sec-014] Harness detected, timeout adjusted: 300 → 480
[21:48:18]   [container] [setup] 运行 setup.sh: /app/claw-bench/tasks/security/sec-014-compliance-audit/environment/setup.sh
[21:48:18]   [container] [setup] setup.sh 成功
[21:48:18]   [container] [setup] 工作空间文件: ['logging.json', 'compliance_rules.json', 'auth_config.json', 'web_server.json', 'instruction.md', 'database.json', 'network.json']
[21:48:18]   [container] DONE
[21:48:18]   [container-err] Plan generation returned empty (attempt 1/3)
[21:48:18]   [container-err] Plan generation returned empty (attempt 2/3)
[21:48:18]   [container-err] Plan generation returned empty (attempt 3/3)
[21:48:18]   [container-err] Plan generation failed after 3 attempts, returning empty plan
[21:48:18] [clawbench_sec-014_qwen3.6-27b_20260520_134640] Agent finished in 95.73s, returncode=0
[21:48:18] [clawbench_sec-014_qwen3.6-27b_20260520_134640] Agent result: passed=True, score=1.0000
[21:48:19] [sec-014] Result saved to /Volumes/F/work/ClawEvalkit-private-emnlp/outputs/harness/control/clawbench-official/qwen3.6-27b/sec-014.json
[21:48:21] [clawbench_sec-015_qwen3.6-27b_20260520_134819] Container started
[21:48:21] [sec-015] Harness detected, timeout adjusted: 360 → 540
[21:49:54]   [container] [setup] 运行 setup.sh: /app/claw-bench/tasks/security/sec-013-threat-model-generation/environment/setup.sh
[21:49:54]   [container] [setup] setup.sh 成功
[21:49:54]   [container] [setup] 工作空间文件: ['instruction.md', 'architecture.json']
[21:49:54]   [container] DONE
[21:49:54]   [container-err] Plan generation returned empty (attempt 1/3)
[21:49:54]   [container-err] Plan generation returned empty (attempt 2/3)
[21:49:54]   [container-err] Plan generation returned empty (attempt 3/3)
[21:49:54]   [container-err] Plan generation failed after 3 attempts, returning empty plan
[21:49:54]   [container-err] Retry exhausted for write_file: Error: Invalid JSON arguments: {
[21:49:54] [clawbench_sec-013_qwen3.6-27b_20260520_134531] Agent finished in 258.51s, returncode=0
[21:49:54] [clawbench_sec-013_qwen3.6-27b_20260520_134531] Agent result: passed=True, score=1.0000
[21:49:54] [sec-013] Result saved to /Volumes/F/work/ClawEvalkit-private-emnlp/outputs/harness/control/clawbench-official/qwen3.6-27b/sec-013.json
[21:49:57] [clawbench_sys-001_qwen3.6-27b_20260520_134954] Container started
[21:49:57] [sys-001] Harness detected, timeout adjusted: 120 → 300
[21:51:47]   [container] [setup] 运行 setup.sh: /app/claw-bench/tasks/system-admin/sys-001-disk-usage-report/environment/setup.sh
[21:51:47]   [container] [setup] setup.sh 成功
[21:51:47]   [container] [setup] 工作空间文件: ['filesystem.txt', 'instruction.md']
[21:51:47]   [container] DONE
[21:51:47]   [container-err] Plan generation returned empty (attempt 1/3)
[21:51:47]   [container-err] Plan generation returned empty (attempt 2/3)
[21:51:47] [clawbench_sys-001_qwen3.6-27b_20260520_134954] Agent finished in 110.69s, returncode=0
[21:51:47] [clawbench_sys-001_qwen3.6-27b_20260520_134954] Agent result: passed=True, score=1.0000
[21:51:48] [sys-001] Result saved to /Volumes/F/work/ClawEvalkit-private-emnlp/outputs/harness/control/clawbench-official/qwen3.6-27b/sys-001.json
[21:51:52] [clawbench_sys-002_qwen3.6-27b_20260520_135148] Container started
[21:51:52] [sys-002] Harness detected, timeout adjusted: 120 → 300
[21:52:44]   [container] [setup] 运行 setup.sh: /app/claw-bench/tasks/security/sec-015-full-security-assessment/environment/setup.sh
[21:52:44]   [container] [setup] setup.sh 成功
[21:52:44]   [container] [setup] 工作空间文件: ['config.py', 'requirements.txt', 'Dockerfile', 'instruction.md', 'app.py', 'docker-compose.yml']
[21:52:44]   [container] DONE
[21:52:44]   [container-err] Plan generation returned empty (attempt 1/3)
[21:52:44]   [container-err] Plan generation returned empty (attempt 2/3)
[21:52:44] [clawbench_sec-015_qwen3.6-27b_20260520_134819] Agent finished in 263.64s, returncode=0
[21:52:44] [clawbench_sec-015_qwen3.6-27b_20260520_134819] Agent result: passed=True, score=1.0000
[21:52:45] [sec-015] Result saved to /Volumes/F/work/ClawEvalkit-private-emnlp/outputs/harness/control/clawbench-official/qwen3.6-27b/sec-015.json
[21:52:48]   [container] [setup] 运行 setup.sh: /app/claw-bench/tasks/system-admin/sys-002-parse-process-list/environment/setup.sh
[21:52:48]   [container] [setup] setup.sh 成功
[21:52:48]   [container] [setup] 工作空间文件: ['instruction.md', 'processes.txt']
[21:52:48]   [container] DONE
[21:52:48]   [container-err] Plan generation returned empty (attempt 1/3)
[21:52:48]   [container-err] Plan generation returned empty (attempt 2/3)
[21:52:48]   [container-err] Plan generation returned empty (attempt 3/3)
[21:52:48]   [container-err] Plan generation failed after 3 attempts, returning empty plan
[21:52:48] [clawbench_sys-002_qwen3.6-27b_20260520_135148] Agent finished in 55.48s, returncode=0
[21:52:48] [clawbench_sys-002_qwen3.6-27b_20260520_135148] Agent result: passed=True, score=1.0000
[21:52:48] [sys-002] Result saved to /Volumes/F/work/ClawEvalkit-private-emnlp/outputs/harness/control/clawbench-official/qwen3.6-27b/sys-002.json
[21:52:48] [clawbench_sys-003_qwen3.6-27b_20260520_135245] Container started
[21:52:48] [sys-003] Harness detected, timeout adjusted: 120 → 300
[21:52:50] [clawbench_sys-004_qwen3.6-27b_20260520_135248] Container started
[21:52:50] [sys-004] Harness detected, timeout adjusted: 180 → 360
[21:54:01]   [container] [setup] 运行 setup.sh: /app/claw-bench/tasks/system-admin/sys-004-log-analysis/environment/setup.sh
[21:54:01]   [container] [setup] setup.sh 成功
[21:54:01]   [container] [setup] 工作空间文件: ['instruction.md', 'syslog.txt']
[21:54:01]   [container] DONE
[21:54:01]   [container-err] Plan generation returned empty (attempt 1/3)
[21:54:01]   [container-err] Plan generation returned empty (attempt 2/3)
[21:54:01]   [container-err] Plan generation returned empty (attempt 3/3)
[21:54:01]   [container-err] Plan generation failed after 3 attempts, returning empty plan
[21:54:01] [clawbench_sys-004_qwen3.6-27b_20260520_135248] Agent finished in 71.05s, returncode=0
[21:54:01] [clawbench_sys-004_qwen3.6-27b_20260520_135248] Agent result: passed=True, score=1.0000
[21:54:02] [sys-004] Result saved to /Volumes/F/work/ClawEvalkit-private-emnlp/outputs/harness/control/clawbench-official/qwen3.6-27b/sys-004.json
[21:54:04] [clawbench_sys-005_qwen3.6-27b_20260520_135402] Container started
[21:54:04] [sys-005] Harness detected, timeout adjusted: 180 → 360
[21:54:38]   [container] [setup] 运行 setup.sh: /app/claw-bench/tasks/system-admin/sys-003-check-port-availability/environment/setup.sh
[21:54:38]   [container] [setup] setup.sh 成功
[21:54:38]   [container] [setup] 工作空间文件: ['instruction.md', 'ports.txt']
[21:54:38]   [container] DONE
[21:54:38]   [container-err] Plan generation returned empty (attempt 1/3)
[21:54:38]   [container-err] Plan generation returned empty (attempt 2/3)
[21:54:38]   [container-err] Plan generation returned empty (attempt 3/3)
[21:54:38]   [container-err] Plan generation failed after 3 attempts, returning empty plan
[21:54:38] [clawbench_sys-003_qwen3.6-27b_20260520_135245] Agent finished in 109.68s, returncode=0
[21:54:38] [clawbench_sys-003_qwen3.6-27b_20260520_135245] Agent result: passed=True, score=1.0000
[21:54:39] [sys-003] Result saved to /Volumes/F/work/ClawEvalkit-private-emnlp/outputs/harness/control/clawbench-official/qwen3.6-27b/sys-003.json
[21:54:42] [clawbench_sys-006_qwen3.6-27b_20260520_135439] Container started
[21:54:42] [sys-006] Harness detected, timeout adjusted: 180 → 360
[21:56:22]   [container] [setup] 运行 setup.sh: /app/claw-bench/tasks/system-admin/sys-006-config-file-audit/environment/setup.sh
[21:56:22]   [container] [setup] setup.sh 成功
[21:56:22]   [container] [setup] 工作空间文件: ['my.cnf', 'ssh_config', 'instruction.md', 'nginx.conf']
[21:56:22]   [container] DONE
[21:56:22]   [container-err] Plan generation returned empty (attempt 1/3)
[21:56:22]   [container-err] Plan generation returned empty (attempt 2/3)
[21:56:22]   [container-err] Plan generation returned empty (attempt 3/3)
[21:56:22]   [container-err] Plan generation failed after 3 attempts, returning empty plan
[21:56:22] [clawbench_sys-006_qwen3.6-27b_20260520_135439] Agent finished in 100.14s, returncode=0
[21:56:22] [clawbench_sys-006_qwen3.6-27b_20260520_135439] Agent result: passed=True, score=1.0000
[21:56:22] [sys-006] Result saved to /Volumes/F/work/ClawEvalkit-private-emnlp/outputs/harness/control/clawbench-official/qwen3.6-27b/sys-006.json
[21:56:25] [clawbench_sys-007_qwen3.6-27b_20260520_135622] Container started
[21:56:25] [sys-007] Harness detected, timeout adjusted: 180 → 360
[21:57:36]   [container] [setup] 运行 setup.sh: /app/claw-bench/tasks/system-admin/sys-007-service-dependency-mapping/environment/setup.sh
[21:57:36]   [container] [setup] setup.sh 成功
[21:57:36]   [container] [setup] 工作空间文件: ['services.yaml', 'instruction.md']
[21:57:36]   [container] DONE
[21:57:36] [clawbench_sys-007_qwen3.6-27b_20260520_135622] Agent finished in 70.56s, returncode=0
[21:57:36] [clawbench_sys-007_qwen3.6-27b_20260520_135622] Agent result: passed=True, score=1.0000
[21:57:36] [sys-007] Result saved to /Volumes/F/work/ClawEvalkit-private-emnlp/outputs/harness/control/clawbench-official/qwen3.6-27b/sys-007.json
[21:57:39] [clawbench_sys-008_qwen3.6-27b_20260520_135736] Container started
[21:57:39] [sys-008] Harness detected, timeout adjusted: 240 → 420
[21:58:09]   [container] [setup] 运行 setup.sh: /app/claw-bench/tasks/system-admin/sys-005-cron-expression-parser/environment/setup.sh
[21:58:09]   [container] [setup] setup.sh 成功
[21:58:09]   [container] [setup] 工作空间文件: ['instruction.md', 'crontab.txt']
[21:58:09]   [container] DONE
[21:58:09]   [container-err] Plan generation returned empty (attempt 1/3)
[21:58:09]   [container-err] Plan generation returned empty (attempt 2/3)
[21:58:09]   [container-err] Plan generation returned empty (attempt 3/3)
[21:58:09]   [container-err] Plan generation failed after 3 attempts, returning empty plan
[21:58:09] [clawbench_sys-005_qwen3.6-27b_20260520_135402] Agent finished in 244.56s, returncode=0
[21:58:09] [clawbench_sys-005_qwen3.6-27b_20260520_135402] Agent result: passed=True, score=1.0000
[21:58:10] [sys-005] Result saved to /Volumes/F/work/ClawEvalkit-private-emnlp/outputs/harness/control/clawbench-official/qwen3.6-27b/sys-005.json
[21:58:13] [clawbench_sys-009_qwen3.6-27b_20260520_135810] Container started
[21:58:13] [sys-009] Harness detected, timeout adjusted: 240 → 420
[22:00:02]   [container] [setup] 运行 setup.sh: /app/claw-bench/tasks/system-admin/sys-008-log-rotation-script/environment/setup.sh
[22:00:02]   [container] [setup] setup.sh 成功
[22:00:02]   [container] [setup] 工作空间文件: ['instruction.md', 'log_manifest.json']
[22:00:02]   [container] DONE
[22:00:02]   [container-err] Plan generation returned empty (attempt 1/3)
[22:00:02] [clawbench_sys-008_qwen3.6-27b_20260520_135736] Agent finished in 143.76s, returncode=0
[22:00:02] [clawbench_sys-008_qwen3.6-27b_20260520_135736] Agent result: passed=True, score=1.0000
[22:00:03] [sys-008] Result saved to /Volumes/F/work/ClawEvalkit-private-emnlp/outputs/harness/control/clawbench-official/qwen3.6-27b/sys-008.json
[22:00:07] [clawbench_sys-010_qwen3.6-27b_20260520_140003] Container started
[22:00:07] [sys-010] Harness detected, timeout adjusted: 300 → 480
[22:01:27]   [container] [setup] 运行 setup.sh: /app/claw-bench/tasks/system-admin/sys-009-performance-diagnostic/environment/setup.sh
[22:01:27]   [container] [setup] setup.sh 成功
[22:01:27]   [container] [setup] 工作空间文件: ['memory.csv', 'instruction.md', 'disk_io.csv', 'cpu.csv']
[22:01:27]   [container] DONE
[22:01:27]   [container-err] Plan generation returned empty (attempt 1/3)
[22:01:27]   [container-err] Plan generation returned empty (attempt 2/3)
[22:01:27]   [container-err] Plan generation returned empty (attempt 3/3)
[22:01:27]   [container-err] Plan generation failed after 3 attempts, returning empty plan
[22:01:27] [clawbench_sys-009_qwen3.6-27b_20260520_135810] Agent finished in 193.76s, returncode=0
[22:01:27] [clawbench_sys-009_qwen3.6-27b_20260520_135810] Agent result: passed=True, score=1.0000
[22:01:27] [sys-009] Result saved to /Volumes/F/work/ClawEvalkit-private-emnlp/outputs/harness/control/clawbench-official/qwen3.6-27b/sys-009.json
[22:01:30] [clawbench_sys-011_qwen3.6-27b_20260520_140127] Container started
[22:01:30] [sys-011] Harness detected, timeout adjusted: 120 → 300
[22:02:58]   [container] [setup] 运行 setup.sh: /app/claw-bench/tasks/system-admin/sys-011-disk-usage-analyzer/environment/setup.sh
[22:02:58]   [container] [setup] setup.sh 成功
[22:02:58]   [container] [setup] 工作空间文件: ['instruction.md', 'disk_usage.txt']
[22:02:58]   [container] DONE
[22:02:58]   [container-err] Plan generation returned empty (attempt 1/3)
[22:02:58]   [container-err] Plan generation returned empty (attempt 2/3)
[22:02:58]   [container-err] Plan generation returned empty (attempt 3/3)
[22:02:58]   [container-err] Plan generation failed after 3 attempts, returning empty plan
[22:02:58] [clawbench_sys-011_qwen3.6-27b_20260520_140127] Agent finished in 88.55s, returncode=0
[22:02:58] [clawbench_sys-011_qwen3.6-27b_20260520_140127] Agent result: passed=False, score=0.5882
[22:02:59] [sys-011] Result saved to /Volumes/F/work/ClawEvalkit-private-emnlp/outputs/harness/control/clawbench-official/qwen3.6-27b/sys-011.json
[22:03:01] [clawbench_sys-012_qwen3.6-27b_20260520_140259] Container started
[22:03:01] [sys-012] Harness detected, timeout adjusted: 120 → 300
[22:04:01]   [container] [setup] 运行 setup.sh: /app/claw-bench/tasks/system-admin/sys-010-infrastructure-migration-plan/environment/setup.sh
[22:04:01]   [container] [setup] setup.sh 成功
[22:04:01]   [container] [setup] 工作空间文件: ['requirements.yaml', 'instruction.md', 'infrastructure.yaml']
[22:04:01]   [container] DONE
[22:04:01]   [container-err] Plan generation returned empty (attempt 1/3)
[22:04:01]   [container-err] Plan generation returned empty (attempt 2/3)
[22:04:01]   [container-err] Plan generation returned empty (attempt 3/3)
[22:04:01]   [container-err] Plan generation failed after 3 attempts, returning empty plan
[22:04:01] [clawbench_sys-010_qwen3.6-27b_20260520_140003] Agent finished in 233.87s, returncode=0
[22:04:01] [clawbench_sys-010_qwen3.6-27b_20260520_140003] Agent result: passed=True, score=1.0000
[22:04:02] [sys-010] Result saved to /Volumes/F/work/ClawEvalkit-private-emnlp/outputs/harness/control/clawbench-official/qwen3.6-27b/sys-010.json
[22:04:05] [clawbench_sys-013_qwen3.6-27b_20260520_140402] Container started
[22:04:05] [sys-013] Harness detected, timeout adjusted: 120 → 300
[22:04:06]   [container] [setup] 运行 setup.sh: /app/claw-bench/tasks/system-admin/sys-012-cron-parser/environment/setup.sh
[22:04:06]   [container] [setup] setup.sh 成功
[22:04:06]   [container] [setup] 工作空间文件: ['instruction.md', 'crontab.txt']
[22:04:06]   [container] DONE
[22:04:06]   [container-err] Plan generation returned empty (attempt 1/3)
[22:04:06]   [container-err] Plan generation returned empty (attempt 2/3)
[22:04:06]   [container-err] Plan generation returned empty (attempt 3/3)
[22:04:06]   [container-err] Plan generation failed after 3 attempts, returning empty plan
[22:04:06] [clawbench_sys-012_qwen3.6-27b_20260520_140259] Agent finished in 64.52s, returncode=0
[22:04:06] [clawbench_sys-012_qwen3.6-27b_20260520_140259] Agent result: passed=False, score=0.6500
[22:04:06] [sys-012] Result saved to /Volumes/F/work/ClawEvalkit-private-emnlp/outputs/harness/control/clawbench-official/qwen3.6-27b/sys-012.json
[22:04:09] [clawbench_sys-014_qwen3.6-27b_20260520_140406] Container started
[22:04:09] [sys-014] Harness detected, timeout adjusted: 120 → 300
[22:05:24]   [container] [setup] 运行 setup.sh: /app/claw-bench/tasks/system-admin/sys-014-service-dependency-resolver/environment/setup.sh
[22:05:24]   [container] [setup] setup.sh 成功
[22:05:24]   [container] [setup] 工作空间文件: ['services.json', 'instruction.md']
[22:05:24]   [container] DONE
[22:05:24]   [container-err] Plan generation returned empty (attempt 1/3)
[22:05:24]   [container-err] Plan generation returned empty (attempt 2/3)
[22:05:24]   [container-err] Plan generation returned empty (attempt 3/3)
[22:05:24]   [container-err] Plan generation failed after 3 attempts, returning empty plan
[22:05:24] [clawbench_sys-014_qwen3.6-27b_20260520_140406] Agent finished in 75.40s, returncode=0
[22:05:24] [clawbench_sys-014_qwen3.6-27b_20260520_140406] Agent result: passed=False, score=0.6667
[22:05:25] [sys-014] Result saved to /Volumes/F/work/ClawEvalkit-private-emnlp/outputs/harness/control/clawbench-official/qwen3.6-27b/sys-014.json
[22:05:27] [clawbench_sys-015_qwen3.6-27b_20260520_140525] Container started
[22:05:27] [sys-015] Harness detected, timeout adjusted: 120 → 300
[22:07:03]   [container] [setup] 运行 setup.sh: /app/claw-bench/tasks/system-admin/sys-013-log-rotation-planner/environment/setup.sh
[22:07:03]   [container] [setup] setup.sh 成功
[22:07:03]   [container] [setup] 工作空间文件: ['instruction.md', 'log_inventory.json']
[22:07:03]   [container] DONE
[22:07:03]   [container-err] Plan generation returned empty (attempt 1/3)
[22:07:03]   [container-err] Plan generation returned empty (attempt 2/3)
[22:07:03]   [container-err] Plan generation returned empty (attempt 3/3)
[22:07:03]   [container-err] Plan generation failed after 3 attempts, returning empty plan
[22:07:03] [clawbench_sys-013_qwen3.6-27b_20260520_140402] Agent finished in 178.10s, returncode=0
[22:07:03] [clawbench_sys-013_qwen3.6-27b_20260520_140402] Agent result: passed=False, score=0.7308
[22:07:04] [sys-013] Result saved to /Volumes/F/work/ClawEvalkit-private-emnlp/outputs/harness/control/clawbench-official/qwen3.6-27b/sys-013.json
[22:07:06] [clawbench_web-001_qwen3.6-27b_20260520_140704] Container started
[22:07:06] [web-001] Harness detected, timeout adjusted: 120 → 300
[22:08:57]   [container] [setup] 运行 setup.sh: /app/claw-bench/tasks/web-browsing/web-001-extract-links/environment/setup.sh
[22:08:57]   [container] [setup] setup.sh 成功
[22:08:57]   [container] [setup] 工作空间文件: ['page.html', 'instruction.md']
[22:08:57]   [container] DONE
[22:08:57]   [container-err] Plan generation returned empty (attempt 1/3)
[22:08:57]   [container-err] Plan generation returned empty (attempt 2/3)
[22:08:57]   [container-err] Plan generation returned empty (attempt 3/3)
[22:08:57]   [container-err] Plan generation failed after 3 attempts, returning empty plan
[22:08:57] [clawbench_web-001_qwen3.6-27b_20260520_140704] Agent finished in 111.16s, returncode=0
[22:08:57] [clawbench_web-001_qwen3.6-27b_20260520_140704] Agent result: passed=True, score=1.0000
[22:08:58] [web-001] Result saved to /Volumes/F/work/ClawEvalkit-private-emnlp/outputs/harness/control/clawbench-official/qwen3.6-27b/web-001.json
[22:09:01] [clawbench_web-002_qwen3.6-27b_20260520_140858] Container started
[22:09:01] [web-002] Harness detected, timeout adjusted: 120 → 300
[22:10:30]   [container] [setup] 运行 setup.sh: /app/claw-bench/tasks/web-browsing/web-002-parse-table/environment/setup.sh
[22:10:30]   [container] [setup] setup.sh 成功
[22:10:30]   [container] [setup] 工作空间文件: ['page.html', 'instruction.md']
[22:10:30]   [container] DONE
[22:10:30]   [container-err] Plan generation returned empty (attempt 1/3)
[22:10:30]   [container-err] Plan generation returned empty (attempt 2/3)
[22:10:30]   [container-err] Plan generation returned empty (attempt 3/3)
[22:10:30]   [container-err] Plan generation failed after 3 attempts, returning empty plan
[22:10:30] [clawbench_web-002_qwen3.6-27b_20260520_140858] Agent finished in 89.02s, returncode=0
[22:10:30] [clawbench_web-002_qwen3.6-27b_20260520_140858] Agent result: passed=True, score=1.0000
[22:10:30] [web-002] Result saved to /Volumes/F/work/ClawEvalkit-private-emnlp/outputs/harness/control/clawbench-official/qwen3.6-27b/web-002.json
[22:10:32] [clawbench_web-003_qwen3.6-27b_20260520_141030] Container started
[22:10:32] [web-003] Harness detected, timeout adjusted: 120 → 300
[22:11:28] [sys-015] Result saved to /Volumes/F/work/ClawEvalkit-private-emnlp/outputs/harness/control/clawbench-official/qwen3.6-27b/sys-015.json
[22:11:33] [clawbench_web-004_qwen3.6-27b_20260520_141128] Container started
[22:11:33] [web-004] Harness detected, timeout adjusted: 180 → 360
[22:12:12]   [container] [setup] 运行 setup.sh: /app/claw-bench/tasks/web-browsing/web-003-extract-structured/environment/setup.sh
[22:12:12]   [container] [setup] setup.sh 成功
[22:12:12]   [container] [setup] 工作空间文件: ['instruction.md', 'product_page.html']
[22:12:12]   [container] DONE
[22:12:12]   [container-err] Plan generation returned empty (attempt 1/3)
[22:12:12]   [container-err] Plan generation returned empty (attempt 2/3)
[22:12:12]   [container-err] Plan generation returned empty (attempt 3/3)
[22:12:12]   [container-err] Plan generation failed after 3 attempts, returning empty plan
[22:12:12] [clawbench_web-003_qwen3.6-27b_20260520_141030] Agent finished in 99.83s, returncode=0
[22:12:12] [clawbench_web-003_qwen3.6-27b_20260520_141030] Agent result: passed=True, score=1.0000
[22:12:13] [web-003] Result saved to /Volumes/F/work/ClawEvalkit-private-emnlp/outputs/harness/control/clawbench-official/qwen3.6-27b/web-003.json
[22:12:16] [clawbench_web-005_qwen3.6-27b_20260520_141213] Container started
[22:12:16] [web-005] Harness detected, timeout adjusted: 180 → 360
[22:13:31]   [container] [setup] 运行 setup.sh: /app/claw-bench/tasks/web-browsing/web-004-form-inventory/environment/setup.sh
[22:13:31]   [container] [setup] setup.sh 成功
[22:13:31]   [container] [setup] 工作空间文件: ['form.html', 'instruction.md']
[22:13:31]   [container] DONE
[22:13:31]   [container-err] Plan generation returned empty (attempt 1/3)
[22:13:31]   [container-err] Plan generation returned empty (attempt 2/3)
[22:13:31]   [container-err] Plan generation returned empty (attempt 3/3)
[22:13:31]   [container-err] Plan generation failed after 3 attempts, returning empty plan
[22:13:31] [clawbench_web-004_qwen3.6-27b_20260520_141128] Agent finished in 118.75s, returncode=0
[22:13:31] [clawbench_web-004_qwen3.6-27b_20260520_141128] Agent result: passed=True, score=1.0000
[22:13:32] [web-004] Result saved to /Volumes/F/work/ClawEvalkit-private-emnlp/outputs/harness/control/clawbench-official/qwen3.6-27b/web-004.json
[22:13:34] [clawbench_web-006_qwen3.6-27b_20260520_141332] Container started
[22:13:34] [web-006] Harness detected, timeout adjusted: 240 → 420
[22:13:37]   [container] [setup] 运行 setup.sh: /app/claw-bench/tasks/web-browsing/web-005-multi-page-aggregate/environment/setup.sh
[22:13:37]   [container] [setup] setup.sh 成功
[22:13:37]   [container] [setup] 工作空间文件: ['instruction.md']
[22:13:37]   [container] DONE
[22:13:37]   [container-err] Plan generation returned empty (attempt 1/3)
[22:13:37]   [container-err] Plan generation returned empty (attempt 2/3)
[22:13:37]   [container-err] Plan generation returned empty (attempt 3/3)
[22:13:37]   [container-err] Plan generation failed after 3 attempts, returning empty plan
[22:13:37] [clawbench_web-005_qwen3.6-27b_20260520_141213] Agent finished in 81.46s, returncode=0
[22:13:37] [clawbench_web-005_qwen3.6-27b_20260520_141213] Agent result: passed=True, score=1.0000
[22:13:38] [web-005] Result saved to /Volumes/F/work/ClawEvalkit-private-emnlp/outputs/harness/control/clawbench-official/qwen3.6-27b/web-005.json
[22:13:40] [clawbench_web-007_qwen3.6-27b_20260520_141338] Container started
[22:13:40] [web-007] Harness detected, timeout adjusted: 240 → 420
[22:14:37]   [container] [setup] 运行 setup.sh: /app/claw-bench/tasks/web-browsing/web-006-accessibility-audit/environment/setup.sh
[22:14:37]   [container] [setup] setup.sh 成功
[22:14:37]   [container] [setup] 工作空间文件: ['instruction.md']
[22:14:37]   [container] DONE
[22:14:37]   [container-err] Plan generation returned empty (attempt 1/3)
[22:14:37]   [container-err] Plan generation returned empty (attempt 2/3)
[22:14:37]   [container-err] Plan generation returned empty (attempt 3/3)
[22:14:37]   [container-err] Plan generation failed after 3 attempts, returning empty plan
[22:14:37] [clawbench_web-006_qwen3.6-27b_20260520_141332] Agent finished in 62.75s, returncode=0
[22:14:37] [clawbench_web-006_qwen3.6-27b_20260520_141332] Agent result: passed=True, score=1.0000
[22:14:37] [web-006] Result saved to /Volumes/F/work/ClawEvalkit-private-emnlp/outputs/harness/control/clawbench-official/qwen3.6-27b/web-006.json
[22:14:40]   [container] [setup] 运行 setup.sh: /app/claw-bench/tasks/web-browsing/web-007-seo-analysis/environment/setup.sh
[22:14:40]   [container] [setup] setup.sh 成功
[22:14:40]   [container] [setup] 工作空间文件: ['instruction.md']
[22:14:40]   [container] DONE
[22:14:40]   [container-err] Plan generation returned empty (attempt 1/3)
[22:14:40]   [container-err] Plan generation returned empty (attempt 2/3)
[22:14:40]   [container-err] Plan generation returned empty (attempt 3/3)
[22:14:40]   [container-err] Plan generation failed after 3 attempts, returning empty plan
[22:14:40] [clawbench_web-007_qwen3.6-27b_20260520_141338] Agent finished in 59.60s, returncode=0
[22:14:40] [clawbench_web-007_qwen3.6-27b_20260520_141338] Agent result: passed=True, score=1.0000
[22:14:41] [web-007] Result saved to /Volumes/F/work/ClawEvalkit-private-emnlp/outputs/harness/control/clawbench-official/qwen3.6-27b/web-007.json
[22:14:44] [clawbench_web-009_qwen3.6-27b_20260520_141441] Container started
[22:14:44] [web-009] Harness detected, timeout adjusted: 180 → 360
[22:14:44] [clawbench_web-008_qwen3.6-27b_20260520_141437] Container started
[22:14:44] [web-008] Harness detected, timeout adjusted: 300 → 480
[22:16:05]   [container] [setup] 运行 setup.sh: /app/claw-bench/tasks/web-browsing/web-009-rss-feed-parser/environment/setup.sh
[22:16:05]   [container] [setup] setup.sh 成功
[22:16:05]   [container] [setup] 工作空间文件: ['feed.xml', 'instruction.md']
[22:16:05]   [container] DONE
[22:16:05] [clawbench_web-009_qwen3.6-27b_20260520_141441] Agent finished in 80.86s, returncode=0
[22:16:05] [clawbench_web-009_qwen3.6-27b_20260520_141441] Agent result: passed=True, score=1.0000
[22:16:06] [web-009] Result saved to /Volumes/F/work/ClawEvalkit-private-emnlp/outputs/harness/control/clawbench-official/qwen3.6-27b/web-009.json
[22:16:08] [clawbench_web-010_qwen3.6-27b_20260520_141606] Container started
[22:16:08] [web-010] Harness detected, timeout adjusted: 240 → 420
[22:16:58]   [container] [setup] 运行 setup.sh: /app/claw-bench/tasks/web-browsing/web-008-site-structure/environment/setup.sh
[22:16:58]   [container] [setup] setup.sh 成功
[22:16:58]   [container] [setup] 工作空间文件: ['instruction.md']
[22:16:58]   [container] DONE
[22:16:58]   [container-err] Plan generation returned empty (attempt 1/3)
[22:16:58] [clawbench_web-008_qwen3.6-27b_20260520_141437] Agent finished in 133.15s, returncode=0
[22:16:58] [clawbench_web-008_qwen3.6-27b_20260520_141437] Agent result: passed=True, score=1.0000
[22:16:58] [web-008] Result saved to /Volumes/F/work/ClawEvalkit-private-emnlp/outputs/harness/control/clawbench-official/qwen3.6-27b/web-008.json
[22:17:01] [clawbench_web-011_qwen3.6-27b_20260520_141658] Container started
[22:17:01] [web-011] Harness detected, timeout adjusted: 120 → 300
[22:17:47]   [container] [setup] 运行 setup.sh: /app/claw-bench/tasks/web-browsing/web-010-html-diff-report/environment/setup.sh
[22:17:47]   [container] [setup] setup.sh 成功
[22:17:47]   [container] [setup] 工作空间文件: ['instruction.md', 'after.html', 'before.html']
[22:17:47]   [container] DONE
[22:17:47]   [container-err] Plan generation returned empty (attempt 1/3)
[22:17:47]   [container-err] Plan generation returned empty (attempt 2/3)
[22:17:47]   [container-err] Plan generation returned empty (attempt 3/3)
[22:17:47]   [container-err] Plan generation failed after 3 attempts, returning empty plan
[22:17:47] [clawbench_web-010_qwen3.6-27b_20260520_141606] Agent finished in 98.61s, returncode=0
[22:17:47] [clawbench_web-010_qwen3.6-27b_20260520_141606] Agent result: passed=False, score=0.9615
[22:17:47] [web-010] Result saved to /Volumes/F/work/ClawEvalkit-private-emnlp/outputs/harness/control/clawbench-official/qwen3.6-27b/web-010.json
[22:17:49] [clawbench_web-012_qwen3.6-27b_20260520_141747] Container started
[22:17:49] [web-012] Harness detected, timeout adjusted: 120 → 300
[22:18:10]   [container] [setup] 运行 setup.sh: /app/claw-bench/tasks/web-browsing/web-011-html-link-extractor/environment/setup.sh
[22:18:10]   [container] [setup] setup.sh 成功
[22:18:10]   [container] [setup] 工作空间文件: ['page.html', 'instruction.md']
[22:18:10]   [container] DONE
[22:18:10] [clawbench_web-011_qwen3.6-27b_20260520_141658] Agent finished in 69.18s, returncode=0
[22:18:10] [clawbench_web-011_qwen3.6-27b_20260520_141658] Agent result: passed=True, score=1.0000
[22:18:11] [web-011] Result saved to /Volumes/F/work/ClawEvalkit-private-emnlp/outputs/harness/control/clawbench-official/qwen3.6-27b/web-011.json
[22:18:13] [clawbench_web-013_qwen3.6-27b_20260520_141811] Container started
[22:18:13] [web-013] Harness detected, timeout adjusted: 120 → 300
[22:18:44]   [container] [setup] 运行 setup.sh: /app/claw-bench/tasks/web-browsing/web-012-sitemap-generator/environment/setup.sh
[22:18:44]   [container] [setup] setup.sh 成功
[22:18:44]   [container] [setup] 工作空间文件: ['instruction.md']
[22:18:44]   [container] DONE
[22:18:44] [clawbench_web-012_qwen3.6-27b_20260520_141747] Agent finished in 54.73s, returncode=0
[22:18:44] [clawbench_web-012_qwen3.6-27b_20260520_141747] Agent result: passed=False, score=0.5882
[22:18:45] [web-012] Result saved to /Volumes/F/work/ClawEvalkit-private-emnlp/outputs/harness/control/clawbench-official/qwen3.6-27b/web-012.json
[22:18:48] [clawbench_web-014_qwen3.6-27b_20260520_141845] Container started
[22:18:48] [web-014] Harness detected, timeout adjusted: 120 → 300
[22:19:41]   [container] [setup] 运行 setup.sh: /app/claw-bench/tasks/web-browsing/web-013-form-data-extractor/environment/setup.sh
[22:19:41]   [container] [setup] setup.sh 成功
[22:19:41]   [container] [setup] 工作空间文件: ['form.html', 'instruction.md']
[22:19:41]   [container] DONE
[22:19:41]   [container-err] Plan generation returned empty (attempt 1/3)
[22:19:41]   [container-err] Plan generation returned empty (attempt 2/3)
[22:19:41] [clawbench_web-013_qwen3.6-27b_20260520_141811] Agent finished in 87.68s, returncode=0
[22:19:41] [clawbench_web-013_qwen3.6-27b_20260520_141811] Agent result: passed=False, score=0.6316
[22:19:43] [web-013] Result saved to /Volumes/F/work/ClawEvalkit-private-emnlp/outputs/harness/control/clawbench-official/qwen3.6-27b/web-013.json
[22:19:45] [clawbench_web-015_qwen3.6-27b_20260520_141943] Container started
[22:19:45] [web-015] Harness detected, timeout adjusted: 120 → 300
[22:19:47]   [container] [setup] 运行 setup.sh: /app/claw-bench/tasks/web-browsing/web-014-web-scraping-parser/environment/setup.sh
[22:19:47]   [container] [setup] setup.sh 成功
[22:19:47]   [container] [setup] 工作空间文件: ['products.html', 'instruction.md']
[22:19:47]   [container] DONE
[22:19:47]   [container-err] Plan generation returned empty (attempt 1/3)
[22:19:47]   [container-err] Plan generation returned empty (attempt 2/3)
[22:19:47]   [container-err] Plan generation returned empty (attempt 3/3)
[22:19:47]   [container-err] Plan generation failed after 3 attempts, returning empty plan
[22:19:47] [clawbench_web-014_qwen3.6-27b_20260520_141845] Agent finished in 58.28s, returncode=0
[22:19:47] [clawbench_web-014_qwen3.6-27b_20260520_141845] Agent result: passed=True, score=1.0000
[22:19:47] [web-014] Result saved to /Volumes/F/work/ClawEvalkit-private-emnlp/outputs/harness/control/clawbench-official/qwen3.6-27b/web-014.json
[22:19:51] [clawbench_wfl-001_qwen3.6-27b_20260520_141947] Container started
[22:19:51] [wfl-001] Harness detected, timeout adjusted: 120 → 300
[22:20:40]   [container] [setup] 运行 setup.sh: /app/claw-bench/tasks/workflow-automation/wfl-001-conditional-file-processing/environment/setup.sh
[22:20:40]   [container] [setup] setup.sh 成功
[22:20:40]   [container] [setup] 工作空间文件: ['config.json', 'instruction.md', 'input.txt']
[22:20:40]   [container] DONE
[22:20:40]   [container-err] Plan generation returned empty (attempt 1/3)
[22:20:40]   [container-err] Plan generation returned empty (attempt 2/3)
[22:20:40]   [container-err] Plan generation returned empty (attempt 3/3)
[22:20:40]   [container-err] Plan generation failed after 3 attempts, returning empty plan
[22:20:40] [clawbench_wfl-001_qwen3.6-27b_20260520_141947] Agent finished in 48.63s, returncode=0
[22:20:40] [clawbench_wfl-001_qwen3.6-27b_20260520_141947] Agent result: passed=True, score=1.0000
[22:20:40] [wfl-001] Result saved to /Volumes/F/work/ClawEvalkit-private-emnlp/outputs/harness/control/clawbench-official/qwen3.6-27b/wfl-001.json
[22:20:43] [clawbench_wfl-002_qwen3.6-27b_20260520_142040] Container started
[22:20:43] [wfl-002] Harness detected, timeout adjusted: 120 → 300
[22:21:02]   [container] [setup] 运行 setup.sh: /app/claw-bench/tasks/web-browsing/web-015-cookie-policy-analyzer/environment/setup.sh
[22:21:02]   [container] [setup] setup.sh 成功
[22:21:02]   [container] [setup] 工作空间文件: ['instruction.md', 'cookies.json']
[22:21:02]   [container] DONE
[22:21:02]   [container-err] Plan generation returned empty (attempt 1/3)
[22:21:02]   [container-err] Plan generation returned empty (attempt 2/3)
[22:21:02]   [container-err] Plan generation returned empty (attempt 3/3)
[22:21:02]   [container-err] Plan generation failed after 3 attempts, returning empty plan
[22:21:02] [clawbench_web-015_qwen3.6-27b_20260520_141943] Agent finished in 76.93s, returncode=0
[22:21:02] [clawbench_web-015_qwen3.6-27b_20260520_141943] Agent result: passed=False, score=0.6957
[22:21:03] [web-015] Result saved to /Volumes/F/work/ClawEvalkit-private-emnlp/outputs/harness/control/clawbench-official/qwen3.6-27b/web-015.json
[22:21:05] [clawbench_wfl-003_qwen3.6-27b_20260520_142103] Container started
[22:21:05] [wfl-003] Harness detected, timeout adjusted: 180 → 360
[22:22:04]   [container] [setup] 运行 setup.sh: /app/claw-bench/tasks/workflow-automation/wfl-002-sequential-task-execution/environment/setup.sh
[22:22:04]   [container] [setup] setup.sh 成功
[22:22:04]   [container] [setup] 工作空间文件: ['instruction.md', 'input.txt', 'tasks.json']
[22:22:04]   [container] DONE
[22:22:04]   [container-err] Plan generation returned empty (attempt 1/3)
[22:22:04]   [container-err] Plan generation returned empty (attempt 2/3)
[22:22:04]   [container-err] Plan generation returned empty (attempt 3/3)
[22:22:04]   [container-err] Plan generation failed after 3 attempts, returning empty plan
[22:22:04] [clawbench_wfl-002_qwen3.6-27b_20260520_142040] Agent finished in 81.07s, returncode=0
[22:22:04] [clawbench_wfl-002_qwen3.6-27b_20260520_142040] Agent result: passed=True, score=1.0000
[22:22:05] [wfl-002] Result saved to /Volumes/F/work/ClawEvalkit-private-emnlp/outputs/harness/control/clawbench-official/qwen3.6-27b/wfl-002.json
[22:22:07] [clawbench_wfl-004_qwen3.6-27b_20260520_142205] Container started
[22:22:07] [wfl-004] Harness detected, timeout adjusted: 180 → 360
[22:22:40]   [container] [setup] 运行 setup.sh: /app/claw-bench/tasks/workflow-automation/wfl-003-multi-step-data-pipeline/environment/setup.sh
[22:22:40]   [container] [setup] setup.sh 成功
[22:22:40]   [container] [setup] 工作空间文件: ['data.csv', 'instruction.md', 'pipeline.json']
[22:22:40]   [container] DONE
[22:22:40]   [container-err] Plan generation returned empty (attempt 1/3)
[22:22:40]   [container-err] Plan generation returned empty (attempt 2/3)
[22:22:40]   [container-err] Plan generation returned empty (attempt 3/3)
[22:22:40]   [container-err] Plan generation failed after 3 attempts, returning empty plan
[22:22:40] [clawbench_wfl-003_qwen3.6-27b_20260520_142103] Agent finished in 95.41s, returncode=0
[22:22:40] [clawbench_wfl-003_qwen3.6-27b_20260520_142103] Agent result: passed=True, score=1.0000
[22:22:41] [wfl-003] Result saved to /Volumes/F/work/ClawEvalkit-private-emnlp/outputs/harness/control/clawbench-official/qwen3.6-27b/wfl-003.json
[22:22:43] [clawbench_wfl-005_qwen3.6-27b_20260520_142241] Container started
[22:22:43] [wfl-005] Harness detected, timeout adjusted: 180 → 360
[22:23:53]   [container] [setup] 运行 setup.sh: /app/claw-bench/tasks/workflow-automation/wfl-004-retry-with-backoff/environment/setup.sh
[22:23:53]   [container] [setup] setup.sh 成功
[22:23:53]   [container] [setup] 工作空间文件: ['instruction.md', 'jobs.json']
[22:23:53]   [container] DONE
[22:23:53]   [container-err] Plan generation returned empty (attempt 1/3)
[22:23:53]   [container-err] Plan generation returned empty (attempt 2/3)
[22:23:53] [clawbench_wfl-004_qwen3.6-27b_20260520_142205] Agent finished in 105.96s, returncode=0
[22:23:53] [clawbench_wfl-004_qwen3.6-27b_20260520_142205] Agent result: passed=True, score=1.0000
[22:23:53]   [container] [setup] 运行 setup.sh: /app/claw-bench/tasks/workflow-automation/wfl-005-parallel-task-fanout/environment/setup.sh
[22:23:53]   [container] [setup] setup.sh 成功
[22:23:53]   [container] [setup] 工作空间文件: ['instruction.md']
[22:23:53]   [container] DONE
[22:23:53] [clawbench_wfl-005_qwen3.6-27b_20260520_142241] Agent finished in 70.13s, returncode=0
[22:23:53] [clawbench_wfl-005_qwen3.6-27b_20260520_142241] Agent result: passed=True, score=1.0000
[22:23:53] [wfl-004] Result saved to /Volumes/F/work/ClawEvalkit-private-emnlp/outputs/harness/control/clawbench-official/qwen3.6-27b/wfl-004.json
[22:23:54] [wfl-005] Result saved to /Volumes/F/work/ClawEvalkit-private-emnlp/outputs/harness/control/clawbench-official/qwen3.6-27b/wfl-005.json
[22:23:57] [clawbench_wfl-006_qwen3.6-27b_20260520_142353] Container started
[22:23:57] [wfl-006] Harness detected, timeout adjusted: 180 → 360
[22:23:57] [clawbench_wfl-007_qwen3.6-27b_20260520_142354] Container started
[22:23:57] [wfl-007] Harness detected, timeout adjusted: 240 → 420
[22:24:53]   [container] [setup] 运行 setup.sh: /app/claw-bench/tasks/workflow-automation/wfl-006-event-driven-workflow/environment/setup.sh
[22:24:53]   [container] [setup] setup.sh 成功
[22:24:53]   [container] [setup] 工作空间文件: ['events.json', 'instruction.md', 'rules.json']
[22:24:53]   [container] DONE
[22:24:53]   [container-err] Plan generation returned empty (attempt 1/3)
[22:24:53]   [container-err] Plan generation returned empty (attempt 2/3)
[22:24:53]   [container-err] Plan generation returned empty (attempt 3/3)
[22:24:53]   [container-err] Plan generation failed after 3 attempts, returning empty plan
[22:24:53] [clawbench_wfl-006_qwen3.6-27b_20260520_142353] Agent finished in 56.20s, returncode=0
[22:24:53] [clawbench_wfl-006_qwen3.6-27b_20260520_142353] Agent result: passed=True, score=1.0000
[22:24:54] [wfl-006] Result saved to /Volumes/F/work/ClawEvalkit-private-emnlp/outputs/harness/control/clawbench-official/qwen3.6-27b/wfl-006.json
[22:24:56] [clawbench_wfl-008_qwen3.6-27b_20260520_142454] Container started
[22:24:56] [wfl-008] Harness detected, timeout adjusted: 240 → 420
[22:25:03]   [container] [setup] 运行 setup.sh: /app/claw-bench/tasks/workflow-automation/wfl-007-branching-workflow/environment/setup.sh
[22:25:03]   [container] [setup] setup.sh 成功
[22:25:03]   [container] [setup] 工作空间文件: ['workflow.json', 'instruction.md', 'applications.json']
[22:25:03]   [container] DONE
[22:25:03]   [container-err] Plan generation returned empty (attempt 1/3)
[22:25:03]   [container-err] Plan generation returned empty (attempt 2/3)
[22:25:03]   [container-err] Plan generation returned empty (attempt 3/3)
[22:25:03]   [container-err] Plan generation failed after 3 attempts, returning empty plan
[22:25:03] [clawbench_wfl-007_qwen3.6-27b_20260520_142354] Agent finished in 65.57s, returncode=0
[22:25:03] [clawbench_wfl-007_qwen3.6-27b_20260520_142354] Agent result: passed=True, score=1.0000
[22:25:03] [wfl-007] Result saved to /Volumes/F/work/ClawEvalkit-private-emnlp/outputs/harness/control/clawbench-official/qwen3.6-27b/wfl-007.json
[22:25:05] [clawbench_wfl-009_qwen3.6-27b_20260520_142503] Container started
[22:25:05] [wfl-009] Harness detected, timeout adjusted: 300 → 480
[22:26:06]   [container] [setup] 运行 setup.sh: /app/claw-bench/tasks/workflow-automation/wfl-009-scheduled-workflow-plan/environment/setup.sh
[22:26:06]   [container] [setup] setup.sh 成功
[22:26:06]   [container] [setup] 工作空间文件: ['instruction.md', 'tasks.json']
[22:26:06]   [container] DONE
[22:26:06]   [container-err] Plan generation returned empty (attempt 1/3)
[22:26:06]   [container-err] Plan generation returned empty (attempt 2/3)
[22:26:06]   [container-err] Plan generation returned empty (attempt 3/3)
[22:26:06]   [container-err] Plan generation failed after 3 attempts, returning empty plan
[22:26:06] [clawbench_wfl-009_qwen3.6-27b_20260520_142503] Agent finished in 60.78s, returncode=0
[22:26:06] [clawbench_wfl-009_qwen3.6-27b_20260520_142503] Agent result: passed=True, score=1.0000
[22:26:07] [wfl-009] Result saved to /Volumes/F/work/ClawEvalkit-private-emnlp/outputs/harness/control/clawbench-official/qwen3.6-27b/wfl-009.json
[22:26:10] [clawbench_wfl-010_qwen3.6-27b_20260520_142607] Container started
[22:26:10] [wfl-010] Harness detected, timeout adjusted: 360 → 540
[22:27:06]   [container] [setup] 运行 setup.sh: /app/claw-bench/tasks/workflow-automation/wfl-008-error-handling-workflow/environment/setup.sh
[22:27:06]   [container] [setup] setup.sh 成功
[22:27:06]   [container] [setup] 工作空间文件: ['workflow_steps.json', 'instruction.md']
[22:27:06]   [container] DONE
[22:27:06]   [container-err] Plan generation returned empty (attempt 1/3)
[22:27:06]   [container-err] Plan generation returned empty (attempt 2/3)
[22:27:06] [clawbench_wfl-008_qwen3.6-27b_20260520_142454] Agent finished in 129.66s, returncode=0
[22:27:06] [clawbench_wfl-008_qwen3.6-27b_20260520_142454] Agent result: passed=False, score=0.9545
[22:27:07] [wfl-008] Result saved to /Volumes/F/work/ClawEvalkit-private-emnlp/outputs/harness/control/clawbench-official/qwen3.6-27b/wfl-008.json
[22:27:09] [clawbench_wfl-011_qwen3.6-27b_20260520_142707] Container started
[22:27:09] [wfl-011] Harness detected, timeout adjusted: 120 → 300
[22:27:29]   [container] [setup] 运行 setup.sh: /app/claw-bench/tasks/workflow-automation/wfl-010-complex-multi-system-integration/environment/setup.sh
[22:27:29]   [container] [setup] setup.sh 成功
[22:27:29]   [container] [setup] 工作空间文件: ['orders.csv', 'pricing_rules.json', 'customers.json', 'instruction.md']
[22:27:29]   [container] DONE
[22:27:29]   [container-err] Plan generation returned empty (attempt 1/3)
[22:27:29]   [container-err] Plan generation returned empty (attempt 2/3)
[22:27:29]   [container-err] Plan generation returned empty (attempt 3/3)
[22:27:29]   [container-err] Plan generation failed after 3 attempts, returning empty plan
[22:27:29] [clawbench_wfl-010_qwen3.6-27b_20260520_142607] Agent finished in 79.17s, returncode=0
[22:27:29] [clawbench_wfl-010_qwen3.6-27b_20260520_142607] Agent result: passed=True, score=1.0000
[22:27:30] [wfl-010] Result saved to /Volumes/F/work/ClawEvalkit-private-emnlp/outputs/harness/control/clawbench-official/qwen3.6-27b/wfl-010.json
[22:27:32] [clawbench_wfl-012_qwen3.6-27b_20260520_142730] Container started
[22:27:32] [wfl-012] Harness detected, timeout adjusted: 120 → 300
[22:28:32]   [container] [setup] 运行 setup.sh: /app/claw-bench/tasks/workflow-automation/wfl-011-pipeline-validator/environment/setup.sh
[22:28:32]   [container] [setup] setup.sh 成功
[22:28:32]   [container] [setup] 工作空间文件: ['instruction.md', 'pipeline.json']
[22:28:32]   [container] DONE
[22:28:32]   [container-err] Plan generation returned empty (attempt 1/3)
[22:28:32]   [container-err] Plan generation returned empty (attempt 2/3)
[22:28:32]   [container-err] Plan generation returned empty (attempt 3/3)
[22:28:32]   [container-err] Plan generation failed after 3 attempts, returning empty plan
[22:28:32] [clawbench_wfl-011_qwen3.6-27b_20260520_142707] Agent finished in 82.46s, returncode=0
[22:28:32] [clawbench_wfl-011_qwen3.6-27b_20260520_142707] Agent result: passed=False, score=0.5000
[22:28:32] [wfl-011] Result saved to /Volumes/F/work/ClawEvalkit-private-emnlp/outputs/harness/control/clawbench-official/qwen3.6-27b/wfl-011.json
[22:28:34] [clawbench_wfl-013_qwen3.6-27b_20260520_142832] Container started
[22:28:34] [wfl-013] Harness detected, timeout adjusted: 120 → 300
[22:28:37]   [container] [setup] 运行 setup.sh: /app/claw-bench/tasks/workflow-automation/wfl-012-batch-file-renamer/environment/setup.sh
[22:28:37]   [container] [setup] setup.sh 成功
[22:28:37]   [container] [setup] 工作空间文件: ['rename_rules.json', 'file_list.json', 'instruction.md']
[22:28:37]   [container] DONE
[22:28:37]   [container-err] Plan generation returned empty (attempt 1/3)
[22:28:37]   [container-err] Plan generation returned empty (attempt 2/3)
[22:28:37]   [container-err] Plan generation returned empty (attempt 3/3)
[22:28:37]   [container-err] Plan generation failed after 3 attempts, returning empty plan
[22:28:37] [clawbench_wfl-012_qwen3.6-27b_20260520_142730] Agent finished in 64.74s, returncode=0
[22:28:37] [clawbench_wfl-012_qwen3.6-27b_20260520_142730] Agent result: passed=False, score=0.5333
[22:28:38] [wfl-012] Result saved to /Volumes/F/work/ClawEvalkit-private-emnlp/outputs/harness/control/clawbench-official/qwen3.6-27b/wfl-012.json
[22:28:40] [clawbench_wfl-014_qwen3.6-27b_20260520_142838] Container started
[22:28:40] [wfl-014] Harness detected, timeout adjusted: 120 → 300
[22:31:12]   [container] [setup] 运行 setup.sh: /app/claw-bench/tasks/workflow-automation/wfl-014-data-pipeline-orchestrator/environment/setup.sh
[22:31:12]   [container] [setup] setup.sh 成功
[22:31:12]   [container] [setup] 工作空间文件: ['instruction.md', 'transforms.json']
[22:31:12]   [container] DONE
[22:31:12]   [container-err] Plan generation returned empty (attempt 1/3)
[22:31:12]   [container-err] Plan generation returned empty (attempt 2/3)
[22:31:12] [clawbench_wfl-014_qwen3.6-27b_20260520_142838] Agent finished in 151.61s, returncode=0
[22:31:12] [clawbench_wfl-014_qwen3.6-27b_20260520_142838] Agent result: passed=True, score=1.0000
[22:31:12] [wfl-014] Result saved to /Volumes/F/work/ClawEvalkit-private-emnlp/outputs/harness/control/clawbench-official/qwen3.6-27b/wfl-014.json
[22:31:13]   [container] [setup] 运行 setup.sh: /app/claw-bench/tasks/workflow-automation/wfl-013-task-scheduler/environment/setup.sh
[22:31:13]   [container] [setup] setup.sh 成功
[22:31:13]   [container] [setup] 工作空间文件: ['instruction.md', 'tasks.json']
[22:31:13]   [container] DONE
[22:31:13]   [container-err] Plan generation returned empty (attempt 1/3)
[22:31:13]   [container-err] Plan generation returned empty (attempt 2/3)
[22:31:13]   [container-err] Plan generation returned empty (attempt 3/3)
[22:31:13]   [container-err] Plan generation failed after 3 attempts, returning empty plan
[22:31:13] [clawbench_wfl-013_qwen3.6-27b_20260520_142832] Agent finished in 158.87s, returncode=0
[22:31:13] [clawbench_wfl-013_qwen3.6-27b_20260520_142832] Agent result: passed=True, score=1.0000
[22:31:14] [wfl-013] Result saved to /Volumes/F/work/ClawEvalkit-private-emnlp/outputs/harness/control/clawbench-official/qwen3.6-27b/wfl-013.json
[22:31:15] [clawbench_wfl-015_qwen3.6-27b_20260520_143112] Container started
[22:31:15] [wfl-015] Harness detected, timeout adjusted: 120 → 300
[22:31:16] [clawbench_wfl-016_qwen3.6-27b_20260520_143114] Container started
[22:31:16] [wfl-016] Harness detected, timeout adjusted: 240 → 420
[22:32:13]   [container] [setup] 运行 setup.sh: /app/claw-bench/tasks/workflow-automation/wfl-016-onboarding-checklist/environment/setup.sh
[22:32:13]   [container] [setup] setup.sh 成功
[22:32:13]   [container] [setup] 工作空间文件: ['instruction.md', 'new_hire.json', 'equipment_by_dept.json']
[22:32:13]   [container] DONE
[22:32:13]   [container-err] Plan generation returned empty (attempt 1/3)
[22:32:13]   [container-err] Plan generation returned empty (attempt 2/3)
[22:32:13]   [container-err] Plan generation returned empty (attempt 3/3)
[22:32:13]   [container-err] Plan generation failed after 3 attempts, returning empty plan
[22:32:13] [clawbench_wfl-016_qwen3.6-27b_20260520_143114] Agent finished in 56.79s, returncode=0
[22:32:13] [clawbench_wfl-016_qwen3.6-27b_20260520_143114] Agent result: passed=True, score=1.0000
[22:32:13] [wfl-016] Result saved to /Volumes/F/work/ClawEvalkit-private-emnlp/outputs/harness/control/clawbench-official/qwen3.6-27b/wfl-016.json
[22:32:16] [clawbench_wfl-017_qwen3.6-27b_20260520_143213] Container started
[22:32:16] [wfl-017] Harness detected, timeout adjusted: 180 → 360
[22:32:59]   [container] [setup] 运行 setup.sh: /app/claw-bench/tasks/workflow-automation/wfl-015-notification-dispatcher/environment/setup.sh
[22:32:59]   [container] [setup] setup.sh 失败 (rc=1)
[22:32:59]   [container] [setup] stderr: cp: cannot stat '/app/claw-bench/tasks/workflow-automation/wfl-015-notification-dispatcher/environment/data/events.jsonl': No such file or directory
[22:32:59]   [container] 
[22:32:59]   [container] [setup] 重试 (bash -x) ...
[22:32:59]   [container] [setup] 重试也失败 (rc=1)
[22:32:59]   [container] [setup] stderr: + set -euo pipefail
[22:32:59]   [container] +++ dirname /app/claw-bench/tasks/workflow-automation/wfl-015-notification-dispatcher/environment/setup.sh
[22:32:59]   [container] ++ cd /app/claw-bench/tasks/workflow-automation/wfl-015-notification-dispatcher/environment/..
[22:32:59]   [container] ++ pwd
[22:32:59]   [container] + TASK_DIR=/app/claw-bench/tasks/workflow-automation/wfl-015-notification-dispatcher
[22:32:59]   [container] + WORKSPACE=/tmp/clawbench_workspace
[22:32:59]   [container] + mkdir -p /tmp/clawbench_workspace
[22:32:59]   [container] + cp /app/claw-bench/tasks/workflow-automation/wfl-015-notification-dispatcher/environment/data/events.jsonl /tmp/clawbench_workspace/
[22:32:59]   [container] cp: cannot stat '/app/claw-bench/tasks/workflow-automation/wfl-015-notification-dispatcher/environment/data/events.jsonl': No such file or directory
[22:32:59]   [container] 
[22:32:59]   [container] [setup] 工作空间文件: ['instruction.md', 'routing_rules.json']
[22:32:59]   [container] DONE
[22:32:59]   [container-err] Plan generation returned empty (attempt 1/3)
[22:32:59]   [container-err] Plan generation returned empty (attempt 2/3)
[22:32:59]   [container-err] Plan generation returned empty (attempt 3/3)
[22:32:59]   [container-err] Plan generation failed after 3 attempts, returning empty plan
[22:32:59]   [container-err] Retry exhausted for read_file: Error: File not found: /tmp/clawbench_workspace/events.jsonl
[22:32:59] [clawbench_wfl-015_qwen3.6-27b_20260520_143112] Agent finished in 103.94s, returncode=0
[22:32:59] [clawbench_wfl-015_qwen3.6-27b_20260520_143112] Agent result: passed=False, score=0.2500
[22:32:59] [wfl-015] Result saved to /Volumes/F/work/ClawEvalkit-private-emnlp/outputs/harness/control/clawbench-official/qwen3.6-27b/wfl-015.json
[22:33:35]   [container] [setup] 运行 setup.sh: /app/claw-bench/tasks/workflow-automation/wfl-017-standup-aggregator/environment/setup.sh
[22:33:35]   [container] [setup] setup.sh 成功
[22:33:35]   [container] [setup] 工作空间文件: ['dave.json', 'alice.json', 'instruction.md', 'carol.json', 'bob.json']
[22:33:35]   [container] DONE
[22:33:35] [clawbench_wfl-017_qwen3.6-27b_20260520_143213] Agent finished in 79.34s, returncode=0
[22:33:35] [clawbench_wfl-017_qwen3.6-27b_20260520_143213] Agent result: passed=True, score=1.0000
[22:33:35] [wfl-017] Result saved to /Volumes/F/work/ClawEvalkit-private-emnlp/outputs/harness/control/clawbench-official/qwen3.6-27b/wfl-017.json
[22:33:35]   [clawbench-official×qwen3.6-27b] done: score=93.3, scored=200/303
[22:33:35] 

