[18:13:20] Config: bench=['clawbench-official'], models=['qwen3.6-27b'], sample=all
[18:13:20] 
============================================================
[18:13:20] BENCHMARK: ClawBench Official (250 tasks)
[18:13:20] ============================================================
[18:13:20]   [clawbench-official×qwen3.6-27b] evaluating...
[18:13:25] [clawbench_acad-002-literature-review_qwen3.6-27b_20260520_101321] Container started
[18:13:25] [acad-002-literature-review] Harness detected, timeout adjusted: 3600 → 3780
[18:13:25] [clawbench_acad-001-citation-network_qwen3.6-27b_20260520_101321] Container started
[18:13:25] [acad-001-citation-network] Harness detected, timeout adjusted: 3600 → 3780
[18:14:40]   [container] [setup] 运行 setup.sh: /app/claw-bench/tasks/academic-research/acad-002-literature-review/environment/setup.sh
[18:14:40]   [container] [setup] setup.sh 成功
[18:14:40]   [container] [setup] 工作空间文件: ['abstracts.csv', 'instruction.md']
[18:14:40]   [container] DONE
[18:14:40]   [container-err] Loading weights:   0%|          | 0/103 [00:00<?, ?it/s]
[18:14:40]   [container-err] Loading weights: 100%|██████████| 103/103 [00:00<00:00, 5290.59it/s]
[18:14:40]   [container-err] [1mBertModel LOAD REPORT[0m from: sentence-transformers/all-MiniLM-L6-v2
[18:14:40]   [container-err] Key                     | Status     |  | 
[18:14:40]   [container-err] ------------------------+------------+--+-
[18:14:40]   [container-err] embeddings.position_ids | UNEXPECTED |  | 
[18:14:40]   [container-err] 
[18:14:40]   [container-err] Notes:
[18:14:40]   [container-err] - UNEXPECTED:	can be ignored when loading from different task/architecture; not ok if you expect identical arch.
[18:14:40] [clawbench_acad-002-literature-review_qwen3.6-27b_20260520_101321] Agent finished in 74.73s, returncode=0
[18:14:40] [clawbench_acad-002-literature-review_qwen3.6-27b_20260520_101321] Agent result: passed=True, score=1.0000
[18:14:41] [acad-002-literature-review] Result saved to /Volumes/F/work/ClawEvalkit-private-emnlp/outputs/harness/memory/clawbench-official/qwen3.6-27b/acad-002-literature-review.json
[18:14:44] [clawbench_acad-003-statistical-analysis_qwen3.6-27b_20260520_101441] Container started
[18:14:44] [acad-003-statistical-analysis] Harness detected, timeout adjusted: 3600 → 3780
[18:14:51]   [container] [setup] 运行 setup.sh: /app/claw-bench/tasks/academic-research/acad-001-citation-network/environment/setup.sh
[18:14:51]   [container] [setup] setup.sh 成功
[18:14:51]   [container] [setup] 工作空间文件: ['references.bib', 'instruction.md']
[18:14:51]   [container] DONE
[18:14:51]   [container-err] Loading weights:   0%|          | 0/103 [00:00<?, ?it/s]
[18:14:51]   [container-err] Loading weights: 100%|██████████| 103/103 [00:00<00:00, 38156.98it/s]
[18:14:51]   [container-err] [1mBertModel LOAD REPORT[0m from: sentence-transformers/all-MiniLM-L6-v2
[18:14:51]   [container-err] Key                     | Status     |  | 
[18:14:51]   [container-err] ------------------------+------------+--+-
[18:14:51]   [container-err] embeddings.position_ids | UNEXPECTED |  | 
[18:14:51]   [container-err] 
[18:14:51]   [container-err] Notes:
[18:14:51]   [container-err] - UNEXPECTED:	can be ignored when loading from different task/architecture; not ok if you expect identical arch.
[18:14:51] [clawbench_acad-001-citation-network_qwen3.6-27b_20260520_101321] Agent finished in 85.25s, returncode=0
[18:14:51] [clawbench_acad-001-citation-network_qwen3.6-27b_20260520_101321] Agent result: passed=True, score=1.0000
[18:14:51] [acad-001-citation-network] Result saved to /Volumes/F/work/ClawEvalkit-private-emnlp/outputs/harness/memory/clawbench-official/qwen3.6-27b/acad-001-citation-network.json
[18:14:53] [clawbench_acad-004-plagiarism-check_qwen3.6-27b_20260520_101451] Container started
[18:14:53] [acad-004-plagiarism-check] Harness detected, timeout adjusted: 3600 → 3780
[18:16:12]   [container] [setup] 运行 setup.sh: /app/claw-bench/tasks/academic-research/acad-003-statistical-analysis/environment/setup.sh
[18:16:12]   [container] [setup] setup.sh 成功
[18:16:12]   [container] [setup] 工作空间文件: ['instruction.md', 'experiment_data.csv']
[18:16:12]   [container] DONE
[18:16:12]   [container-err] Loading weights:   0%|          | 0/103 [00:00<?, ?it/s]
[18:16:12]   [container-err] Loading weights: 100%|██████████| 103/103 [00:00<00:00, 24954.56it/s]
[18:16:12]   [container-err] [1mBertModel LOAD REPORT[0m from: sentence-transformers/all-MiniLM-L6-v2
[18:16:12]   [container-err] Key                     | Status     |  | 
[18:16:12]   [container-err] ------------------------+------------+--+-
[18:16:12]   [container-err] embeddings.position_ids | UNEXPECTED |  | 
[18:16:12]   [container-err] 
[18:16:12]   [container-err] Notes:
[18:16:12]   [container-err] - UNEXPECTED:	can be ignored when loading from different task/architecture; not ok if you expect identical arch.
[18:16:12] [clawbench_acad-003-statistical-analysis_qwen3.6-27b_20260520_101441] Agent finished in 88.45s, returncode=0
[18:16:13] [clawbench_acad-003-statistical-analysis_qwen3.6-27b_20260520_101441] Agent result: passed=False, score=0.7500
[18:16:13] [acad-003-statistical-analysis] Result saved to /Volumes/F/work/ClawEvalkit-private-emnlp/outputs/harness/memory/clawbench-official/qwen3.6-27b/acad-003-statistical-analysis.json
[18:16:15] [clawbench_acad-005-metadata-extraction_qwen3.6-27b_20260520_101613] Container started
[18:16:15] [acad-005-metadata-extraction] Harness detected, timeout adjusted: 3600 → 3780
[18:17:39]   [container] [setup] 运行 setup.sh: /app/claw-bench/tasks/academic-research/acad-004-plagiarism-check/environment/setup.sh
[18:17:39]   [container] [setup] setup.sh 成功
[18:17:39]   [container] [setup] 工作空间文件: ['instruction.md']
[18:17:39]   [container] DONE
[18:17:39]   [container-err] Loading weights:   0%|          | 0/103 [00:00<?, ?it/s]
[18:17:39]   [container-err] Loading weights: 100%|██████████| 103/103 [00:00<00:00, 22257.25it/s]
[18:17:39]   [container-err] [1mBertModel LOAD REPORT[0m from: sentence-transformers/all-MiniLM-L6-v2
[18:17:39]   [container-err] Key                     | Status     |  | 
[18:17:39]   [container-err] ------------------------+------------+--+-
[18:17:39]   [container-err] embeddings.position_ids | UNEXPECTED |  | 
[18:17:39]   [container-err] 
[18:17:39]   [container-err] Notes:
[18:17:39]   [container-err] - UNEXPECTED:	can be ignored when loading from different task/architecture; not ok if you expect identical arch.
[18:17:39] [clawbench_acad-004-plagiarism-check_qwen3.6-27b_20260520_101451] Agent finished in 166.03s, returncode=0
[18:17:39] [clawbench_acad-004-plagiarism-check_qwen3.6-27b_20260520_101451] Agent result: passed=True, score=1.0000
[18:17:40] [acad-004-plagiarism-check] Result saved to /Volumes/F/work/ClawEvalkit-private-emnlp/outputs/harness/memory/clawbench-official/qwen3.6-27b/acad-004-plagiarism-check.json
[18:17:42] [clawbench_acct-001-journal-entries_qwen3.6-27b_20260520_101740] Container started
[18:17:42] [acct-001-journal-entries] Harness detected, timeout adjusted: 3600 → 3780
[18:18:00]   [container] [setup] 运行 setup.sh: /app/claw-bench/tasks/academic-research/acad-005-metadata-extraction/environment/setup.sh
[18:18:00]   [container] [setup] setup.sh 成功
[18:18:00]   [container] [setup] 工作空间文件: ['instruction.md']
[18:18:00]   [container] DONE
[18:18:00]   [container-err] Loading weights:   0%|          | 0/103 [00:00<?, ?it/s]
[18:18:00]   [container-err] Loading weights: 100%|██████████| 103/103 [00:00<00:00, 103749.59it/s]
[18:18:00]   [container-err] [1mBertModel LOAD REPORT[0m from: sentence-transformers/all-MiniLM-L6-v2
[18:18:00]   [container-err] Key                     | Status     |  | 
[18:18:00]   [container-err] ------------------------+------------+--+-
[18:18:00]   [container-err] embeddings.position_ids | UNEXPECTED |  | 
[18:18:00]   [container-err] 
[18:18:00]   [container-err] Notes:
[18:18:00]   [container-err] - UNEXPECTED:	can be ignored when loading from different task/architecture; not ok if you expect identical arch.
[18:18:00] [clawbench_acad-005-metadata-extraction_qwen3.6-27b_20260520_101613] Agent finished in 104.87s, returncode=0
[18:18:00] [clawbench_acad-005-metadata-extraction_qwen3.6-27b_20260520_101613] Agent result: passed=True, score=1.0000
[18:18:01] [acad-005-metadata-extraction] Result saved to /Volumes/F/work/ClawEvalkit-private-emnlp/outputs/harness/memory/clawbench-official/qwen3.6-27b/acad-005-metadata-extraction.json
[18:18:04] [clawbench_acct-002-trial-balance_qwen3.6-27b_20260520_101801] Container started
[18:18:04] [acct-002-trial-balance] Harness detected, timeout adjusted: 3600 → 3780
[18:18:23]   [container] [setup] 运行 setup.sh: /app/claw-bench/tasks/accounting/acct-001-journal-entries/environment/setup.sh
[18:18:23]   [container] [setup] setup.sh 成功
[18:18:23]   [container] [setup] 工作空间文件: ['instruction.md', 'transactions.csv']
[18:18:23]   [container] DONE
[18:18:23]   [container-err] Loading weights:   0%|          | 0/103 [00:00<?, ?it/s]
[18:18:23]   [container-err] Loading weights: 100%|██████████| 103/103 [00:00<00:00, 13246.25it/s]
[18:18:23]   [container-err] [1mBertModel LOAD REPORT[0m from: sentence-transformers/all-MiniLM-L6-v2
[18:18:23]   [container-err] Key                     | Status     |  | 
[18:18:23]   [container-err] ------------------------+------------+--+-
[18:18:23]   [container-err] embeddings.position_ids | UNEXPECTED |  | 
[18:18:23]   [container-err] 
[18:18:23]   [container-err] Notes:
[18:18:23]   [container-err] - UNEXPECTED:	can be ignored when loading from different task/architecture; not ok if you expect identical arch.
[18:18:23] [clawbench_acct-001-journal-entries_qwen3.6-27b_20260520_101740] Agent finished in 40.37s, returncode=0
[18:18:23] [clawbench_acct-001-journal-entries_qwen3.6-27b_20260520_101740] Agent result: passed=True, score=1.0000
[18:18:24] [acct-001-journal-entries] Result saved to /Volumes/F/work/ClawEvalkit-private-emnlp/outputs/harness/memory/clawbench-official/qwen3.6-27b/acct-001-journal-entries.json
[18:18:27] [clawbench_acct-003-depreciation_qwen3.6-27b_20260520_101824] Container started
[18:18:27] [acct-003-depreciation] Harness detected, timeout adjusted: 3600 → 3780
[18:18:55]   [container] [setup] 运行 setup.sh: /app/claw-bench/tasks/accounting/acct-002-trial-balance/environment/setup.sh
[18:18:55]   [container] [setup] setup.sh 成功
[18:18:55]   [container] [setup] 工作空间文件: ['ledger.csv', 'instruction.md']
[18:18:55]   [container] DONE
[18:18:55]   [container-err] Loading weights:   0%|          | 0/103 [00:00<?, ?it/s]
[18:18:55]   [container-err] Loading weights: 100%|██████████| 103/103 [00:00<00:00, 39256.09it/s]
[18:18:55]   [container-err] [1mBertModel LOAD REPORT[0m from: sentence-transformers/all-MiniLM-L6-v2
[18:18:55]   [container-err] Key                     | Status     |  | 
[18:18:55]   [container-err] ------------------------+------------+--+-
[18:18:55]   [container-err] embeddings.position_ids | UNEXPECTED |  | 
[18:18:55]   [container-err] 
[18:18:55]   [container-err] Notes:
[18:18:55]   [container-err] - UNEXPECTED:	can be ignored when loading from different task/architecture; not ok if you expect identical arch.
[18:18:55] [clawbench_acct-002-trial-balance_qwen3.6-27b_20260520_101801] Agent finished in 50.51s, returncode=0
[18:18:55] [clawbench_acct-002-trial-balance_qwen3.6-27b_20260520_101801] Agent result: passed=True, score=1.0000
[18:18:55] [acct-002-trial-balance] Result saved to /Volumes/F/work/ClawEvalkit-private-emnlp/outputs/harness/memory/clawbench-official/qwen3.6-27b/acct-002-trial-balance.json
[18:18:58] [clawbench_acct-004-bank-reconciliation_qwen3.6-27b_20260520_101855] Container started
[18:18:58] [acct-004-bank-reconciliation] Harness detected, timeout adjusted: 3600 → 3780
[18:19:26]   [container] [setup] 运行 setup.sh: /app/claw-bench/tasks/accounting/acct-003-depreciation/environment/setup.sh
[18:19:26]   [container] [setup] setup.sh 成功
[18:19:26]   [container] [setup] 工作空间文件: ['assets.csv', 'instruction.md']
[18:19:26]   [container] DONE
[18:19:26]   [container-err] Loading weights:   0%|          | 0/103 [00:00<?, ?it/s]
[18:19:26]   [container-err] Loading weights: 100%|██████████| 103/103 [00:00<00:00, 35318.29it/s]
[18:19:26]   [container-err] [1mBertModel LOAD REPORT[0m from: sentence-transformers/all-MiniLM-L6-v2
[18:19:26]   [container-err] Key                     | Status     |  | 
[18:19:26]   [container-err] ------------------------+------------+--+-
[18:19:26]   [container-err] embeddings.position_ids | UNEXPECTED |  | 
[18:19:26]   [container-err] 
[18:19:26]   [container-err] Notes:
[18:19:26]   [container-err] - UNEXPECTED:	can be ignored when loading from different task/architecture; not ok if you expect identical arch.
[18:19:26] [clawbench_acct-003-depreciation_qwen3.6-27b_20260520_101824] Agent finished in 59.03s, returncode=0
[18:19:26] [clawbench_acct-003-depreciation_qwen3.6-27b_20260520_101824] Agent result: passed=True, score=1.0000
[18:19:27] [acct-003-depreciation] Result saved to /Volumes/F/work/ClawEvalkit-private-emnlp/outputs/harness/memory/clawbench-official/qwen3.6-27b/acct-003-depreciation.json
[18:19:30] [clawbench_acct-005-financial-statements_qwen3.6-27b_20260520_101927] Container started
[18:19:30] [acct-005-financial-statements] Harness detected, timeout adjusted: 3600 → 3780
[18:20:49]   [container] [setup] 运行 setup.sh: /app/claw-bench/tasks/accounting/acct-005-financial-statements/environment/setup.sh
[18:20:49]   [container] [setup] setup.sh 成功
[18:20:49]   [container] [setup] 工作空间文件: ['trial_balance.csv', 'instruction.md']
[18:20:49]   [container] DONE
[18:20:49]   [container-err] Loading weights:   0%|          | 0/103 [00:00<?, ?it/s]
[18:20:49]   [container-err] Loading weights: 100%|██████████| 103/103 [00:00<00:00, 98140.23it/s]
[18:20:49]   [container-err] [1mBertModel LOAD REPORT[0m from: sentence-transformers/all-MiniLM-L6-v2
[18:20:49]   [container-err] Key                     | Status     |  | 
[18:20:49]   [container-err] ------------------------+------------+--+-
[18:20:49]   [container-err] embeddings.position_ids | UNEXPECTED |  | 
[18:20:49]   [container-err] 
[18:20:49]   [container-err] Notes:
[18:20:49]   [container-err] - UNEXPECTED:	can be ignored when loading from different task/architecture; not ok if you expect identical arch.
[18:20:49] [clawbench_acct-005-financial-statements_qwen3.6-27b_20260520_101927] Agent finished in 79.11s, returncode=0
[18:20:49] [clawbench_acct-005-financial-statements_qwen3.6-27b_20260520_101927] Agent result: passed=False, score=0.5000
[18:20:50] [acct-005-financial-statements] Result saved to /Volumes/F/work/ClawEvalkit-private-emnlp/outputs/harness/memory/clawbench-official/qwen3.6-27b/acct-005-financial-statements.json
[18:20:52] [clawbench_bio-001-sequence-analysis_qwen3.6-27b_20260520_102050] Container started
[18:20:52] [bio-001-sequence-analysis] Harness detected, timeout adjusted: 3600 → 3780
[18:22:44]   [container] [setup] 运行 setup.sh: /app/claw-bench/tasks/bioinformatics/bio-001-sequence-analysis/environment/setup.sh
[18:22:44]   [container] [setup] setup.sh 成功
[18:22:44]   [container] [setup] 工作空间文件: ['instruction.md', 'sequences.fasta']
[18:22:44]   [container] DONE
[18:22:44]   [container-err] Loading weights:   0%|          | 0/103 [00:00<?, ?it/s]
[18:22:44]   [container-err] Loading weights: 100%|██████████| 103/103 [00:00<00:00, 23971.44it/s]
[18:22:44]   [container-err] [1mBertModel LOAD REPORT[0m from: sentence-transformers/all-MiniLM-L6-v2
[18:22:44]   [container-err] Key                     | Status     |  | 
[18:22:44]   [container-err] ------------------------+------------+--+-
[18:22:44]   [container-err] embeddings.position_ids | UNEXPECTED |  | 
[18:22:44]   [container-err] 
[18:22:44]   [container-err] Notes:
[18:22:44]   [container-err] - UNEXPECTED:	can be ignored when loading from different task/architecture; not ok if you expect identical arch.
[18:22:44] [clawbench_bio-001-sequence-analysis_qwen3.6-27b_20260520_102050] Agent finished in 112.52s, returncode=0
[18:22:45] [clawbench_bio-001-sequence-analysis_qwen3.6-27b_20260520_102050] Agent result: passed=True, score=1.0000
[18:22:45] [bio-001-sequence-analysis] Result saved to /Volumes/F/work/ClawEvalkit-private-emnlp/outputs/harness/memory/clawbench-official/qwen3.6-27b/bio-001-sequence-analysis.json
[18:22:49] [clawbench_bio-002-protein-alignment_qwen3.6-27b_20260520_102245] Container started
[18:22:49] [bio-002-protein-alignment] Harness detected, timeout adjusted: 3600 → 3780
[18:25:16]   [container] num_seqs = 25
[18:25:16]   [container] min_len = 50
[18:25:16]   [container] max_len = 100
[18:25:16]   [container] 
[18:25:16]   [container] with open(f"{os.environ.get(\"WORKSPACE\", os.getcwd())}/proteins.fasta", "w") as f:
[18:25:16]   [container]     for i in range(1, num_seqs + 1):
[18:25:16]   [container]         length = random.randint(min_len, max_len)
[18:25:16]   [container]         seq = "".join(random.choices(amino_acids, k=length))
[18:25:16]   [container]         f.write(f">seq{i}\n")
[18:25:16]   [container]         # Write sequence in lines of max 60 chars
[18:25:16]   [container]         for j in range(0, length, 60):
[18:25:16]   [container]             f.write(seq[j:j+60] + "\n")
[18:25:16]   [container] '
[18:25:16]   [container]   File "<string>", line 10
[18:25:16]   [container]     with open(f"{os.environ.get(\"WORKSPACE\", os.getcwd())}/proteins.fasta", "w") as f:
[18:25:16]   [container]                                  ^
[18:25:16]   [container] SyntaxError: unexpected character after line continuation character
[18:25:16]   [container] 
[18:25:16]   [container] [setup] 工作空间文件: ['instruction.md']
[18:25:16]   [container] DONE
[18:25:16]   [container-err] Loading weights:   0%|          | 0/103 [00:00<?, ?it/s]
[18:25:16]   [container-err] Loading weights: 100%|██████████| 103/103 [00:00<00:00, 2147.93it/s]
[18:25:16]   [container-err] [1mBertModel LOAD REPORT[0m from: sentence-transformers/all-MiniLM-L6-v2
[18:25:16]   [container-err] Key                     | Status     |  | 
[18:25:16]   [container-err] ------------------------+------------+--+-
[18:25:16]   [container-err] embeddings.position_ids | UNEXPECTED |  | 
[18:25:16]   [container-err] 
[18:25:16]   [container-err] Notes:
[18:25:16]   [container-err] - UNEXPECTED:	can be ignored when loading from different task/architecture; not ok if you expect identical arch.
[18:25:16] [clawbench_bio-002-protein-alignment_qwen3.6-27b_20260520_102245] Agent finished in 147.72s, returncode=0
[18:25:16] [clawbench_bio-002-protein-alignment_qwen3.6-27b_20260520_102245] Agent result: passed=True, score=1.0000
[18:25:17] [bio-002-protein-alignment] Result saved to /Volumes/F/work/ClawEvalkit-private-emnlp/outputs/harness/memory/clawbench-official/qwen3.6-27b/bio-002-protein-alignment.json
[18:25:20] [clawbench_bio-003-gene-expression_qwen3.6-27b_20260520_102517] Container started
[18:25:20] [bio-003-gene-expression] Harness detected, timeout adjusted: 3600 → 3780
[18:25:22]   [container] [setup] 运行 setup.sh: /app/claw-bench/tasks/accounting/acct-004-bank-reconciliation/environment/setup.sh
[18:25:22]   [container] [setup] setup.sh 成功
[18:25:22]   [container] [setup] 工作空间文件: ['bank_statement.csv', 'company_ledger.csv', 'instruction.md']
[18:25:22]   [container] DONE
[18:25:22]   [container-err] Loading weights:   0%|          | 0/103 [00:00<?, ?it/s]
[18:25:22]   [container-err] Loading weights: 100%|██████████| 103/103 [00:00<00:00, 42147.64it/s]
[18:25:22]   [container-err] [1mBertModel LOAD REPORT[0m from: sentence-transformers/all-MiniLM-L6-v2
[18:25:22]   [container-err] Key                     | Status     |  | 
[18:25:22]   [container-err] ------------------------+------------+--+-
[18:25:22]   [container-err] embeddings.position_ids | UNEXPECTED |  | 
[18:25:22]   [container-err] 
[18:25:22]   [container-err] Notes:
[18:25:22]   [container-err] - UNEXPECTED:	can be ignored when loading from different task/architecture; not ok if you expect identical arch.
[18:25:22] [clawbench_acct-004-bank-reconciliation_qwen3.6-27b_20260520_101855] Agent finished in 383.67s, returncode=0
[18:25:22] [clawbench_acct-004-bank-reconciliation_qwen3.6-27b_20260520_101855] Agent result: passed=True, score=1.0000
[18:25:23] [acct-004-bank-reconciliation] Result saved to /Volumes/F/work/ClawEvalkit-private-emnlp/outputs/harness/memory/clawbench-official/qwen3.6-27b/acct-004-bank-reconciliation.json
[18:25:25] [clawbench_bio-004-phylogenetic_qwen3.6-27b_20260520_102523] Container started
[18:25:25] [bio-004-phylogenetic] Harness detected, timeout adjusted: 3600 → 3780
[18:27:05]   [container] [setup] 运行 setup.sh: /app/claw-bench/tasks/bioinformatics/bio-003-gene-expression/environment/setup.sh
[18:27:05]   [container] [setup] setup.sh 成功
[18:27:05]   [container] [setup] 工作空间文件: ['instruction.md', 'expression_matrix.csv']
[18:27:05]   [container] DONE
[18:27:05]   [container-err] Loading weights:   0%|          | 0/103 [00:00<?, ?it/s]
[18:27:05]   [container-err] Loading weights: 100%|██████████| 103/103 [00:00<00:00, 2887.58it/s]
[18:27:05]   [container-err] [1mBertModel LOAD REPORT[0m from: sentence-transformers/all-MiniLM-L6-v2
[18:27:05]   [container-err] Key                     | Status     |  | 
[18:27:05]   [container-err] ------------------------+------------+--+-
[18:27:05]   [container-err] embeddings.position_ids | UNEXPECTED |  | 
[18:27:05]   [container-err] 
[18:27:05]   [container-err] Notes:
[18:27:05]   [container-err] - UNEXPECTED:	can be ignored when loading from different task/architecture; not ok if you expect identical arch.
[18:27:05] [clawbench_bio-003-gene-expression_qwen3.6-27b_20260520_102517] Agent finished in 105.23s, returncode=0
[18:27:05] [clawbench_bio-003-gene-expression_qwen3.6-27b_20260520_102517] Agent result: passed=True, score=1.0000
[18:27:06] [bio-003-gene-expression] Result saved to /Volumes/F/work/ClawEvalkit-private-emnlp/outputs/harness/memory/clawbench-official/qwen3.6-27b/bio-003-gene-expression.json
[18:27:08] [clawbench_bio-005-variant-annotation_qwen3.6-27b_20260520_102706] Container started
[18:27:08] [bio-005-variant-annotation] Harness detected, timeout adjusted: 3600 → 3780
[18:27:57]   [container] [setup] 运行 setup.sh: /app/claw-bench/tasks/bioinformatics/bio-004-phylogenetic/environment/setup.sh
[18:27:57]   [container] [setup] setup.sh 成功
[18:27:57]   [container] [setup] 工作空间文件: ['instruction.md', 'species_sequences.fasta']
[18:27:57]   [container] DONE
[18:27:57]   [container-err] Loading weights:   0%|          | 0/103 [00:00<?, ?it/s]
[18:27:57]   [container-err] Loading weights: 100%|██████████| 103/103 [00:00<00:00, 28453.75it/s]
[18:27:57]   [container-err] [1mBertModel LOAD REPORT[0m from: sentence-transformers/all-MiniLM-L6-v2
[18:27:57]   [container-err] Key                     | Status     |  | 
[18:27:57]   [container-err] ------------------------+------------+--+-
[18:27:57]   [container-err] embeddings.position_ids | UNEXPECTED |  | 
[18:27:57]   [container-err] 
[18:27:57]   [container-err] Notes:
[18:27:57]   [container-err] - UNEXPECTED:	can be ignored when loading from different task/architecture; not ok if you expect identical arch.
[18:27:57] [clawbench_bio-004-phylogenetic_qwen3.6-27b_20260520_102523] Agent finished in 151.48s, returncode=0
[18:27:57] [clawbench_bio-004-phylogenetic_qwen3.6-27b_20260520_102523] Agent result: passed=True, score=1.0000
[18:27:57] [bio-004-phylogenetic] Result saved to /Volumes/F/work/ClawEvalkit-private-emnlp/outputs/harness/memory/clawbench-official/qwen3.6-27b/bio-004-phylogenetic.json
[18:28:01] [clawbench_cal-001_qwen3.6-27b_20260520_102757] Container started
[18:28:01] [cal-001] Harness detected, timeout adjusted: 120 → 300
[18:28:22]   [container] [setup] 运行 setup.sh: /app/claw-bench/tasks/calendar/cal-001-create-meeting/environment/setup.sh
[18:28:22]   [container] [setup] setup.sh 成功
[18:28:22]   [container] [setup] 工作空间文件: ['instruction.md']
[18:28:22]   [container] DONE
[18:28:22]   [container-err] Loading weights:   0%|          | 0/103 [00:00<?, ?it/s]
[18:28:22]   [container-err] Loading weights: 100%|██████████| 103/103 [00:00<00:00, 27789.35it/s]
[18:28:22]   [container-err] [1mBertModel LOAD REPORT[0m from: sentence-transformers/all-MiniLM-L6-v2
[18:28:22]   [container-err] Key                     | Status     |  | 
[18:28:22]   [container-err] ------------------------+------------+--+-
[18:28:22]   [container-err] embeddings.position_ids | UNEXPECTED |  | 
[18:28:22]   [container-err] 
[18:28:22]   [container-err] Notes:
[18:28:22]   [container-err] - UNEXPECTED:	can be ignored when loading from different task/architecture; not ok if you expect identical arch.
[18:28:22] [clawbench_cal-001_qwen3.6-27b_20260520_102757] Agent finished in 21.21s, returncode=0
[18:28:22] [clawbench_cal-001_qwen3.6-27b_20260520_102757] Agent result: passed=True, score=1.0000
[18:28:23] [cal-001] Result saved to /Volumes/F/work/ClawEvalkit-private-emnlp/outputs/harness/memory/clawbench-official/qwen3.6-27b/cal-001.json
[18:28:25] [clawbench_cal-002_qwen3.6-27b_20260520_102823] Container started
[18:28:25] [cal-002] Harness detected, timeout adjusted: 120 → 300
[18:28:32]   [container]         length = random.randint(5000, 20000)
[18:28:32]   [container]         end = start + length
[18:28:32]   [container]         func = random.choice(functions)
[18:28:32]   [container]         regions.append([gene, chrom, start, end, func])
[18:28:32]   [container]         # Next gene region start with some gap
[18:28:32]   [container]         start = end + random.randint(1000, 5000)
[18:28:32]   [container] 
[18:28:32]   [container] with open(f"{os.environ.get(\"WORKSPACE\", os.getcwd())}/gene_regions.csv", "w", newline="") as f:
[18:28:32]   [container]     writer = csv.writer(f)
[18:28:32]   [container]     writer.writerow(["gene", "chrom", "start", "end", "function"])
[18:28:32]   [container]     for row in regions:
[18:28:32]   [container]         writer.writerow(row)
[18:28:32]   [container] '
[18:28:32]   [container]   File "<string>", line 21
[18:28:32]   [container]     with open(f"{os.environ.get(\"WORKSPACE\", os.getcwd())}/gene_regions.csv", "w", newline="") as f:
[18:28:32]   [container]                                  ^
[18:28:32]   [container] SyntaxError: unexpected character after line continuation character
[18:28:32]   [container] 
[18:28:32]   [container] [setup] 工作空间文件: ['instruction.md']
[18:28:32]   [container] DONE
[18:28:32]   [container-err] Loading weights:   0%|          | 0/103 [00:00<?, ?it/s]
[18:28:32]   [container-err] Loading weights: 100%|██████████| 103/103 [00:00<00:00, 14939.77it/s]
[18:28:32]   [container-err] [1mBertModel LOAD REPORT[0m from: sentence-transformers/all-MiniLM-L6-v2
[18:28:32]   [container-err] Key                     | Status     |  | 
[18:28:32]   [container-err] ------------------------+------------+--+-
[18:28:32]   [container-err] embeddings.position_ids | UNEXPECTED |  | 
[18:28:32]   [container-err] 
[18:28:32]   [container-err] Notes:
[18:28:32]   [container-err] - UNEXPECTED:	can be ignored when loading from different task/architecture; not ok if you expect identical arch.
[18:28:32] [clawbench_bio-005-variant-annotation_qwen3.6-27b_20260520_102706] Agent finished in 83.62s, returncode=0
[18:28:32] [clawbench_bio-005-variant-annotation_qwen3.6-27b_20260520_102706] Agent result: passed=False, score=0.6667
[18:28:33] [bio-005-variant-annotation] Result saved to /Volumes/F/work/ClawEvalkit-private-emnlp/outputs/harness/memory/clawbench-official/qwen3.6-27b/bio-005-variant-annotation.json
[18:28:37] [clawbench_cal-003_qwen3.6-27b_20260520_102833] Container started
[18:28:37] [cal-003] Harness detected, timeout adjusted: 120 → 300
[18:28:55]   [container] [setup] 运行 setup.sh: /app/claw-bench/tasks/calendar/cal-002-delete-meeting/environment/setup.sh
[18:28:55]   [container] [setup] setup.sh 成功
[18:28:55]   [container] [setup] 工作空间文件: ['.gitkeep', 'instruction.md', 'calendar.json']
[18:28:55]   [container] DONE
[18:28:55]   [container-err] Loading weights:   0%|          | 0/103 [00:00<?, ?it/s]
[18:28:55]   [container-err] Loading weights: 100%|██████████| 103/103 [00:00<00:00, 43527.79it/s]
[18:28:55]   [container-err] [1mBertModel LOAD REPORT[0m from: sentence-transformers/all-MiniLM-L6-v2
[18:28:55]   [container-err] Key                     | Status     |  | 
[18:28:55]   [container-err] ------------------------+------------+--+-
[18:28:55]   [container-err] embeddings.position_ids | UNEXPECTED |  | 
[18:28:55]   [container-err] 
[18:28:55]   [container-err] Notes:
[18:28:55]   [container-err] - UNEXPECTED:	can be ignored when loading from different task/architecture; not ok if you expect identical arch.
[18:28:55] [clawbench_cal-002_qwen3.6-27b_20260520_102823] Agent finished in 29.71s, returncode=0
[18:28:55] [clawbench_cal-002_qwen3.6-27b_20260520_102823] Agent result: passed=True, score=1.0000
[18:28:55] [cal-002] Result saved to /Volumes/F/work/ClawEvalkit-private-emnlp/outputs/harness/memory/clawbench-official/qwen3.6-27b/cal-002.json
[18:29:00] [clawbench_cal-004_qwen3.6-27b_20260520_102855] Container started
[18:29:00] [cal-004] Harness detected, timeout adjusted: 120 → 300
[18:29:09]   [container] [setup] 运行 setup.sh: /app/claw-bench/tasks/calendar/cal-003-list-today-schedule/environment/setup.sh
[18:29:09]   [container] [setup] setup.sh 成功
[18:29:09]   [container] [setup] 工作空间文件: ['.gitkeep', 'instruction.md', 'calendar.json']
[18:29:09]   [container] DONE
[18:29:09]   [container-err] Loading weights:   0%|          | 0/103 [00:00<?, ?it/s]
[18:29:09]   [container-err] Loading weights: 100%|██████████| 103/103 [00:00<00:00, 26169.94it/s]
[18:29:09]   [container-err] [1mBertModel LOAD REPORT[0m from: sentence-transformers/all-MiniLM-L6-v2
[18:29:09]   [container-err] Key                     | Status     |  | 
[18:29:09]   [container-err] ------------------------+------------+--+-
[18:29:09]   [container-err] embeddings.position_ids | UNEXPECTED |  | 
[18:29:09]   [container-err] 
[18:29:09]   [container-err] Notes:
[18:29:09]   [container-err] - UNEXPECTED:	can be ignored when loading from different task/architecture; not ok if you expect identical arch.
[18:29:09] [clawbench_cal-003_qwen3.6-27b_20260520_102833] Agent finished in 31.90s, returncode=0
[18:29:09] [clawbench_cal-003_qwen3.6-27b_20260520_102833] Agent result: passed=True, score=1.0000
[18:29:09] [cal-003] Result saved to /Volumes/F/work/ClawEvalkit-private-emnlp/outputs/harness/memory/clawbench-official/qwen3.6-27b/cal-003.json
[18:29:11] [clawbench_cal-005_qwen3.6-27b_20260520_102909] Container started
[18:29:11] [cal-005] Harness detected, timeout adjusted: 120 → 300
[18:29:25]   [container] [setup] 运行 setup.sh: /app/claw-bench/tasks/calendar/cal-004-set-reminder/environment/setup.sh
[18:29:25]   [container] [setup] setup.sh 成功
[18:29:25]   [container] [setup] 工作空间文件: ['.gitkeep', 'instruction.md', 'calendar.json']
[18:29:25]   [container] DONE
[18:29:25]   [container-err] Loading weights:   0%|          | 0/103 [00:00<?, ?it/s]
[18:29:25]   [container-err] Loading weights: 100%|██████████| 103/103 [00:00<00:00, 24908.52it/s]
[18:29:25]   [container-err] [1mBertModel LOAD REPORT[0m from: sentence-transformers/all-MiniLM-L6-v2
[18:29:25]   [container-err] Key                     | Status     |  | 
[18:29:25]   [container-err] ------------------------+------------+--+-
[18:29:25]   [container-err] embeddings.position_ids | UNEXPECTED |  | 
[18:29:25]   [container-err] 
[18:29:25]   [container-err] Notes:
[18:29:25]   [container-err] - UNEXPECTED:	can be ignored when loading from different task/architecture; not ok if you expect identical arch.
[18:29:25] [clawbench_cal-004_qwen3.6-27b_20260520_102855] Agent finished in 24.91s, returncode=0
[18:29:25] [clawbench_cal-004_qwen3.6-27b_20260520_102855] Agent result: passed=True, score=1.0000
[18:29:25] [cal-004] Result saved to /Volumes/F/work/ClawEvalkit-private-emnlp/outputs/harness/memory/clawbench-official/qwen3.6-27b/cal-004.json
[18:29:28] [clawbench_cal-006_qwen3.6-27b_20260520_102925] Container started
[18:29:28] [cal-006] Harness detected, timeout adjusted: 180 → 360
[18:29:44]   [container] [setup] 运行 setup.sh: /app/claw-bench/tasks/calendar/cal-005-change-meeting-time/environment/setup.sh
[18:29:44]   [container] [setup] setup.sh 成功
[18:29:44]   [container] [setup] 工作空间文件: ['.gitkeep', 'instruction.md', 'calendar.json']
[18:29:44]   [container] DONE
[18:29:44]   [container-err] Loading weights:   0%|          | 0/103 [00:00<?, ?it/s]
[18:29:44]   [container-err] Loading weights: 100%|██████████| 103/103 [00:00<00:00, 24920.01it/s]
[18:29:44]   [container-err] [1mBertModel LOAD REPORT[0m from: sentence-transformers/all-MiniLM-L6-v2
[18:29:44]   [container-err] Key                     | Status     |  | 
[18:29:44]   [container-err] ------------------------+------------+--+-
[18:29:44]   [container-err] embeddings.position_ids | UNEXPECTED |  | 
[18:29:44]   [container-err] 
[18:29:44]   [container-err] Notes:
[18:29:44]   [container-err] - UNEXPECTED:	can be ignored when loading from different task/architecture; not ok if you expect identical arch.
[18:29:44] [clawbench_cal-005_qwen3.6-27b_20260520_102909] Agent finished in 32.70s, returncode=0
[18:29:44] [clawbench_cal-005_qwen3.6-27b_20260520_102909] Agent result: passed=True, score=1.0000
[18:29:45] [cal-005] Result saved to /Volumes/F/work/ClawEvalkit-private-emnlp/outputs/harness/memory/clawbench-official/qwen3.6-27b/cal-005.json
[18:29:49] [clawbench_cal-007_qwen3.6-27b_20260520_102945] Container started
[18:29:49] [cal-007] Harness detected, timeout adjusted: 180 → 360
[18:30:06]   [container] [setup] 运行 setup.sh: /app/claw-bench/tasks/calendar/cal-006-create-recurring-meeting/environment/setup.sh
[18:30:06]   [container] [setup] setup.sh 成功
[18:30:06]   [container] [setup] 工作空间文件: ['.gitkeep', 'instruction.md']
[18:30:06]   [container] DONE
[18:30:06]   [container-err] Loading weights:   0%|          | 0/103 [00:00<?, ?it/s]
[18:30:06]   [container-err] Loading weights: 100%|██████████| 103/103 [00:00<00:00, 29091.81it/s]
[18:30:06]   [container-err] [1mBertModel LOAD REPORT[0m from: sentence-transformers/all-MiniLM-L6-v2
[18:30:06]   [container-err] Key                     | Status     |  | 
[18:30:06]   [container-err] ------------------------+------------+--+-
[18:30:06]   [container-err] embeddings.position_ids | UNEXPECTED |  | 
[18:30:06]   [container-err] 
[18:30:06]   [container-err] Notes:
[18:30:06]   [container-err] - UNEXPECTED:	can be ignored when loading from different task/architecture; not ok if you expect identical arch.
[18:30:06] [clawbench_cal-006_qwen3.6-27b_20260520_102925] Agent finished in 38.33s, returncode=0
[18:30:06] [clawbench_cal-006_qwen3.6-27b_20260520_102925] Agent result: passed=True, score=1.0000
[18:30:07] [cal-006] Result saved to /Volumes/F/work/ClawEvalkit-private-emnlp/outputs/harness/memory/clawbench-official/qwen3.6-27b/cal-006.json
[18:30:11] [clawbench_cal-008_qwen3.6-27b_20260520_103007] Container started
[18:30:11] [cal-008] Harness detected, timeout adjusted: 180 → 360
[18:30:54]   [container] [setup] 运行 setup.sh: /app/claw-bench/tasks/calendar/cal-007-timezone-conversion/environment/setup.sh
[18:30:54]   [container] [setup] setup.sh 成功
[18:30:54]   [container] [setup] 工作空间文件: ['.gitkeep', 'instruction.md', 'calendar.json']
[18:30:54]   [container] DONE
[18:30:54]   [container-err] Loading weights:   0%|          | 0/103 [00:00<?, ?it/s]
[18:30:54]   [container-err] Loading weights: 100%|██████████| 103/103 [00:00<00:00, 45609.51it/s]
[18:30:54]   [container-err] [1mBertModel LOAD REPORT[0m from: sentence-transformers/all-MiniLM-L6-v2
[18:30:54]   [container-err] Key                     | Status     |  | 
[18:30:54]   [container-err] ------------------------+------------+--+-
[18:30:54]   [container-err] embeddings.position_ids | UNEXPECTED |  | 
[18:30:54]   [container-err] 
[18:30:54]   [container-err] Notes:
[18:30:54]   [container-err] - UNEXPECTED:	can be ignored when loading from different task/architecture; not ok if you expect identical arch.
[18:30:54] [clawbench_cal-007_qwen3.6-27b_20260520_102945] Agent finished in 64.86s, returncode=0
[18:30:54] [clawbench_cal-007_qwen3.6-27b_20260520_102945] Agent result: passed=True, score=1.0000
[18:30:55] [cal-007] Result saved to /Volumes/F/work/ClawEvalkit-private-emnlp/outputs/harness/memory/clawbench-official/qwen3.6-27b/cal-007.json
[18:30:57] [clawbench_cal-009_qwen3.6-27b_20260520_103055] Container started
[18:30:57] [cal-009] Harness detected, timeout adjusted: 180 → 360
[18:31:05]   [container] [setup] 运行 setup.sh: /app/claw-bench/tasks/calendar/cal-008-batch-invite-participants/environment/setup.sh
[18:31:05]   [container] [setup] setup.sh 成功
[18:31:05]   [container] [setup] 工作空间文件: ['.gitkeep', 'instruction.md', 'calendar.json', 'contacts.json']
[18:31:05]   [container] DONE
[18:31:05]   [container-err] Loading weights:   0%|          | 0/103 [00:00<?, ?it/s]
[18:31:05]   [container-err] Loading weights: 100%|██████████| 103/103 [00:00<00:00, 32950.45it/s]
[18:31:05]   [container-err] [1mBertModel LOAD REPORT[0m from: sentence-transformers/all-MiniLM-L6-v2
[18:31:05]   [container-err] Key                     | Status     |  | 
[18:31:05]   [container-err] ------------------------+------------+--+-
[18:31:05]   [container-err] embeddings.position_ids | UNEXPECTED |  | 
[18:31:05]   [container-err] 
[18:31:05]   [container-err] Notes:
[18:31:05]   [container-err] - UNEXPECTED:	can be ignored when loading from different task/architecture; not ok if you expect identical arch.
[18:31:05] [clawbench_cal-008_qwen3.6-27b_20260520_103007] Agent finished in 54.02s, returncode=0
[18:31:05] [clawbench_cal-008_qwen3.6-27b_20260520_103007] Agent result: passed=True, score=1.0000
[18:31:05] [cal-008] Result saved to /Volumes/F/work/ClawEvalkit-private-emnlp/outputs/harness/memory/clawbench-official/qwen3.6-27b/cal-008.json
[18:31:09] [clawbench_cal-010_qwen3.6-27b_20260520_103105] Container started
[18:31:09] [cal-010] Harness detected, timeout adjusted: 180 → 360
[18:31:47]   [container] [setup] 运行 setup.sh: /app/claw-bench/tasks/calendar/cal-010-meeting-duration-stats/environment/setup.sh
[18:31:47]   [container] [setup] setup.sh 成功
[18:31:47]   [container] [setup] 工作空间文件: ['.gitkeep', 'instruction.md', 'calendar.json']
[18:31:47]   [container] DONE
[18:31:47]   [container-err] Loading weights:   0%|          | 0/103 [00:00<?, ?it/s]
[18:31:47]   [container-err] Loading weights: 100%|██████████| 103/103 [00:00<00:00, 19734.75it/s]
[18:31:47]   [container-err] [1mBertModel LOAD REPORT[0m from: sentence-transformers/all-MiniLM-L6-v2
[18:31:47]   [container-err] Key                     | Status     |  | 
[18:31:47]   [container-err] ------------------------+------------+--+-
[18:31:47]   [container-err] embeddings.position_ids | UNEXPECTED |  | 
[18:31:47]   [container-err] 
[18:31:47]   [container-err] Notes:
[18:31:47]   [container-err] - UNEXPECTED:	can be ignored when loading from different task/architecture; not ok if you expect identical arch.
[18:31:47] [clawbench_cal-010_qwen3.6-27b_20260520_103105] Agent finished in 38.73s, returncode=0
[18:31:47] [clawbench_cal-010_qwen3.6-27b_20260520_103105] Agent result: passed=True, score=1.0000
[18:31:48] [cal-010] Result saved to /Volumes/F/work/ClawEvalkit-private-emnlp/outputs/harness/memory/clawbench-official/qwen3.6-27b/cal-010.json
[18:31:50] [clawbench_cal-011_qwen3.6-27b_20260520_103148] Container started
[18:31:50] [cal-011] Harness detected, timeout adjusted: 240 → 420
[18:31:59]   [container] [setup] 运行 setup.sh: /app/claw-bench/tasks/calendar/cal-009-find-free-slots/environment/setup.sh
[18:31:59]   [container] [setup] setup.sh 成功
[18:31:59]   [container] [setup] 工作空间文件: ['.gitkeep', 'instruction.md', 'calendar.json']
[18:31:59]   [container] DONE
[18:31:59]   [container-err] Loading weights:   0%|          | 0/103 [00:00<?, ?it/s]
[18:31:59]   [container-err] Loading weights: 100%|██████████| 103/103 [00:00<00:00, 8653.94it/s]
[18:31:59]   [container-err] [1mBertModel LOAD REPORT[0m from: sentence-transformers/all-MiniLM-L6-v2
[18:31:59]   [container-err] Key                     | Status     |  | 
[18:31:59]   [container-err] ------------------------+------------+--+-
[18:31:59]   [container-err] embeddings.position_ids | UNEXPECTED |  | 
[18:31:59]   [container-err] 
[18:31:59]   [container-err] Notes:
[18:31:59]   [container-err] - UNEXPECTED:	can be ignored when loading from different task/architecture; not ok if you expect identical arch.
[18:31:59] [clawbench_cal-009_qwen3.6-27b_20260520_103055] Agent finished in 62.46s, returncode=0
[18:31:59] [clawbench_cal-009_qwen3.6-27b_20260520_103055] Agent result: passed=True, score=1.0000
[18:32:00] [cal-009] Result saved to /Volumes/F/work/ClawEvalkit-private-emnlp/outputs/harness/memory/clawbench-official/qwen3.6-27b/cal-009.json
[18:32:05] [clawbench_cal-012_qwen3.6-27b_20260520_103200] Container started
[18:32:05] [cal-012] Harness detected, timeout adjusted: 240 → 420
[18:33:08]   [container] [setup] 运行 setup.sh: /app/claw-bench/tasks/calendar/cal-012-calendar-merge/environment/setup.sh
[18:33:08]   [container] [setup] setup.sh 成功
[18:33:08]   [container] [setup] 工作空间文件: ['personal_calendar.json', '.gitkeep', 'work_calendar.json', 'instruction.md']
[18:33:08]   [container] DONE
[18:33:08]   [container-err] Loading weights:   0%|          | 0/103 [00:00<?, ?it/s]
[18:33:08]   [container-err] Loading weights: 100%|██████████| 103/103 [00:00<00:00, 13731.71it/s]
[18:33:08]   [container-err] [1mBertModel LOAD REPORT[0m from: sentence-transformers/all-MiniLM-L6-v2
[18:33:08]   [container-err] Key                     | Status     |  | 
[18:33:08]   [container-err] ------------------------+------------+--+-
[18:33:08]   [container-err] embeddings.position_ids | UNEXPECTED |  | 
[18:33:08]   [container-err] 
[18:33:08]   [container-err] Notes:
[18:33:08]   [container-err] - UNEXPECTED:	can be ignored when loading from different task/architecture; not ok if you expect identical arch.
[18:33:08] [clawbench_cal-012_qwen3.6-27b_20260520_103200] Agent finished in 63.67s, returncode=0
[18:33:08] [clawbench_cal-012_qwen3.6-27b_20260520_103200] Agent result: passed=True, score=1.0000
[18:33:09] [cal-012] Result saved to /Volumes/F/work/ClawEvalkit-private-emnlp/outputs/harness/memory/clawbench-official/qwen3.6-27b/cal-012.json
[18:33:11] [clawbench_cal-013_qwen3.6-27b_20260520_103309] Container started
[18:33:11] [cal-013] Harness detected, timeout adjusted: 240 → 420
[18:33:53]   [container] [setup] 运行 setup.sh: /app/claw-bench/tasks/calendar/cal-013-meeting-notes-generator/environment/setup.sh
[18:33:53]   [container] [setup] setup.sh 成功
[18:33:53]   [container] [setup] 工作空间文件: ['attendees.json', '.gitkeep', 'instruction.md', 'meeting.json']
[18:33:53]   [container] DONE
[18:33:53]   [container-err] Loading weights:   0%|          | 0/103 [00:00<?, ?it/s]
[18:33:53]   [container-err] Loading weights: 100%|██████████| 103/103 [00:00<00:00, 13544.01it/s]
[18:33:53]   [container-err] [1mBertModel LOAD REPORT[0m from: sentence-transformers/all-MiniLM-L6-v2
[18:33:53]   [container-err] Key                     | Status     |  | 
[18:33:53]   [container-err] ------------------------+------------+--+-
[18:33:53]   [container-err] embeddings.position_ids | UNEXPECTED |  | 
[18:33:53]   [container-err] 
[18:33:53]   [container-err] Notes:
[18:33:53]   [container-err] - UNEXPECTED:	can be ignored when loading from different task/architecture; not ok if you expect identical arch.
[18:33:53] [clawbench_cal-013_qwen3.6-27b_20260520_103309] Agent finished in 41.35s, returncode=0
[18:33:53] [clawbench_cal-013_qwen3.6-27b_20260520_103309] Agent result: passed=True, score=1.0000
[18:33:53] [cal-013] Result saved to /Volumes/F/work/ClawEvalkit-private-emnlp/outputs/harness/memory/clawbench-official/qwen3.6-27b/cal-013.json
[18:33:55] [clawbench_cal-014_qwen3.6-27b_20260520_103353] Container started
[18:33:55] [cal-014] Harness detected, timeout adjusted: 300 → 480
[18:34:00]   [container] [setup] 运行 setup.sh: /app/claw-bench/tasks/calendar/cal-011-conflict-detection/environment/setup.sh
[18:34:00]   [container] [setup] setup.sh 成功
[18:34:00]   [container] [setup] 工作空间文件: ['.gitkeep', 'instruction.md', 'calendar.json']
[18:34:00]   [container] DONE
[18:34:00]   [container-err] Loading weights:   0%|          | 0/103 [00:00<?, ?it/s]
[18:34:00]   [container-err] Loading weights: 100%|██████████| 103/103 [00:00<00:00, 35914.32it/s]
[18:34:00]   [container-err] [1mBertModel LOAD REPORT[0m from: sentence-transformers/all-MiniLM-L6-v2
[18:34:00]   [container-err] Key                     | Status     |  | 
[18:34:00]   [container-err] ------------------------+------------+--+-
[18:34:00]   [container-err] embeddings.position_ids | UNEXPECTED |  | 
[18:34:00]   [container-err] 
[18:34:00]   [container-err] Notes:
[18:34:00]   [container-err] - UNEXPECTED:	can be ignored when loading from different task/architecture; not ok if you expect identical arch.
[18:34:00] [clawbench_cal-011_qwen3.6-27b_20260520_103148] Agent finished in 129.83s, returncode=0
[18:34:00] [clawbench_cal-011_qwen3.6-27b_20260520_103148] Agent result: passed=True, score=1.0000
[18:34:01] [cal-011] Result saved to /Volumes/F/work/ClawEvalkit-private-emnlp/outputs/harness/memory/clawbench-official/qwen3.6-27b/cal-011.json
[18:34:04] [clawbench_cal-015_qwen3.6-27b_20260520_103401] Container started
[18:34:04] [cal-015] Harness detected, timeout adjusted: 300 → 480
[18:36:22]   [container] [setup] 运行 setup.sh: /app/claw-bench/tasks/calendar/cal-015-multi-person-availability/environment/setup.sh
[18:36:22]   [container] [setup] setup.sh 成功
[18:36:22]   [container] [setup] 工作空间文件: ['.gitkeep', 'instruction.md']
[18:36:22]   [container] DONE
[18:36:22]   [container-err] Loading weights:   0%|          | 0/103 [00:00<?, ?it/s]
[18:36:22]   [container-err] Loading weights: 100%|██████████| 103/103 [00:00<00:00, 24071.62it/s]
[18:36:22]   [container-err] [1mBertModel LOAD REPORT[0m from: sentence-transformers/all-MiniLM-L6-v2
[18:36:22]   [container-err] Key                     | Status     |  | 
[18:36:22]   [container-err] ------------------------+------------+--+-
[18:36:22]   [container-err] embeddings.position_ids | UNEXPECTED |  | 
[18:36:22]   [container-err] 
[18:36:22]   [container-err] Notes:
[18:36:22]   [container-err] - UNEXPECTED:	can be ignored when loading from different task/architecture; not ok if you expect identical arch.
[18:36:22] [clawbench_cal-015_qwen3.6-27b_20260520_103401] Agent finished in 137.63s, returncode=0
[18:36:22] [clawbench_cal-015_qwen3.6-27b_20260520_103401] Agent result: passed=True, score=1.0000
[18:36:23] [cal-015] Result saved to /Volumes/F/work/ClawEvalkit-private-emnlp/outputs/harness/memory/clawbench-official/qwen3.6-27b/cal-015.json
[18:36:25] [clawbench_med-001-patient-deidentify_qwen3.6-27b_20260520_103623] Container started
[18:36:25] [med-001-patient-deidentify] Harness detected, timeout adjusted: 3600 → 3780
[18:37:29]   [container] [setup] 运行 setup.sh: /app/claw-bench/tasks/clinical-data/med-001-patient-deidentify/environment/setup.sh
[18:37:29]   [container] [setup] setup.sh 成功
[18:37:29]   [container] [setup] 工作空间文件: ['patient_records.csv', 'instruction.md']
[18:37:29]   [container] DONE
[18:37:29]   [container-err] Loading weights:   0%|          | 0/103 [00:00<?, ?it/s]
[18:37:29]   [container-err] Loading weights: 100%|██████████| 103/103 [00:00<00:00, 15207.45it/s]
[18:37:29]   [container-err] [1mBertModel LOAD REPORT[0m from: sentence-transformers/all-MiniLM-L6-v2
[18:37:29]   [container-err] Key                     | Status     |  | 
[18:37:29]   [container-err] ------------------------+------------+--+-
[18:37:29]   [container-err] embeddings.position_ids | UNEXPECTED |  | 
[18:37:29]   [container-err] 
[18:37:29]   [container-err] Notes:
[18:37:29]   [container-err] - UNEXPECTED:	can be ignored when loading from different task/architecture; not ok if you expect identical arch.
[18:37:29] [clawbench_med-001-patient-deidentify_qwen3.6-27b_20260520_103623] Agent finished in 63.83s, returncode=0
[18:37:29] [clawbench_med-001-patient-deidentify_qwen3.6-27b_20260520_103623] Agent result: passed=True, score=1.0000
[18:37:30] [med-001-patient-deidentify] Result saved to /Volumes/F/work/ClawEvalkit-private-emnlp/outputs/harness/memory/clawbench-official/qwen3.6-27b/med-001-patient-deidentify.json
[18:37:34] [clawbench_med-002-lab-abnormality_qwen3.6-27b_20260520_103730] Container started
[18:37:34] [med-002-lab-abnormality] Harness detected, timeout adjusted: 3600 → 3780
[18:37:56]   [container] [setup] 运行 setup.sh: /app/claw-bench/tasks/calendar/cal-014-weekly-schedule-optimization/environment/setup.sh
[18:37:56]   [container] [setup] setup.sh 成功
[18:37:56]   [container] [setup] 工作空间文件: ['.gitkeep', 'draft_schedule.json', 'instruction.md', 'preferences.json']
[18:37:56]   [container] DONE
[18:37:56]   [container-err] Loading weights:   0%|          | 0/103 [00:00<?, ?it/s]
[18:37:56]   [container-err] Loading weights: 100%|██████████| 103/103 [00:00<00:00, 12075.51it/s]
[18:37:56]   [container-err] [1mBertModel LOAD REPORT[0m from: sentence-transformers/all-MiniLM-L6-v2
[18:37:56]   [container-err] Key                     | Status     |  | 
[18:37:56]   [container-err] ------------------------+------------+--+-
[18:37:56]   [container-err] embeddings.position_ids | UNEXPECTED |  | 
[18:37:56]   [container-err] 
[18:37:56]   [container-err] Notes:
[18:37:56]   [container-err] - UNEXPECTED:	can be ignored when loading from different task/architecture; not ok if you expect identical arch.
[18:37:56] [clawbench_cal-014_qwen3.6-27b_20260520_103353] Agent finished in 240.02s, returncode=0
[18:37:56] [clawbench_cal-014_qwen3.6-27b_20260520_103353] Agent result: passed=True, score=1.0000
[18:37:56] [cal-014] Result saved to /Volumes/F/work/ClawEvalkit-private-emnlp/outputs/harness/memory/clawbench-official/qwen3.6-27b/cal-014.json
[18:37:59] [clawbench_med-003-drug-interaction_qwen3.6-27b_20260520_103756] Container started
[18:37:59] [med-003-drug-interaction] Harness detected, timeout adjusted: 3600 → 3780
[18:38:23]   [container] [setup] 运行 setup.sh: /app/claw-bench/tasks/clinical-data/med-002-lab-abnormality/environment/setup.sh
[18:38:23]   [container] [setup] setup.sh 成功
[18:38:23]   [container] [setup] 工作空间文件: ['lab_results.csv', 'instruction.md']
[18:38:23]   [container] DONE
[18:38:23]   [container-err] Loading weights:   0%|          | 0/103 [00:00<?, ?it/s]
[18:38:23]   [container-err] Loading weights: 100%|██████████| 103/103 [00:00<00:00, 24221.42it/s]
[18:38:23]   [container-err] [1mBertModel LOAD REPORT[0m from: sentence-transformers/all-MiniLM-L6-v2
[18:38:23]   [container-err] Key                     | Status     |  | 
[18:38:23]   [container-err] ------------------------+------------+--+-
[18:38:23]   [container-err] embeddings.position_ids | UNEXPECTED |  | 
[18:38:23]   [container-err] 
[18:38:23]   [container-err] Notes:
[18:38:23]   [container-err] - UNEXPECTED:	can be ignored when loading from different task/architecture; not ok if you expect identical arch.
[18:38:23] [clawbench_med-002-lab-abnormality_qwen3.6-27b_20260520_103730] Agent finished in 48.26s, returncode=0
[18:38:23] [clawbench_med-002-lab-abnormality_qwen3.6-27b_20260520_103730] Agent result: passed=True, score=1.0000
[18:38:23] [med-002-lab-abnormality] Result saved to /Volumes/F/work/ClawEvalkit-private-emnlp/outputs/harness/memory/clawbench-official/qwen3.6-27b/med-002-lab-abnormality.json
[18:38:26] [clawbench_med-004-icd-coding_qwen3.6-27b_20260520_103823] Container started
[18:38:26] [med-004-icd-coding] Harness detected, timeout adjusted: 3600 → 3780
[18:38:42]   [container] [setup] 运行 setup.sh: /app/claw-bench/tasks/clinical-data/med-003-drug-interaction/environment/setup.sh
[18:38:42]   [container] [setup] setup.sh 成功
[18:38:42]   [container] [setup] 工作空间文件: ['interaction_db.csv', 'instruction.md', 'patient_medications.csv']
[18:38:42]   [container] DONE
[18:38:42]   [container-err] Loading weights:   0%|          | 0/103 [00:00<?, ?it/s]
[18:38:42]   [container-err] Loading weights: 100%|██████████| 103/103 [00:00<00:00, 5951.74it/s]
[18:38:42]   [container-err] [1mBertModel LOAD REPORT[0m from: sentence-transformers/all-MiniLM-L6-v2
[18:38:42]   [container-err] Key                     | Status     |  | 
[18:38:42]   [container-err] ------------------------+------------+--+-
[18:38:42]   [container-err] embeddings.position_ids | UNEXPECTED |  | 
[18:38:42]   [container-err] 
[18:38:42]   [container-err] Notes:
[18:38:42]   [container-err] - UNEXPECTED:	can be ignored when loading from different task/architecture; not ok if you expect identical arch.
[18:38:42] [clawbench_med-003-drug-interaction_qwen3.6-27b_20260520_103756] Agent finished in 43.15s, returncode=0
[18:38:42] [clawbench_med-003-drug-interaction_qwen3.6-27b_20260520_103756] Agent result: passed=False, score=0.6667
[18:38:43] [med-003-drug-interaction] Result saved to /Volumes/F/work/ClawEvalkit-private-emnlp/outputs/harness/memory/clawbench-official/qwen3.6-27b/med-003-drug-interaction.json
[18:38:46] [clawbench_med-005-trial-eligibility_qwen3.6-27b_20260520_103843] Container started
[18:38:46] [med-005-trial-eligibility] Harness detected, timeout adjusted: 3600 → 3780
[18:40:05]   [container] [setup] 运行 setup.sh: /app/claw-bench/tasks/clinical-data/med-005-trial-eligibility/environment/setup.sh
[18:40:05]   [container] [setup] setup.sh 成功
[18:40:05]   [container] [setup] 工作空间文件: ['trial_criteria.json', 'instruction.md', 'patients.csv']
[18:40:05]   [container] DONE
[18:40:05]   [container-err] Loading weights:   0%|          | 0/103 [00:00<?, ?it/s]
[18:40:05]   [container-err] Loading weights: 100%|██████████| 103/103 [00:00<00:00, 33817.09it/s]
[18:40:05]   [container-err] [1mBertModel LOAD REPORT[0m from: sentence-transformers/all-MiniLM-L6-v2
[18:40:05]   [container-err] Key                     | Status     |  | 
[18:40:05]   [container-err] ------------------------+------------+--+-
[18:40:05]   [container-err] embeddings.position_ids | UNEXPECTED |  | 
[18:40:05]   [container-err] 
[18:40:05]   [container-err] Notes:
[18:40:05]   [container-err] - UNEXPECTED:	can be ignored when loading from different task/architecture; not ok if you expect identical arch.
[18:40:05] [clawbench_med-005-trial-eligibility_qwen3.6-27b_20260520_103843] Agent finished in 79.75s, returncode=0
[18:40:05] [clawbench_med-005-trial-eligibility_qwen3.6-27b_20260520_103843] Agent result: passed=False, score=0.6667
[18:40:06] [med-005-trial-eligibility] Result saved to /Volumes/F/work/ClawEvalkit-private-emnlp/outputs/harness/memory/clawbench-official/qwen3.6-27b/med-005-trial-eligibility.json
[18:40:09] [clawbench_code-001_qwen3.6-27b_20260520_104006] Container started
[18:40:09] [code-001] Harness detected, timeout adjusted: 180 → 360
[18:40:57]   [container] [setup] 运行 setup.sh: /app/claw-bench/tasks/code-assistance/code-001-write-unittest/environment/setup.sh
[18:40:57]   [container] [setup] setup.sh 成功
[18:40:57]   [container] [setup] 工作空间文件: ['instruction.md', 'calculator.py']
[18:40:57]   [container] DONE
[18:40:57]   [container-err] Loading weights:   0%|          | 0/103 [00:00<?, ?it/s]
[18:40:57]   [container-err] Loading weights: 100%|██████████| 103/103 [00:00<00:00, 14647.99it/s]
[18:40:57]   [container-err] [1mBertModel LOAD REPORT[0m from: sentence-transformers/all-MiniLM-L6-v2
[18:40:57]   [container-err] Key                     | Status     |  | 
[18:40:57]   [container-err] ------------------------+------------+--+-
[18:40:57]   [container-err] embeddings.position_ids | UNEXPECTED |  | 
[18:40:57]   [container-err] 
[18:40:57]   [container-err] Notes:
[18:40:57]   [container-err] - UNEXPECTED:	can be ignored when loading from different task/architecture; not ok if you expect identical arch.
[18:40:57] [clawbench_code-001_qwen3.6-27b_20260520_104006] Agent finished in 48.22s, returncode=0
[18:40:57] [clawbench_code-001_qwen3.6-27b_20260520_104006] Agent result: passed=False, score=0.9000
[18:40:57] [code-001] Result saved to /Volumes/F/work/ClawEvalkit-private-emnlp/outputs/harness/memory/clawbench-official/qwen3.6-27b/code-001.json
[18:41:00] [clawbench_code-002_qwen3.6-27b_20260520_104057] Container started
[18:41:00] [code-002] Harness detected, timeout adjusted: 120 → 300
[18:41:27]   [container] [setup] 运行 setup.sh: /app/claw-bench/tasks/code-assistance/code-002-implement-palindrome/environment/setup.sh
[18:41:27]   [container] [setup] setup.sh 成功
[18:41:27]   [container] [setup] 工作空间文件: ['instruction.md']
[18:41:27]   [container] DONE
[18:41:27]   [container-err] Loading weights:   0%|          | 0/103 [00:00<?, ?it/s]
[18:41:27]   [container-err] Loading weights: 100%|██████████| 103/103 [00:00<00:00, 77980.74it/s]
[18:41:27]   [container-err] [1mBertModel LOAD REPORT[0m from: sentence-transformers/all-MiniLM-L6-v2
[18:41:27]   [container-err] Key                     | Status     |  | 
[18:41:27]   [container-err] ------------------------+------------+--+-
[18:41:27]   [container-err] embeddings.position_ids | UNEXPECTED |  | 
[18:41:27]   [container-err] 
[18:41:27]   [container-err] Notes:
[18:41:27]   [container-err] - UNEXPECTED:	can be ignored when loading from different task/architecture; not ok if you expect identical arch.
[18:41:27] [clawbench_code-002_qwen3.6-27b_20260520_104057] Agent finished in 27.52s, returncode=0
[18:41:27] [clawbench_code-002_qwen3.6-27b_20260520_104057] Agent result: passed=False, score=0.9000
[18:41:28] [code-002] Result saved to /Volumes/F/work/ClawEvalkit-private-emnlp/outputs/harness/memory/clawbench-official/qwen3.6-27b/code-002.json
[18:41:31] [clawbench_code-003_qwen3.6-27b_20260520_104128] Container started
[18:41:31] [code-003] Harness detected, timeout adjusted: 120 → 300
[18:42:39]   [container] [setup] 运行 setup.sh: /app/claw-bench/tasks/code-assistance/code-003-add-type-annotations/environment/setup.sh
[18:42:39]   [container] [setup] setup.sh 成功
[18:42:39]   [container] [setup] 工作空间文件: ['instruction.md', 'utils.py']
[18:42:39]   [container] DONE
[18:42:39]   [container-err] Loading weights:   0%|          | 0/103 [00:00<?, ?it/s]
[18:42:39]   [container-err] Loading weights: 100%|██████████| 103/103 [00:00<00:00, 22357.47it/s]
[18:42:39]   [container-err] [1mBertModel LOAD REPORT[0m from: sentence-transformers/all-MiniLM-L6-v2
[18:42:39]   [container-err] Key                     | Status     |  | 
[18:42:39]   [container-err] ------------------------+------------+--+-
[18:42:39]   [container-err] embeddings.position_ids | UNEXPECTED |  | 
[18:42:39]   [container-err] 
[18:42:39]   [container-err] Notes:
[18:42:39]   [container-err] - UNEXPECTED:	can be ignored when loading from different task/architecture; not ok if you expect identical arch.
[18:42:39] [clawbench_code-003_qwen3.6-27b_20260520_104128] Agent finished in 68.39s, returncode=0
[18:42:39] [clawbench_code-003_qwen3.6-27b_20260520_104128] Agent result: passed=False, score=0.9231
[18:42:40] [code-003] Result saved to /Volumes/F/work/ClawEvalkit-private-emnlp/outputs/harness/memory/clawbench-official/qwen3.6-27b/code-003.json
[18:42:43] [clawbench_code-004_qwen3.6-27b_20260520_104240] Container started
[18:42:43] [code-004] Harness detected, timeout adjusted: 120 → 300
[18:43:26]   [container] [setup] 运行 setup.sh: /app/claw-bench/tasks/code-assistance/code-004-fix-syntax-errors/environment/setup.sh
[18:43:26]   [container] [setup] setup.sh 成功
[18:43:26]   [container] [setup] 工作空间文件: ['instruction.md', 'broken.py']
[18:43:26]   [container] DONE
[18:43:26]   [container-err] Loading weights:   0%|          | 0/103 [00:00<?, ?it/s]
[18:43:26]   [container-err] Loading weights: 100%|██████████| 103/103 [00:00<00:00, 23470.06it/s]
[18:43:26]   [container-err] [1mBertModel LOAD REPORT[0m from: sentence-transformers/all-MiniLM-L6-v2
[18:43:26]   [container-err] Key                     | Status     |  | 
[18:43:26]   [container-err] ------------------------+------------+--+-
[18:43:26]   [container-err] embeddings.position_ids | UNEXPECTED |  | 
[18:43:26]   [container-err] 
[18:43:26]   [container-err] Notes:
[18:43:26]   [container-err] - UNEXPECTED:	can be ignored when loading from different task/architecture; not ok if you expect identical arch.
[18:43:26] [clawbench_code-004_qwen3.6-27b_20260520_104240] Agent finished in 43.63s, returncode=0
[18:43:26] [clawbench_code-004_qwen3.6-27b_20260520_104240] Agent result: passed=False, score=0.9167
[18:43:27] [code-004] Result saved to /Volumes/F/work/ClawEvalkit-private-emnlp/outputs/harness/memory/clawbench-official/qwen3.6-27b/code-004.json
[18:43:29] [clawbench_code-005_qwen3.6-27b_20260520_104327] Container started
[18:43:29] [code-005] Harness detected, timeout adjusted: 150 → 330
[18:43:50]   [container] [setup] 运行 setup.sh: /app/claw-bench/tasks/code-assistance/code-005-implement-stack/environment/setup.sh
[18:43:50]   [container] [setup] setup.sh 成功
[18:43:50]   [container] [setup] 工作空间文件: ['instruction.md']
[18:43:50]   [container] DONE
[18:43:50]   [container-err] Loading weights:   0%|          | 0/103 [00:00<?, ?it/s]
[18:43:50]   [container-err] Loading weights: 100%|██████████| 103/103 [00:00<00:00, 8197.44it/s]
[18:43:50]   [container-err] [1mBertModel LOAD REPORT[0m from: sentence-transformers/all-MiniLM-L6-v2
[18:43:50]   [container-err] Key                     | Status     |  | 
[18:43:50]   [container-err] ------------------------+------------+--+-
[18:43:50]   [container-err] embeddings.position_ids | UNEXPECTED |  | 
[18:43:50]   [container-err] 
[18:43:50]   [container-err] Notes:
[18:43:50]   [container-err] - UNEXPECTED:	can be ignored when loading from different task/architecture; not ok if you expect identical arch.
[18:43:50] [clawbench_code-005_qwen3.6-27b_20260520_104327] Agent finished in 20.73s, returncode=0
[18:43:50] [clawbench_code-005_qwen3.6-27b_20260520_104327] Agent result: passed=False, score=0.9286
[18:43:50] [code-005] Result saved to /Volumes/F/work/ClawEvalkit-private-emnlp/outputs/harness/memory/clawbench-official/qwen3.6-27b/code-005.json
[18:43:52] [clawbench_code-006_qwen3.6-27b_20260520_104350] Container started
[18:43:52] [code-006] Harness detected, timeout adjusted: 150 → 330
[18:44:22]   [container] [setup] 运行 setup.sh: /app/claw-bench/tasks/code-assistance/code-006-refactor-comprehensions/environment/setup.sh
[18:44:22]   [container] [setup] setup.sh 成功
[18:44:22]   [container] [setup] 工作空间文件: ['instruction.md', 'process.py']
[18:44:22]   [container] DONE
[18:44:22]   [container-err] Loading weights:   0%|          | 0/103 [00:00<?, ?it/s]
[18:44:22]   [container-err] Loading weights: 100%|██████████| 103/103 [00:00<00:00, 34330.36it/s]
[18:44:22]   [container-err] [1mBertModel LOAD REPORT[0m from: sentence-transformers/all-MiniLM-L6-v2
[18:44:22]   [container-err] Key                     | Status     |  | 
[18:44:22]   [container-err] ------------------------+------------+--+-
[18:44:22]   [container-err] embeddings.position_ids | UNEXPECTED |  | 
[18:44:22]   [container-err] 
[18:44:22]   [container-err] Notes:
[18:44:22]   [container-err] - UNEXPECTED:	can be ignored when loading from different task/architecture; not ok if you expect identical arch.
[18:44:22] [clawbench_code-006_qwen3.6-27b_20260520_104350] Agent finished in 29.75s, returncode=0
[18:44:22] [clawbench_code-006_qwen3.6-27b_20260520_104350] Agent result: passed=False, score=0.9286
[18:44:23] [code-006] Result saved to /Volumes/F/work/ClawEvalkit-private-emnlp/outputs/harness/memory/clawbench-official/qwen3.6-27b/code-006.json
[18:44:25] [clawbench_code-007_qwen3.6-27b_20260520_104423] Container started
[18:44:25] [code-007] Harness detected, timeout adjusted: 150 → 330
[18:45:05]   [container] [setup] 运行 setup.sh: /app/claw-bench/tasks/code-assistance/code-007-cli-argument-parser/environment/setup.sh
[18:45:05]   [container] [setup] setup.sh 成功
[18:45:05]   [container] [setup] 工作空间文件: ['instruction.md']
[18:45:05]   [container] DONE
[18:45:05]   [container-err] Loading weights:   0%|          | 0/103 [00:00<?, ?it/s]
[18:45:05]   [container-err] Loading weights: 100%|██████████| 103/103 [00:00<00:00, 31273.59it/s]
[18:45:05]   [container-err] [1mBertModel LOAD REPORT[0m from: sentence-transformers/all-MiniLM-L6-v2
[18:45:05]   [container-err] Key                     | Status     |  | 
[18:45:05]   [container-err] ------------------------+------------+--+-
[18:45:05]   [container-err] embeddings.position_ids | UNEXPECTED |  | 
[18:45:05]   [container-err] 
[18:45:05]   [container-err] Notes:
[18:45:05]   [container-err] - UNEXPECTED:	can be ignored when loading from different task/architecture; not ok if you expect identical arch.
[18:45:05] [clawbench_code-007_qwen3.6-27b_20260520_104423] Agent finished in 39.94s, returncode=0
[18:45:05] [clawbench_code-007_qwen3.6-27b_20260520_104423] Agent result: passed=False, score=0.7778
[18:45:06] [code-007] Result saved to /Volumes/F/work/ClawEvalkit-private-emnlp/outputs/harness/memory/clawbench-official/qwen3.6-27b/code-007.json
[18:45:08] [clawbench_code-008_qwen3.6-27b_20260520_104506] Container started
[18:45:08] [code-008] Harness detected, timeout adjusted: 150 → 330
[18:45:47]   [container] [setup] 运行 setup.sh: /app/claw-bench/tasks/code-assistance/code-008-implement-merge-sort/environment/setup.sh
[18:45:47]   [container] [setup] setup.sh 成功
[18:45:47]   [container] [setup] 工作空间文件: ['instruction.md']
[18:45:47]   [container] DONE
[18:45:47]   [container-err] Loading weights:   0%|          | 0/103 [00:00<?, ?it/s]
[18:45:47]   [container-err] Loading weights: 100%|██████████| 103/103 [00:00<00:00, 7305.05it/s]
[18:45:47]   [container-err] [1mBertModel LOAD REPORT[0m from: sentence-transformers/all-MiniLM-L6-v2
[18:45:47]   [container-err] Key                     | Status     |  | 
[18:45:47]   [container-err] ------------------------+------------+--+-
[18:45:47]   [container-err] embeddings.position_ids | UNEXPECTED |  | 
[18:45:47]   [container-err] 
[18:45:47]   [container-err] Notes:
[18:45:47]   [container-err] - UNEXPECTED:	can be ignored when loading from different task/architecture; not ok if you expect identical arch.
[18:45:47] [clawbench_code-008_qwen3.6-27b_20260520_104506] Agent finished in 38.72s, returncode=0
[18:45:47] [clawbench_code-008_qwen3.6-27b_20260520_104506] Agent result: passed=False, score=0.9375
[18:45:47] [code-008] Result saved to /Volumes/F/work/ClawEvalkit-private-emnlp/outputs/harness/memory/clawbench-official/qwen3.6-27b/code-008.json
[18:45:50] [clawbench_code-009_qwen3.6-27b_20260520_104547] Container started
[18:45:50] [code-009] Harness detected, timeout adjusted: 150 → 330
[18:46:46]   [container] [setup] 运行 setup.sh: /app/claw-bench/tasks/code-assistance/code-009-debug-calculator/environment/setup.sh
[18:46:46]   [container] [setup] setup.sh 成功
[18:46:46]   [container] [setup] 工作空间文件: ['instruction.md', 'calculator.py']
[18:46:46]   [container] DONE
[18:46:46]   [container-err] Loading weights:   0%|          | 0/103 [00:00<?, ?it/s]
[18:46:46]   [container-err] Loading weights: 100%|██████████| 103/103 [00:00<00:00, 15386.19it/s]
[18:46:46]   [container-err] [1mBertModel LOAD REPORT[0m from: sentence-transformers/all-MiniLM-L6-v2
[18:46:46]   [container-err] Key                     | Status     |  | 
[18:46:46]   [container-err] ------------------------+------------+--+-
[18:46:46]   [container-err] embeddings.position_ids | UNEXPECTED |  | 
[18:46:46]   [container-err] 
[18:46:46]   [container-err] Notes:
[18:46:46]   [container-err] - UNEXPECTED:	can be ignored when loading from different task/architecture; not ok if you expect identical arch.
[18:46:46] [clawbench_code-009_qwen3.6-27b_20260520_104547] Agent finished in 56.20s, returncode=0
[18:46:47] [clawbench_code-009_qwen3.6-27b_20260520_104547] Agent result: passed=False, score=0.9444
[18:46:47] [code-009] Result saved to /Volumes/F/work/ClawEvalkit-private-emnlp/outputs/harness/memory/clawbench-official/qwen3.6-27b/code-009.json
[18:46:50] [clawbench_code-010_qwen3.6-27b_20260520_104647] Container started
[18:46:50] [code-010] Harness detected, timeout adjusted: 180 → 360
[18:48:33]   [container] [setup] 运行 setup.sh: /app/claw-bench/tasks/clinical-data/med-004-icd-coding/environment/setup.sh
[18:48:33]   [container] [setup] setup.sh 失败 (rc=1)
[18:48:33]   [container] [setup] stderr: Traceback (most recent call last):
[18:48:33]   [container]   File "<stdin>", line 28, in <module>
[18:48:33]   [container] FileNotFoundError: [Errno 2] No such file or directory: '$WORKSPACE/icd_mapping.csv'
[18:48:33]   [container] 
[18:48:33]   [container] [setup] 重试 (bash -x) ...
[18:48:33]   [container] [setup] 重试也失败 (rc=1)
[18:48:33]   [container] [setup] stderr: + set -euo pipefail
[18:48:33]   [container] + WORKSPACE=/tmp/clawbench_workspace
[18:48:33]   [container] + mkdir -p /tmp/clawbench_workspace/clinical_notes
[18:48:33]   [container] + python3 -
[18:48:33]   [container] Traceback (most recent call last):
[18:48:33]   [container]   File "<stdin>", line 28, in <module>
[18:48:33]   [container] FileNotFoundError: [Errno 2] No such file or directory: '$WORKSPACE/icd_mapping.csv'
[18:48:33]   [container] 
[18:48:33]   [container] [setup] 工作空间文件: ['instruction.md']
[18:48:33]   [container] [_run_loop] Empty response at iteration 9, retrying once
[18:48:33]   [container] [_run_loop] Retry got tool_calls at iteration 9
[18:48:33]   [container] DONE
[18:48:33]   [container-err] Loading weights:   0%|          | 0/103 [00:00<?, ?it/s]
[18:48:33]   [container-err] Loading weights: 100%|██████████| 103/103 [00:00<00:00, 31241.92it/s]
[18:48:33]   [container-err] [1mBertModel LOAD REPORT[0m from: sentence-transformers/all-MiniLM-L6-v2
[18:48:33]   [container-err] Key                     | Status     |  | 
[18:48:33]   [container-err] ------------------------+------------+--+-
[18:48:33]   [container-err] embeddings.position_ids | UNEXPECTED |  | 
[18:48:33]   [container-err] 
[18:48:33]   [container-err] Notes:
[18:48:33]   [container-err] - UNEXPECTED:	can be ignored when loading from different task/architecture; not ok if you expect identical arch.
[18:48:33] [clawbench_med-004-icd-coding_qwen3.6-27b_20260520_103823] Agent finished in 607.00s, returncode=0
[18:48:33] [clawbench_med-004-icd-coding_qwen3.6-27b_20260520_103823] Agent result: passed=False, score=0.0000
[18:48:34] [med-004-icd-coding] Result saved to /Volumes/F/work/ClawEvalkit-private-emnlp/outputs/harness/memory/clawbench-official/qwen3.6-27b/med-004-icd-coding.json
[18:48:38] [clawbench_code-011_qwen3.6-27b_20260520_104834] Container started
[18:48:38] [code-011] Harness detected, timeout adjusted: 180 → 360
[18:49:08]   [container] [setup] 运行 setup.sh: /app/claw-bench/tasks/code-assistance/code-010-rest-api-client/environment/setup.sh
[18:49:08]   [container] [setup] setup.sh 成功
[18:49:08]   [container] [setup] 工作空间文件: ['instruction.md']
[18:49:08]   [container] DONE
[18:49:08]   [container-err] Loading weights:   0%|          | 0/103 [00:00<?, ?it/s]
[18:49:08]   [container-err] Loading weights: 100%|██████████| 103/103 [00:00<00:00, 24330.55it/s]
[18:49:08]   [container-err] [1mBertModel LOAD REPORT[0m from: sentence-transformers/all-MiniLM-L6-v2
[18:49:08]   [container-err] Key                     | Status     |  | 
[18:49:08]   [container-err] ------------------------+------------+--+-
[18:49:08]   [container-err] embeddings.position_ids | UNEXPECTED |  | 
[18:49:08]   [container-err] 
[18:49:08]   [container-err] Notes:
[18:49:08]   [container-err] - UNEXPECTED:	can be ignored when loading from different task/architecture; not ok if you expect identical arch.
[18:49:08] [clawbench_code-010_qwen3.6-27b_20260520_104647] Agent finished in 138.15s, returncode=0
[18:49:08] [clawbench_code-010_qwen3.6-27b_20260520_104647] Agent result: passed=False, score=0.9412
[18:49:09] [code-010] Result saved to /Volumes/F/work/ClawEvalkit-private-emnlp/outputs/harness/memory/clawbench-official/qwen3.6-27b/code-010.json
[18:49:11] [clawbench_code-012_qwen3.6-27b_20260520_104909] Container started
[18:49:11] [code-012] Harness detected, timeout adjusted: 180 → 360
[18:49:57]   [container] [setup] 运行 setup.sh: /app/claw-bench/tasks/code-assistance/code-012-design-patterns/environment/setup.sh
[18:49:57]   [container] [setup] setup.sh 成功
[18:49:57]   [container] [setup] 工作空间文件: ['instruction.md']
[18:49:57]   [container] DONE
[18:49:57]   [container-err] Loading weights:   0%|          | 0/103 [00:00<?, ?it/s]
[18:49:57]   [container-err] Loading weights: 100%|██████████| 103/103 [00:00<00:00, 21318.20it/s]
[18:49:57]   [container-err] [1mBertModel LOAD REPORT[0m from: sentence-transformers/all-MiniLM-L6-v2
[18:49:57]   [container-err] Key                     | Status     |  | 
[18:49:57]   [container-err] ------------------------+------------+--+-
[18:49:57]   [container-err] embeddings.position_ids | UNEXPECTED |  | 
[18:49:57]   [container-err] 
[18:49:57]   [container-err] Notes:
[18:49:57]   [container-err] - UNEXPECTED:	can be ignored when loading from different task/architecture; not ok if you expect identical arch.
[18:49:57] [clawbench_code-012_qwen3.6-27b_20260520_104909] Agent finished in 46.09s, returncode=0
[18:49:57] [clawbench_code-012_qwen3.6-27b_20260520_104909] Agent result: passed=False, score=0.9412
[18:49:58] [code-012] Result saved to /Volumes/F/work/ClawEvalkit-private-emnlp/outputs/harness/memory/clawbench-official/qwen3.6-27b/code-012.json
[18:50:00]   [container] [setup] 运行 setup.sh: /app/claw-bench/tasks/code-assistance/code-011-data-validation/environment/setup.sh
[18:50:00]   [container] [setup] setup.sh 成功
[18:50:00]   [container] [setup] 工作空间文件: ['instruction.md']
[18:50:00]   [container] DONE
[18:50:00]   [container-err] Loading weights:   0%|          | 0/103 [00:00<?, ?it/s]
[18:50:00]   [container-err] Loading weights: 100%|██████████| 103/103 [00:00<00:00, 33357.53it/s]
[18:50:00]   [container-err] [1mBertModel LOAD REPORT[0m from: sentence-transformers/all-MiniLM-L6-v2
[18:50:00]   [container-err] Key                     | Status     |  | 
[18:50:00]   [container-err] ------------------------+------------+--+-
[18:50:00]   [container-err] embeddings.position_ids | UNEXPECTED |  | 
[18:50:00]   [container-err] 
[18:50:00]   [container-err] Notes:
[18:50:00]   [container-err] - UNEXPECTED:	can be ignored when loading from different task/architecture; not ok if you expect identical arch.
[18:50:00] [clawbench_code-011_qwen3.6-27b_20260520_104834] Agent finished in 82.05s, returncode=0
[18:50:00] [clawbench_code-011_qwen3.6-27b_20260520_104834] Agent result: passed=False, score=0.9667
[18:50:00] [clawbench_code-013_qwen3.6-27b_20260520_104958] Container started
[18:50:00] [code-013] Harness detected, timeout adjusted: 180 → 360
[18:50:00] [code-011] Result saved to /Volumes/F/work/ClawEvalkit-private-emnlp/outputs/harness/memory/clawbench-official/qwen3.6-27b/code-011.json
[18:50:03] [clawbench_code-014_qwen3.6-27b_20260520_105000] Container started
[18:50:03] [code-014] Harness detected, timeout adjusted: 300 → 480
[18:51:01]   [container] [setup] 运行 setup.sh: /app/claw-bench/tasks/code-assistance/code-013-file-parser/environment/setup.sh
[18:51:01]   [container] [setup] setup.sh 成功
[18:51:01]   [container] [setup] 工作空间文件: ['instruction.md', 'sample.conf']
[18:51:01]   [container] DONE
[18:51:01]   [container-err] Loading weights:   0%|          | 0/103 [00:00<?, ?it/s]
[18:51:01]   [container-err] Loading weights: 100%|██████████| 103/103 [00:00<00:00, 15665.71it/s]
[18:51:01]   [container-err] [1mBertModel LOAD REPORT[0m from: sentence-transformers/all-MiniLM-L6-v2
[18:51:01]   [container-err] Key                     | Status     |  | 
[18:51:01]   [container-err] ------------------------+------------+--+-
[18:51:01]   [container-err] embeddings.position_ids | UNEXPECTED |  | 
[18:51:01]   [container-err] 
[18:51:01]   [container-err] Notes:
[18:51:01]   [container-err] - UNEXPECTED:	can be ignored when loading from different task/architecture; not ok if you expect identical arch.
[18:51:01] [clawbench_code-013_qwen3.6-27b_20260520_104958] Agent finished in 60.47s, returncode=0
[18:51:01] [clawbench_code-013_qwen3.6-27b_20260520_104958] Agent result: passed=False, score=0.8421
[18:51:01] [code-013] Result saved to /Volumes/F/work/ClawEvalkit-private-emnlp/outputs/harness/memory/clawbench-official/qwen3.6-27b/code-013.json
[18:51:05] [clawbench_code-015_qwen3.6-27b_20260520_105101] Container started
[18:51:05] [code-015] Harness detected, timeout adjusted: 300 → 480
[18:51:52]   [container] [setup] 运行 setup.sh: /app/claw-bench/tasks/code-assistance/code-015-performance-optimization/environment/setup.sh
[18:51:52]   [container] [setup] setup.sh 成功
[18:51:52]   [container] [setup] 工作空间文件: ['instruction.md', 'slow.py']
[18:51:52]   [container] DONE
[18:51:52]   [container-err] Loading weights:   0%|          | 0/103 [00:00<?, ?it/s]
[18:51:52]   [container-err] Loading weights: 100%|██████████| 103/103 [00:00<00:00, 33756.31it/s]
[18:51:52]   [container-err] [1mBertModel LOAD REPORT[0m from: sentence-transformers/all-MiniLM-L6-v2
[18:51:52]   [container-err] Key                     | Status     |  | 
[18:51:52]   [container-err] ------------------------+------------+--+-
[18:51:52]   [container-err] embeddings.position_ids | UNEXPECTED |  | 
[18:51:52]   [container-err] 
[18:51:52]   [container-err] Notes:
[18:51:52]   [container-err] - UNEXPECTED:	can be ignored when loading from different task/architecture; not ok if you expect identical arch.
[18:51:52] [clawbench_code-015_qwen3.6-27b_20260520_105101] Agent finished in 46.46s, returncode=0
[18:51:52] [clawbench_code-015_qwen3.6-27b_20260520_105101] Agent result: passed=False, score=0.9474
[18:51:52] [code-015] Result saved to /Volumes/F/work/ClawEvalkit-private-emnlp/outputs/harness/memory/clawbench-official/qwen3.6-27b/code-015.json
[18:51:55] [clawbench_comm-001_qwen3.6-27b_20260520_105152] Container started
[18:51:55] [comm-001] Harness detected, timeout adjusted: 120 → 300
[18:52:45]   [container] [setup] 运行 setup.sh: /app/claw-bench/tasks/code-assistance/code-014-multi-file-refactor/environment/setup.sh
[18:52:45]   [container] [setup] setup.sh 成功
[18:52:45]   [container] [setup] 工作空间文件: ['instruction.md']
[18:52:45]   [container] DONE
[18:52:45]   [container-err] Loading weights:   0%|          | 0/103 [00:00<?, ?it/s]
[18:52:45]   [container-err] Loading weights: 100%|██████████| 103/103 [00:00<00:00, 25396.11it/s]
[18:52:45]   [container-err] [1mBertModel LOAD REPORT[0m from: sentence-transformers/all-MiniLM-L6-v2
[18:52:45]   [container-err] Key                     | Status     |  | 
[18:52:45]   [container-err] ------------------------+------------+--+-
[18:52:45]   [container-err] embeddings.position_ids | UNEXPECTED |  | 
[18:52:45]   [container-err] 
[18:52:45]   [container-err] Notes:
[18:52:45]   [container-err] - UNEXPECTED:	can be ignored when loading from different task/architecture; not ok if you expect identical arch.
[18:52:45] [clawbench_code-014_qwen3.6-27b_20260520_105000] Agent finished in 162.35s, returncode=0
[18:52:45] [clawbench_code-014_qwen3.6-27b_20260520_105000] Agent result: passed=False, score=0.9524
[18:52:46] [code-014] Result saved to /Volumes/F/work/ClawEvalkit-private-emnlp/outputs/harness/memory/clawbench-official/qwen3.6-27b/code-014.json
[18:52:49] [clawbench_comm-002_qwen3.6-27b_20260520_105246] Container started
[18:52:49] [comm-002] Harness detected, timeout adjusted: 120 → 300
[18:52:53]   [container] [setup] 运行 setup.sh: /app/claw-bench/tasks/communication/comm-001-format-message/environment/setup.sh
[18:52:53]   [container] [setup] setup.sh 成功
[18:52:53]   [container] [setup] 工作空间文件: ['instruction.md', 'message.json']
[18:52:53]   [container] DONE
[18:52:53]   [container-err] Loading weights:   0%|          | 0/103 [00:00<?, ?it/s]
[18:52:53]   [container-err] Loading weights: 100%|██████████| 103/103 [00:00<00:00, 36019.12it/s]
[18:52:53]   [container-err] [1mBertModel LOAD REPORT[0m from: sentence-transformers/all-MiniLM-L6-v2
[18:52:53]   [container-err] Key                     | Status     |  | 
[18:52:53]   [container-err] ------------------------+------------+--+-
[18:52:53]   [container-err] embeddings.position_ids | UNEXPECTED |  | 
[18:52:53]   [container-err] 
[18:52:53]   [container-err] Notes:
[18:52:53]   [container-err] - UNEXPECTED:	can be ignored when loading from different task/architecture; not ok if you expect identical arch.
[18:52:53] [clawbench_comm-001_qwen3.6-27b_20260520_105152] Agent finished in 57.68s, returncode=0
[18:52:53] [clawbench_comm-001_qwen3.6-27b_20260520_105152] Agent result: passed=True, score=1.0000
[18:52:53] [comm-001] Result saved to /Volumes/F/work/ClawEvalkit-private-emnlp/outputs/harness/memory/clawbench-official/qwen3.6-27b/comm-001.json
[18:52:57] [clawbench_comm-003_qwen3.6-27b_20260520_105253] Container started
[18:52:57] [comm-003] Harness detected, timeout adjusted: 120 → 300
[18:53:30]   [container] [setup] 运行 setup.sh: /app/claw-bench/tasks/communication/comm-002-contact-list/environment/setup.sh
[18:53:30]   [container] [setup] setup.sh 成功
[18:53:30]   [container] [setup] 工作空间文件: ['contacts_a.json', 'instruction.md', 'contacts_b.json']
[18:53:30]   [container] DONE
[18:53:30]   [container-err] Loading weights:   0%|          | 0/103 [00:00<?, ?it/s]
[18:53:30]   [container-err] Loading weights: 100%|██████████| 103/103 [00:00<00:00, 35750.85it/s]
[18:53:30]   [container-err] [1mBertModel LOAD REPORT[0m from: sentence-transformers/all-MiniLM-L6-v2
[18:53:30]   [container-err] Key                     | Status     |  | 
[18:53:30]   [container-err] ------------------------+------------+--+-
[18:53:30]   [container-err] embeddings.position_ids | UNEXPECTED |  | 
[18:53:30]   [container-err] 
[18:53:30]   [container-err] Notes:
[18:53:30]   [container-err] - UNEXPECTED:	can be ignored when loading from different task/architecture; not ok if you expect identical arch.
[18:53:30] [clawbench_comm-002_qwen3.6-27b_20260520_105246] Agent finished in 41.27s, returncode=0
[18:53:30] [clawbench_comm-002_qwen3.6-27b_20260520_105246] Agent result: passed=True, score=1.0000
[18:53:31] [comm-002] Result saved to /Volumes/F/work/ClawEvalkit-private-emnlp/outputs/harness/memory/clawbench-official/qwen3.6-27b/comm-002.json
[18:53:34] [clawbench_comm-004_qwen3.6-27b_20260520_105331] Container started
[18:53:34] [comm-004] Harness detected, timeout adjusted: 180 → 360
[18:53:36]   [container] [setup] 运行 setup.sh: /app/claw-bench/tasks/communication/comm-003-translation-prep/environment/setup.sh
[18:53:36]   [container] [setup] setup.sh 成功
[18:53:36]   [container] [setup] 工作空间文件: ['messages.json', 'instruction.md']
[18:53:36]   [container] DONE
[18:53:36]   [container-err] Loading weights:   0%|          | 0/103 [00:00<?, ?it/s]
[18:53:36]   [container-err] Loading weights: 100%|██████████| 103/103 [00:00<00:00, 21214.56it/s]
[18:53:36]   [container-err] [1mBertModel LOAD REPORT[0m from: sentence-transformers/all-MiniLM-L6-v2
[18:53:36]   [container-err] Key                     | Status     |  | 
[18:53:36]   [container-err] ------------------------+------------+--+-
[18:53:36]   [container-err] embeddings.position_ids | UNEXPECTED |  | 
[18:53:36]   [container-err] 
[18:53:36]   [container-err] Notes:
[18:53:36]   [container-err] - UNEXPECTED:	can be ignored when loading from different task/architecture; not ok if you expect identical arch.
[18:53:36] [clawbench_comm-003_qwen3.6-27b_20260520_105253] Agent finished in 39.36s, returncode=0
[18:53:36] [clawbench_comm-003_qwen3.6-27b_20260520_105253] Agent result: passed=True, score=1.0000
[18:53:36] [comm-003] Result saved to /Volumes/F/work/ClawEvalkit-private-emnlp/outputs/harness/memory/clawbench-official/qwen3.6-27b/comm-003.json
[18:53:39] [clawbench_comm-005_qwen3.6-27b_20260520_105336] Container started
[18:53:39] [comm-005] Harness detected, timeout adjusted: 180 → 360
[18:54:19]   [container] [setup] 运行 setup.sh: /app/claw-bench/tasks/communication/comm-004-chat-analysis/environment/setup.sh
[18:54:19]   [container] [setup] setup.sh 成功
[18:54:19]   [container] [setup] 工作空间文件: ['chat_log.json', 'instruction.md']
[18:54:19]   [container] DONE
[18:54:19]   [container-err] Loading weights:   0%|          | 0/103 [00:00<?, ?it/s]
[18:54:19]   [container-err] Loading weights: 100%|██████████| 103/103 [00:00<00:00, 16341.24it/s]
[18:54:19]   [container-err] [1mBertModel LOAD REPORT[0m from: sentence-transformers/all-MiniLM-L6-v2
[18:54:19]   [container-err] Key                     | Status     |  | 
[18:54:19]   [container-err] ------------------------+------------+--+-
[18:54:19]   [container-err] embeddings.position_ids | UNEXPECTED |  | 
[18:54:19]   [container-err] 
[18:54:19]   [container-err] Notes:
[18:54:19]   [container-err] - UNEXPECTED:	can be ignored when loading from different task/architecture; not ok if you expect identical arch.
[18:54:19] [clawbench_comm-004_qwen3.6-27b_20260520_105331] Agent finished in 45.52s, returncode=0
[18:54:19] [clawbench_comm-004_qwen3.6-27b_20260520_105331] Agent result: passed=True, score=1.0000
[18:54:20] [comm-004] Result saved to /Volumes/F/work/ClawEvalkit-private-emnlp/outputs/harness/memory/clawbench-official/qwen3.6-27b/comm-004.json
[18:54:23] [clawbench_comm-006_qwen3.6-27b_20260520_105420] Container started
[18:54:23] [comm-006] Harness detected, timeout adjusted: 240 → 420
[18:54:36]   [container] [setup] 运行 setup.sh: /app/claw-bench/tasks/communication/comm-005-notification-routing/environment/setup.sh
[18:54:36]   [container] [setup] setup.sh 成功
[18:54:36]   [container] [setup] 工作空间文件: ['instruction.md', 'notifications.json', 'preferences.json']
[18:54:36]   [container] DONE
[18:54:36]   [container-err] Loading weights:   0%|          | 0/103 [00:00<?, ?it/s]
[18:54:36]   [container-err] Loading weights: 100%|██████████| 103/103 [00:00<00:00, 21997.72it/s]
[18:54:36]   [container-err] [1mBertModel LOAD REPORT[0m from: sentence-transformers/all-MiniLM-L6-v2
[18:54:36]   [container-err] Key                     | Status     |  | 
[18:54:36]   [container-err] ------------------------+------------+--+-
[18:54:36]   [container-err] embeddings.position_ids | UNEXPECTED |  | 
[18:54:36]   [container-err] 
[18:54:36]   [container-err] Notes:
[18:54:36]   [container-err] - UNEXPECTED:	can be ignored when loading from different task/architecture; not ok if you expect identical arch.
[18:54:36] [clawbench_comm-005_qwen3.6-27b_20260520_105336] Agent finished in 57.07s, returncode=0
[18:54:36] [clawbench_comm-005_qwen3.6-27b_20260520_105336] Agent result: passed=True, score=1.0000
[18:54:37] [comm-005] Result saved to /Volumes/F/work/ClawEvalkit-private-emnlp/outputs/harness/memory/clawbench-official/qwen3.6-27b/comm-005.json
[18:54:40] [clawbench_comm-007_qwen3.6-27b_20260520_105437] Container started
[18:54:40] [comm-007] Harness detected, timeout adjusted: 240 → 420
[18:55:41]   [container] [setup] 运行 setup.sh: /app/claw-bench/tasks/communication/comm-006-thread-summary/environment/setup.sh
[18:55:41]   [container] [setup] setup.sh 成功
[18:55:41]   [container] [setup] 工作空间文件: ['thread.json', 'instruction.md']
[18:55:41]   [container] DONE
[18:55:41]   [container-err] Loading weights:   0%|          | 0/103 [00:00<?, ?it/s]
[18:55:41]   [container-err] Loading weights: 100%|██████████| 103/103 [00:00<00:00, 25169.73it/s]
[18:55:41]   [container-err] [1mBertModel LOAD REPORT[0m from: sentence-transformers/all-MiniLM-L6-v2
[18:55:41]   [container-err] Key                     | Status     |  | 
[18:55:41]   [container-err] ------------------------+------------+--+-
[18:55:41]   [container-err] embeddings.position_ids | UNEXPECTED |  | 
[18:55:41]   [container-err] 
[18:55:41]   [container-err] Notes:
[18:55:41]   [container-err] - UNEXPECTED:	can be ignored when loading from different task/architecture; not ok if you expect identical arch.
[18:55:41] [clawbench_comm-006_qwen3.6-27b_20260520_105420] Agent finished in 77.78s, returncode=0
[18:55:41] [clawbench_comm-006_qwen3.6-27b_20260520_105420] Agent result: passed=True, score=1.0000
[18:55:41] [comm-006] Result saved to /Volumes/F/work/ClawEvalkit-private-emnlp/outputs/harness/memory/clawbench-official/qwen3.6-27b/comm-006.json
[18:55:44] [clawbench_comm-008_qwen3.6-27b_20260520_105541] Container started
[18:55:44] [comm-008] Harness detected, timeout adjusted: 300 → 480
[18:56:24]   [container] [setup] 运行 setup.sh: /app/claw-bench/tasks/communication/comm-007-cross-channel-sync/environment/setup.sh
[18:56:24]   [container] [setup] setup.sh 成功
[18:56:24]   [container] [setup] 工作空间文件: ['sync_rules.json', 'channels.json', 'instruction.md']
[18:56:24]   [container] DONE
[18:56:24]   [container-err] Loading weights:   0%|          | 0/103 [00:00<?, ?it/s]
[18:56:24]   [container-err] Loading weights: 100%|██████████| 103/103 [00:00<00:00, 14828.49it/s]
[18:56:24]   [container-err] [1mBertModel LOAD REPORT[0m from: sentence-transformers/all-MiniLM-L6-v2
[18:56:24]   [container-err] Key                     | Status     |  | 
[18:56:24]   [container-err] ------------------------+------------+--+-
[18:56:24]   [container-err] embeddings.position_ids | UNEXPECTED |  | 
[18:56:24]   [container-err] 
[18:56:24]   [container-err] Notes:
[18:56:24]   [container-err] - UNEXPECTED:	can be ignored when loading from different task/architecture; not ok if you expect identical arch.
[18:56:24] [clawbench_comm-007_qwen3.6-27b_20260520_105437] Agent finished in 103.70s, returncode=0
[18:56:24] [clawbench_comm-007_qwen3.6-27b_20260520_105437] Agent result: passed=True, score=1.0000
[18:56:25] [comm-007] Result saved to /Volumes/F/work/ClawEvalkit-private-emnlp/outputs/harness/memory/clawbench-official/qwen3.6-27b/comm-007.json
[18:56:27] [clawbench_comm-009_qwen3.6-27b_20260520_105625] Container started
[18:56:27] [comm-009] Harness detected, timeout adjusted: 180 → 360
[18:57:51]   [container] [setup] 运行 setup.sh: /app/claw-bench/tasks/communication/comm-009-meeting-notes/environment/setup.sh
[18:57:51]   [container] [setup] setup.sh 成功
[18:57:51]   [container] [setup] 工作空间文件: ['transcript.txt', 'instruction.md']
[18:57:51]   [container] DONE
[18:57:51]   [container-err] Loading weights:   0%|          | 0/103 [00:00<?, ?it/s]
[18:57:51]   [container-err] Loading weights: 100%|██████████| 103/103 [00:00<00:00, 28365.94it/s]
[18:57:51]   [container-err] [1mBertModel LOAD REPORT[0m from: sentence-transformers/all-MiniLM-L6-v2
[18:57:51]   [container-err] Key                     | Status     |  | 
[18:57:51]   [container-err] ------------------------+------------+--+-
[18:57:51]   [container-err] embeddings.position_ids | UNEXPECTED |  | 
[18:57:51]   [container-err] 
[18:57:51]   [container-err] Notes:
[18:57:51]   [container-err] - UNEXPECTED:	can be ignored when loading from different task/architecture; not ok if you expect identical arch.
[18:57:51] [clawbench_comm-009_qwen3.6-27b_20260520_105625] Agent finished in 84.25s, returncode=0
[18:57:51] [clawbench_comm-009_qwen3.6-27b_20260520_105625] Agent result: passed=True, score=1.0000
[18:57:52] [comm-009] Result saved to /Volumes/F/work/ClawEvalkit-private-emnlp/outputs/harness/memory/clawbench-official/qwen3.6-27b/comm-009.json
[18:57:54] [clawbench_comm-010_qwen3.6-27b_20260520_105752] Container started
[18:57:54] [comm-010] Harness detected, timeout adjusted: 300 → 480
[18:58:11]   [container] [setup] 运行 setup.sh: /app/claw-bench/tasks/communication/comm-008-communication-audit/environment/setup.sh
[18:58:11]   [container] [setup] setup.sh 成功
[18:58:11]   [container] [setup] 工作空间文件: ['instruction.md']
[18:58:11]   [container] DONE
[18:58:11]   [container-err] Loading weights:   0%|          | 0/103 [00:00<?, ?it/s]
[18:58:11]   [container-err] Loading weights: 100%|██████████| 103/103 [00:00<00:00, 28485.65it/s]
[18:58:11]   [container-err] [1mBertModel LOAD REPORT[0m from: sentence-transformers/all-MiniLM-L6-v2
[18:58:11]   [container-err] Key                     | Status     |  | 
[18:58:11]   [container-err] ------------------------+------------+--+-
[18:58:11]   [container-err] embeddings.position_ids | UNEXPECTED |  | 
[18:58:11]   [container-err] 
[18:58:11]   [container-err] Notes:
[18:58:11]   [container-err] - UNEXPECTED:	can be ignored when loading from different task/architecture; not ok if you expect identical arch.
[18:58:11] [clawbench_comm-008_qwen3.6-27b_20260520_105541] Agent finished in 147.46s, returncode=0
[18:58:11] [clawbench_comm-008_qwen3.6-27b_20260520_105541] Agent result: passed=True, score=1.0000
[18:58:12] [comm-008] Result saved to /Volumes/F/work/ClawEvalkit-private-emnlp/outputs/harness/memory/clawbench-official/qwen3.6-27b/comm-008.json
[18:58:16] [clawbench_comm-011_qwen3.6-27b_20260520_105812] Container started
[18:58:16] [comm-011] Harness detected, timeout adjusted: 120 → 300
[18:59:37]   [container] [setup] 运行 setup.sh: /app/claw-bench/tasks/communication/comm-011-meeting-notes-formatter/environment/setup.sh
[18:59:37]   [container] [setup] setup.sh 成功
[18:59:37]   [container] [setup] 工作空间文件: ['meeting.txt', 'instruction.md']
[18:59:37]   [container] DONE
[18:59:37]   [container-err] Loading weights:   0%|          | 0/103 [00:00<?, ?it/s]
[18:59:37]   [container-err] Loading weights: 100%|██████████| 103/103 [00:00<00:00, 25466.48it/s]
[18:59:37]   [container-err] [1mBertModel LOAD REPORT[0m from: sentence-transformers/all-MiniLM-L6-v2
[18:59:37]   [container-err] Key                     | Status     |  | 
[18:59:37]   [container-err] ------------------------+------------+--+-
[18:59:37]   [container-err] embeddings.position_ids | UNEXPECTED |  | 
[18:59:37]   [container-err] 
[18:59:37]   [container-err] Notes:
[18:59:37]   [container-err] - UNEXPECTED:	can be ignored when loading from different task/architecture; not ok if you expect identical arch.
[18:59:37] [clawbench_comm-011_qwen3.6-27b_20260520_105812] Agent finished in 81.17s, returncode=0
[18:59:37] [clawbench_comm-011_qwen3.6-27b_20260520_105812] Agent result: passed=True, score=1.0000
[18:59:38] [comm-011] Result saved to /Volumes/F/work/ClawEvalkit-private-emnlp/outputs/harness/memory/clawbench-official/qwen3.6-27b/comm-011.json
[18:59:38]   [container] [setup] 运行 setup.sh: /app/claw-bench/tasks/communication/comm-010-notification-router/environment/setup.sh
[18:59:38]   [container] [setup] setup.sh 成功
[18:59:38]   [container] [setup] 工作空间文件: ['events.json', 'instruction.md', 'rules.yaml']
[18:59:38]   [container] DONE
[18:59:38]   [container-err] Loading weights:   0%|          | 0/103 [00:00<?, ?it/s]
[18:59:38]   [container-err] Loading weights: 100%|██████████| 103/103 [00:00<00:00, 19180.13it/s]
[18:59:38]   [container-err] [1mBertModel LOAD REPORT[0m from: sentence-transformers/all-MiniLM-L6-v2
[18:59:38]   [container-err] Key                     | Status     |  | 
[18:59:38]   [container-err] ------------------------+------------+--+-
[18:59:38]   [container-err] embeddings.position_ids | UNEXPECTED |  | 
[18:59:38]   [container-err] 
[18:59:38]   [container-err] Notes:
[18:59:38]   [container-err] - UNEXPECTED:	can be ignored when loading from different task/architecture; not ok if you expect identical arch.
[18:59:38] [clawbench_comm-010_qwen3.6-27b_20260520_105752] Agent finished in 103.99s, returncode=0
[18:59:38] [clawbench_comm-010_qwen3.6-27b_20260520_105752] Agent result: passed=False, score=0.9630
[18:59:39] [comm-010] Result saved to /Volumes/F/work/ClawEvalkit-private-emnlp/outputs/harness/memory/clawbench-official/qwen3.6-27b/comm-010.json
[18:59:41] [clawbench_comm-012_qwen3.6-27b_20260520_105938] Container started
[18:59:41] [comm-012] Harness detected, timeout adjusted: 120 → 300
[18:59:43] [clawbench_comm-013_qwen3.6-27b_20260520_105939] Container started
[18:59:43] [comm-013] Harness detected, timeout adjusted: 120 → 300
[19:00:17]   [container] [setup] 运行 setup.sh: /app/claw-bench/tasks/communication/comm-013-announcement-generator/environment/setup.sh
[19:00:17]   [container] [setup] setup.sh 成功
[19:00:17]   [container] [setup] 工作空间文件: ['instruction.md', 'data.json', 'template.txt']
[19:00:17]   [container] DONE
[19:00:17]   [container-err] Loading weights:   0%|          | 0/103 [00:00<?, ?it/s]
[19:00:17]   [container-err] Loading weights: 100%|██████████| 103/103 [00:00<00:00, 29874.37it/s]
[19:00:17]   [container-err] [1mBertModel LOAD REPORT[0m from: sentence-transformers/all-MiniLM-L6-v2
[19:00:17]   [container-err] Key                     | Status     |  | 
[19:00:17]   [container-err] ------------------------+------------+--+-
[19:00:17]   [container-err] embeddings.position_ids | UNEXPECTED |  | 
[19:00:17]   [container-err] 
[19:00:17]   [container-err] Notes:
[19:00:17]   [container-err] - UNEXPECTED:	can be ignored when loading from different task/architecture; not ok if you expect identical arch.
[19:00:17] [clawbench_comm-013_qwen3.6-27b_20260520_105939] Agent finished in 34.32s, returncode=0
[19:00:17] [clawbench_comm-013_qwen3.6-27b_20260520_105939] Agent result: passed=False, score=0.9231
[19:00:18] [comm-013] Result saved to /Volumes/F/work/ClawEvalkit-private-emnlp/outputs/harness/memory/clawbench-official/qwen3.6-27b/comm-013.json
[19:00:22] [clawbench_comm-014_qwen3.6-27b_20260520_110018] Container started
[19:00:22] [comm-014] Harness detected, timeout adjusted: 120 → 300
[19:00:37]   [container] [setup] 运行 setup.sh: /app/claw-bench/tasks/communication/comm-012-contact-deduplicator/environment/setup.sh
[19:00:37]   [container] [setup] setup.sh 成功
[19:00:37]   [container] [setup] 工作空间文件: ['contacts.csv', 'instruction.md']
[19:00:37]   [container] DONE
[19:00:37]   [container-err] Loading weights:   0%|          | 0/103 [00:00<?, ?it/s]
[19:00:37]   [container-err] Loading weights: 100%|██████████| 103/103 [00:00<00:00, 46022.51it/s]
[19:00:37]   [container-err] [1mBertModel LOAD REPORT[0m from: sentence-transformers/all-MiniLM-L6-v2
[19:00:37]   [container-err] Key                     | Status     |  | 
[19:00:37]   [container-err] ------------------------+------------+--+-
[19:00:37]   [container-err] embeddings.position_ids | UNEXPECTED |  | 
[19:00:37]   [container-err] 
[19:00:37]   [container-err] Notes:
[19:00:37]   [container-err] - UNEXPECTED:	can be ignored when loading from different task/architecture; not ok if you expect identical arch.
[19:00:37] [clawbench_comm-012_qwen3.6-27b_20260520_105938] Agent finished in 56.56s, returncode=0
[19:00:38] [clawbench_comm-012_qwen3.6-27b_20260520_105938] Agent result: passed=False, score=0.9333
[19:00:38] [comm-012] Result saved to /Volumes/F/work/ClawEvalkit-private-emnlp/outputs/harness/memory/clawbench-official/qwen3.6-27b/comm-012.json
[19:00:43] [clawbench_comm-015_qwen3.6-27b_20260520_110038] Container started
[19:00:43] [comm-015] Harness detected, timeout adjusted: 120 → 300
[19:01:26]   [container] [setup] 运行 setup.sh: /app/claw-bench/tasks/communication/comm-015-channel-activity-report/environment/setup.sh
[19:01:26]   [container] [setup] setup.sh 成功
[19:01:26]   [container] [setup] 工作空间文件: ['channels.json', 'instruction.md']
[19:01:26]   [container] DONE
[19:01:26]   [container-err] Loading weights:   0%|          | 0/103 [00:00<?, ?it/s]
[19:01:26]   [container-err] Loading weights: 100%|██████████| 103/103 [00:00<00:00, 32027.08it/s]
[19:01:26]   [container-err] [1mBertModel LOAD REPORT[0m from: sentence-transformers/all-MiniLM-L6-v2
[19:01:26]   [container-err] Key                     | Status     |  | 
[19:01:26]   [container-err] ------------------------+------------+--+-
[19:01:26]   [container-err] embeddings.position_ids | UNEXPECTED |  | 
[19:01:26]   [container-err] 
[19:01:26]   [container-err] Notes:
[19:01:26]   [container-err] - UNEXPECTED:	can be ignored when loading from different task/architecture; not ok if you expect identical arch.
[19:01:26] [clawbench_comm-015_qwen3.6-27b_20260520_110038] Agent finished in 43.85s, returncode=0
[19:01:27] [clawbench_comm-015_qwen3.6-27b_20260520_110038] Agent result: passed=True, score=1.0000
[19:01:27] [comm-015] Result saved to /Volumes/F/work/ClawEvalkit-private-emnlp/outputs/harness/memory/clawbench-official/qwen3.6-27b/comm-015.json
[19:01:31] [clawbench_cont-001-sentiment-analysis_qwen3.6-27b_20260520_110127] Container started
[19:01:31] [cont-001-sentiment-analysis] Harness detected, timeout adjusted: 3600 → 3780
[19:02:03]   [container] [setup] 运行 setup.sh: /app/claw-bench/tasks/content-analysis/cont-001-sentiment-analysis/environment/setup.sh
[19:02:03]   [container] [setup] setup.sh 成功
[19:02:03]   [container] [setup] 工作空间文件: ['reviews.csv', 'instruction.md']
[19:02:03]   [container] DONE
[19:02:03]   [container-err] Loading weights:   0%|          | 0/103 [00:00<?, ?it/s]
[19:02:03]   [container-err] Loading weights: 100%|██████████| 103/103 [00:00<00:00, 38651.99it/s]
[19:02:03]   [container-err] [1mBertModel LOAD REPORT[0m from: sentence-transformers/all-MiniLM-L6-v2
[19:02:03]   [container-err] Key                     | Status     |  | 
[19:02:03]   [container-err] ------------------------+------------+--+-
[19:02:03]   [container-err] embeddings.position_ids | UNEXPECTED |  | 
[19:02:03]   [container-err] 
[19:02:03]   [container-err] Notes:
[19:02:03]   [container-err] - UNEXPECTED:	can be ignored when loading from different task/architecture; not ok if you expect identical arch.
[19:02:03] [clawbench_cont-001-sentiment-analysis_qwen3.6-27b_20260520_110127] Agent finished in 31.88s, returncode=0
[19:02:03] [clawbench_cont-001-sentiment-analysis_qwen3.6-27b_20260520_110127] Agent result: passed=False, score=0.6667
[19:02:04] [cont-001-sentiment-analysis] Result saved to /Volumes/F/work/ClawEvalkit-private-emnlp/outputs/harness/memory/clawbench-official/qwen3.6-27b/cont-001-sentiment-analysis.json
[19:02:06] [clawbench_cont-002-topic-modeling_qwen3.6-27b_20260520_110204] Container started
[19:02:06] [cont-002-topic-modeling] Harness detected, timeout adjusted: 3600 → 3780
[19:02:28]   [container] [setup] 运行 setup.sh: /app/claw-bench/tasks/communication/comm-014-chat-sentiment-analysis/environment/setup.sh
[19:02:28]   [container] [setup] setup.sh 失败 (rc=1)
[19:02:28]   [container] [setup] stderr: cp: cannot stat '/app/claw-bench/tasks/communication/comm-014-chat-sentiment-analysis/environment/data/chat_log.jsonl': No such file or directory
[19:02:28]   [container] 
[19:02:28]   [container] [setup] 重试 (bash -x) ...
[19:02:28]   [container] [setup] 重试也失败 (rc=1)
[19:02:28]   [container] [setup] stderr: + set -euo pipefail
[19:02:28]   [container] +++ dirname /app/claw-bench/tasks/communication/comm-014-chat-sentiment-analysis/environment/setup.sh
[19:02:28]   [container] ++ cd /app/claw-bench/tasks/communication/comm-014-chat-sentiment-analysis/environment/..
[19:02:28]   [container] ++ pwd
[19:02:28]   [container] + TASK_DIR=/app/claw-bench/tasks/communication/comm-014-chat-sentiment-analysis
[19:02:28]   [container] + WORKSPACE=/tmp/clawbench_workspace
[19:02:28]   [container] + mkdir -p /tmp/clawbench_workspace
[19:02:28]   [container] + cp /app/claw-bench/tasks/communication/comm-014-chat-sentiment-analysis/environment/data/chat_log.jsonl /tmp/clawbench_workspace/chat_log.jsonl
[19:02:28]   [container] cp: cannot stat '/app/claw-bench/tasks/communication/comm-014-chat-sentiment-analysis/environment/data/chat_log.jsonl': No such file or directory
[19:02:28]   [container] 
[19:02:28]   [container] [setup] 工作空间文件: ['instruction.md', 'keywords.json']
[19:02:28]   [container] DONE
[19:02:28]   [container-err] Loading weights:   0%|          | 0/103 [00:00<?, ?it/s]
[19:02:28]   [container-err] Loading weights: 100%|██████████| 103/103 [00:00<00:00, 25476.99it/s]
[19:02:28]   [container-err] [1mBertModel LOAD REPORT[0m from: sentence-transformers/all-MiniLM-L6-v2
[19:02:28]   [container-err] Key                     | Status     |  | 
[19:02:28]   [container-err] ------------------------+------------+--+-
[19:02:28]   [container-err] embeddings.position_ids | UNEXPECTED |  | 
[19:02:28]   [container-err] 
[19:02:28]   [container-err] Notes:
[19:02:28]   [container-err] - UNEXPECTED:	can be ignored when loading from different task/architecture; not ok if you expect identical arch.
[19:02:28] [clawbench_comm-014_qwen3.6-27b_20260520_110018] Agent finished in 126.20s, returncode=0
[19:02:28] [clawbench_comm-014_qwen3.6-27b_20260520_110018] Agent result: passed=False, score=0.8333
[19:02:29] [comm-014] Result saved to /Volumes/F/work/ClawEvalkit-private-emnlp/outputs/harness/memory/clawbench-official/qwen3.6-27b/comm-014.json
[19:02:33] [clawbench_cont-003-readability-audit_qwen3.6-27b_20260520_110229] Container started
[19:02:33] [cont-003-readability-audit] Harness detected, timeout adjusted: 3600 → 3780
[19:04:11]   [container] [setup] 运行 setup.sh: /app/claw-bench/tasks/content-analysis/cont-002-topic-modeling/environment/setup.sh
[19:04:11]   [container] [setup] setup.sh 成功
[19:04:11]   [container] [setup] 工作空间文件: ['instruction.md']
[19:04:11]   [container] DONE
[19:04:11]   [container-err] Loading weights:   0%|          | 0/103 [00:00<?, ?it/s]
[19:04:11]   [container-err] Loading weights: 100%|██████████| 103/103 [00:00<00:00, 31223.86it/s]
[19:04:11]   [container-err] [1mBertModel LOAD REPORT[0m from: sentence-transformers/all-MiniLM-L6-v2
[19:04:11]   [container-err] Key                     | Status     |  | 
[19:04:11]   [container-err] ------------------------+------------+--+-
[19:04:11]   [container-err] embeddings.position_ids | UNEXPECTED |  | 
[19:04:11]   [container-err] 
[19:04:11]   [container-err] Notes:
[19:04:11]   [container-err] - UNEXPECTED:	can be ignored when loading from different task/architecture; not ok if you expect identical arch.
[19:04:11] [clawbench_cont-002-topic-modeling_qwen3.6-27b_20260520_110204] Agent finished in 124.95s, returncode=0
[19:04:11] [clawbench_cont-002-topic-modeling_qwen3.6-27b_20260520_110204] Agent result: passed=True, score=1.0000
[19:04:12] [cont-002-topic-modeling] Result saved to /Volumes/F/work/ClawEvalkit-private-emnlp/outputs/harness/memory/clawbench-official/qwen3.6-27b/cont-002-topic-modeling.json
[19:04:15] [clawbench_cont-004-media-bias_qwen3.6-27b_20260520_110412] Container started
[19:04:15] [cont-004-media-bias] Harness detected, timeout adjusted: 3600 → 3780
[19:04:52]   [container] [setup] 运行 setup.sh: /app/claw-bench/tasks/content-analysis/cont-003-readability-audit/environment/setup.sh
[19:04:52]   [container] [setup] setup.sh 成功
[19:04:52]   [container] [setup] 工作空间文件: ['instruction.md']
[19:04:52]   [container] DONE
[19:04:52]   [container-err] Loading weights:   0%|          | 0/103 [00:00<?, ?it/s]
[19:04:52]   [container-err] Loading weights: 100%|██████████| 103/103 [00:00<00:00, 27620.57it/s]
[19:04:52]   [container-err] [1mBertModel LOAD REPORT[0m from: sentence-transformers/all-MiniLM-L6-v2
[19:04:52]   [container-err] Key                     | Status     |  | 
[19:04:52]   [container-err] ------------------------+------------+--+-
[19:04:52]   [container-err] embeddings.position_ids | UNEXPECTED |  | 
[19:04:52]   [container-err] 
[19:04:52]   [container-err] Notes:
[19:04:52]   [container-err] - UNEXPECTED:	can be ignored when loading from different task/architecture; not ok if you expect identical arch.
[19:04:52] [clawbench_cont-003-readability-audit_qwen3.6-27b_20260520_110229] Agent finished in 139.36s, returncode=0
[19:04:52] [clawbench_cont-003-readability-audit_qwen3.6-27b_20260520_110229] Agent result: passed=True, score=1.0000
[19:04:53] [cont-003-readability-audit] Result saved to /Volumes/F/work/ClawEvalkit-private-emnlp/outputs/harness/memory/clawbench-official/qwen3.6-27b/cont-003-readability-audit.json
[19:04:56] [clawbench_cont-005-translation-qa_qwen3.6-27b_20260520_110453] Container started
[19:04:56] [cont-005-translation-qa] Harness detected, timeout adjusted: 3600 → 3780
[19:05:39]   [container] [setup] 运行 setup.sh: /app/claw-bench/tasks/content-analysis/cont-004-media-bias/environment/setup.sh
[19:05:39]   [container] [setup] setup.sh 成功
[19:05:39]   [container] [setup] 工作空间文件: ['instruction.md']
[19:05:39]   [container] DONE
[19:05:39]   [container-err] Loading weights:   0%|          | 0/103 [00:00<?, ?it/s]
[19:05:39]   [container-err] Loading weights: 100%|██████████| 103/103 [00:00<00:00, 28797.05it/s]
[19:05:39]   [container-err] [1mBertModel LOAD REPORT[0m from: sentence-transformers/all-MiniLM-L6-v2
[19:05:39]   [container-err] Key                     | Status     |  | 
[19:05:39]   [container-err] ------------------------+------------+--+-
[19:05:39]   [container-err] embeddings.position_ids | UNEXPECTED |  | 
[19:05:39]   [container-err] 
[19:05:39]   [container-err] Notes:
[19:05:39]   [container-err] - UNEXPECTED:	can be ignored when loading from different task/architecture; not ok if you expect identical arch.
[19:05:39] [clawbench_cont-004-media-bias_qwen3.6-27b_20260520_110412] Agent finished in 84.06s, returncode=0
[19:05:39] [clawbench_cont-004-media-bias_qwen3.6-27b_20260520_110412] Agent result: passed=False, score=0.5000
[19:05:40] [cont-004-media-bias] Result saved to /Volumes/F/work/ClawEvalkit-private-emnlp/outputs/harness/memory/clawbench-official/qwen3.6-27b/cont-004-media-bias.json
[19:05:42] [clawbench_law-001-nda-clause-extract_qwen3.6-27b_20260520_110540] Container started
[19:05:42] [law-001-nda-clause-extract] Harness detected, timeout adjusted: 3600 → 3780
[19:06:21]   [container] [setup] 运行 setup.sh: /app/claw-bench/tasks/content-analysis/cont-005-translation-qa/environment/setup.sh
[19:06:21]   [container] [setup] setup.sh 成功
[19:06:21]   [container] [setup] 工作空间文件: ['instruction.md']
[19:06:21]   [container] DONE
[19:06:21]   [container-err] Loading weights:   0%|          | 0/103 [00:00<?, ?it/s]
[19:06:21]   [container-err] Loading weights: 100%|██████████| 103/103 [00:00<00:00, 28282.38it/s]
[19:06:21]   [container-err] [1mBertModel LOAD REPORT[0m from: sentence-transformers/all-MiniLM-L6-v2
[19:06:21]   [container-err] Key                     | Status     |  | 
[19:06:21]   [container-err] ------------------------+------------+--+-
[19:06:21]   [container-err] embeddings.position_ids | UNEXPECTED |  | 
[19:06:21]   [container-err] 
[19:06:21]   [container-err] Notes:
[19:06:21]   [container-err] - UNEXPECTED:	can be ignored when loading from different task/architecture; not ok if you expect identical arch.
[19:06:21] [clawbench_cont-005-translation-qa_qwen3.6-27b_20260520_110453] Agent finished in 85.04s, returncode=0
[19:06:21] [clawbench_cont-005-translation-qa_qwen3.6-27b_20260520_110453] Agent result: passed=False, score=0.0000
[19:06:22] [cont-005-translation-qa] Result saved to /Volumes/F/work/ClawEvalkit-private-emnlp/outputs/harness/memory/clawbench-official/qwen3.6-27b/cont-005-translation-qa.json
[19:06:25] [clawbench_law-002-lease-analysis_qwen3.6-27b_20260520_110622] Container started
[19:06:25] [law-002-lease-analysis] Harness detected, timeout adjusted: 3600 → 3780
[19:07:05]   [container] [setup] 运行 setup.sh: /app/claw-bench/tasks/contract-review/law-002-lease-analysis/environment/setup.sh
[19:07:05]   [container] [setup] setup.sh 成功
[19:07:05]   [container] [setup] 工作空间文件: ['instruction.md', 'lease_agreement.txt']
[19:07:05]   [container] DONE
[19:07:05]   [container-err] Loading weights:   0%|          | 0/103 [00:00<?, ?it/s]
[19:07:05]   [container-err] Loading weights: 100%|██████████| 103/103 [00:00<00:00, 21975.35it/s]
[19:07:05]   [container-err] [1mBertModel LOAD REPORT[0m from: sentence-transformers/all-MiniLM-L6-v2
[19:07:05]   [container-err] Key                     | Status     |  | 
[19:07:05]   [container-err] ------------------------+------------+--+-
[19:07:05]   [container-err] embeddings.position_ids | UNEXPECTED |  | 
[19:07:05]   [container-err] 
[19:07:05]   [container-err] Notes:
[19:07:05]   [container-err] - UNEXPECTED:	can be ignored when loading from different task/architecture; not ok if you expect identical arch.
[19:07:05] [clawbench_law-002-lease-analysis_qwen3.6-27b_20260520_110622] Agent finished in 39.49s, returncode=0
[19:07:05] [clawbench_law-002-lease-analysis_qwen3.6-27b_20260520_110622] Agent result: passed=True, score=1.0000
[19:07:05] [law-002-lease-analysis] Result saved to /Volumes/F/work/ClawEvalkit-private-emnlp/outputs/harness/memory/clawbench-official/qwen3.6-27b/law-002-lease-analysis.json
[19:07:08] [clawbench_law-003-compliance-check_qwen3.6-27b_20260520_110705] Container started
[19:07:08] [law-003-compliance-check] Harness detected, timeout adjusted: 3600 → 3780
[19:09:19]   [container] [setup] 运行 setup.sh: /app/claw-bench/tasks/contract-review/law-001-nda-clause-extract/environment/setup.sh
[19:09:19]   [container] [setup] setup.sh 成功
[19:09:19]   [container] [setup] 工作空间文件: ['instruction.md', 'nda_contract.txt']
[19:09:19]   [container] DONE
[19:09:19]   [container-err] Loading weights:   0%|          | 0/103 [00:00<?, ?it/s]
[19:09:19]   [container-err] Loading weights: 100%|██████████| 103/103 [00:00<00:00, 12102.57it/s]
[19:09:19]   [container-err] [1mBertModel LOAD REPORT[0m from: sentence-transformers/all-MiniLM-L6-v2
[19:09:19]   [container-err] Key                     | Status     |  | 
[19:09:19]   [container-err] ------------------------+------------+--+-
[19:09:19]   [container-err] embeddings.position_ids | UNEXPECTED |  | 
[19:09:19]   [container-err] 
[19:09:19]   [container-err] Notes:
[19:09:19]   [container-err] - UNEXPECTED:	can be ignored when loading from different task/architecture; not ok if you expect identical arch.
[19:09:19]   [container-err] [_run_loop] _call_llm exception (attempt 1/3): Exception: LLM call failed: litellm.APIError: APIError: OpenrouterException - Unable to get json response - Expecting value: line 195 column 1 (char 1067), Original Response:
[19:09:19] [clawbench_law-001-nda-clause-extract_qwen3.6-27b_20260520_110540] Agent finished in 217.26s, returncode=0
[19:09:19] [clawbench_law-001-nda-clause-extract_qwen3.6-27b_20260520_110540] Agent result: passed=True, score=1.0000
[19:09:20] [law-001-nda-clause-extract] Result saved to /Volumes/F/work/ClawEvalkit-private-emnlp/outputs/harness/memory/clawbench-official/qwen3.6-27b/law-001-nda-clause-extract.json
[19:09:23] [clawbench_law-004-ip-license-review_qwen3.6-27b_20260520_110920] Container started
[19:09:23] [law-004-ip-license-review] Harness detected, timeout adjusted: 3600 → 3780
[19:09:30]   [container]     ('\''travel_expenses'\'', '\''The contract must specify travel expense reimbursement.'\'', False),
[19:09:30]   [container]     ('\''intellectual_property'\'', '\''The contract must specify intellectual property rights.'\'', True),
[19:09:30]   [container]     ('\''child_labor'\'', '\''The contract must prohibit child labor.'\'', True),
[19:09:30]   [container]     ('\''union_rights'\'', '\''The contract must specify union rights and representation.'\'', False),
[19:09:30]   [container]     ('\''data_protection'\'', '\''The contract must specify data protection obligations.'\'', True),
[19:09:30]   [container]     ('\''remote_work'\'', '\''The contract must specify remote work policies.'\'', False),
[19:09:30]   [container] ]
[19:09:30]   [container] 
[19:09:30]   [container] with open(f'\''{os.environ.get(WORKSPACE, os.getcwd())}/labor_requirements.csv'\'', '\''w'\'', newline='\'''\'') as f:
[19:09:30]   [container]     writer = csv.writer(f)
[19:09:30]   [container]     writer.writerow(['\''requirement'\'', '\''description'\'', '\''mandatory'\''])
[19:09:30]   [container]     for r in requirements:
[19:09:30]   [container]         writer.writerow([r[0], r[1], str(r[2])])
[19:09:30]   [container] '
[19:09:30]   [container] Traceback (most recent call last):
[19:09:30]   [container]   File "<string>", line 30, in <module>
[19:09:30]   [container] NameError: name 'os' is not defined. Did you forget to import 'os'?
[19:09:30]   [container] 
[19:09:30]   [container] [setup] 工作空间文件: ['instruction.md']
[19:09:30]   [container] DONE
[19:09:30]   [container-err] Loading weights:   0%|          | 0/103 [00:00<?, ?it/s]
[19:09:30]   [container-err] Loading weights: 100%|██████████| 103/103 [00:00<00:00, 18324.28it/s]
[19:09:30]   [container-err] [1mBertModel LOAD REPORT[0m from: sentence-transformers/all-MiniLM-L6-v2
[19:09:30]   [container-err] Key                     | Status     |  | 
[19:09:30]   [container-err] ------------------------+------------+--+-
[19:09:30]   [container-err] embeddings.position_ids | UNEXPECTED |  | 
[19:09:30]   [container-err] 
[19:09:30]   [container-err] Notes:
[19:09:30]   [container-err] - UNEXPECTED:	can be ignored when loading from different task/architecture; not ok if you expect identical arch.
[19:09:30] [clawbench_law-003-compliance-check_qwen3.6-27b_20260520_110705] Agent finished in 141.33s, returncode=0
[19:09:30] [clawbench_law-003-compliance-check_qwen3.6-27b_20260520_110705] Agent result: passed=False, score=0.5000
[19:09:30] [law-003-compliance-check] Result saved to /Volumes/F/work/ClawEvalkit-private-emnlp/outputs/harness/memory/clawbench-official/qwen3.6-27b/law-003-compliance-check.json
[19:09:35] [clawbench_law-005-merger-due-diligence_qwen3.6-27b_20260520_110930] Container started
[19:09:35] [law-005-merger-due-diligence] Harness detected, timeout adjusted: 3600 → 3780
[19:11:22]   [container] [setup] 运行 setup.sh: /app/claw-bench/tasks/contract-review/law-004-ip-license-review/environment/setup.sh
[19:11:22]   [container] [setup] setup.sh 成功
[19:11:22]   [container] [setup] 工作空间文件: ['instruction.md', 'license_agreement.txt']
[19:11:22]   [container] DONE
[19:11:22]   [container-err] Loading weights:   0%|          | 0/103 [00:00<?, ?it/s]
[19:11:22]   [container-err] Loading weights: 100%|██████████| 103/103 [00:00<00:00, 81913.79it/s]
[19:11:22]   [container-err] [1mBertModel LOAD REPORT[0m from: sentence-transformers/all-MiniLM-L6-v2
[19:11:22]   [container-err] Key                     | Status     |  | 
[19:11:22]   [container-err] ------------------------+------------+--+-
[19:11:22]   [container-err] embeddings.position_ids | UNEXPECTED |  | 
[19:11:22]   [container-err] 
[19:11:22]   [container-err] Notes:
[19:11:22]   [container-err] - UNEXPECTED:	can be ignored when loading from different task/architecture; not ok if you expect identical arch.
[19:11:22] [clawbench_law-004-ip-license-review_qwen3.6-27b_20260520_110920] Agent finished in 118.99s, returncode=0
[19:11:22] [clawbench_law-004-ip-license-review_qwen3.6-27b_20260520_110920] Agent result: passed=True, score=1.0000
[19:11:23] [law-004-ip-license-review] Result saved to /Volumes/F/work/ClawEvalkit-private-emnlp/outputs/harness/memory/clawbench-official/qwen3.6-27b/law-004-ip-license-review.json
[19:11:27] [clawbench_xdom-001_qwen3.6-27b_20260520_111123] Container started
[19:11:27] [xdom-001] Harness detected, timeout adjusted: 300 → 480
[19:12:31]   [container] [setup] 运行 setup.sh: /app/claw-bench/tasks/cross-domain/xdom-001-email-to-calendar/environment/setup.sh
[19:12:31]   [container] [setup] setup.sh 成功
[19:12:31]   [container] [setup] 工作空间文件: ['instruction.md', 'emails.json']
[19:12:31]   [container] DONE
[19:12:31]   [container-err] Loading weights:   0%|          | 0/103 [00:00<?, ?it/s]
[19:12:31]   [container-err] Loading weights: 100%|██████████| 103/103 [00:00<00:00, 22406.17it/s]
[19:12:31]   [container-err] [1mBertModel LOAD REPORT[0m from: sentence-transformers/all-MiniLM-L6-v2
[19:12:31]   [container-err] Key                     | Status     |  | 
[19:12:31]   [container-err] ------------------------+------------+--+-
[19:12:31]   [container-err] embeddings.position_ids | UNEXPECTED |  | 
[19:12:31]   [container-err] 
[19:12:31]   [container-err] Notes:
[19:12:31]   [container-err] - UNEXPECTED:	can be ignored when loading from different task/architecture; not ok if you expect identical arch.
[19:12:31] [clawbench_xdom-001_qwen3.6-27b_20260520_111123] Agent finished in 64.70s, returncode=0
[19:12:31] [clawbench_xdom-001_qwen3.6-27b_20260520_111123] Agent result: passed=True, score=1.0000
[19:12:32] [xdom-001] Result saved to /Volumes/F/work/ClawEvalkit-private-emnlp/outputs/harness/memory/clawbench-official/qwen3.6-27b/xdom-001.json
[19:12:35] [clawbench_xdom-002_qwen3.6-27b_20260520_111232] Container started
[19:12:35] [xdom-002] Harness detected, timeout adjusted: 300 → 480
[19:13:16]   [container] [setup] 运行 setup.sh: /app/claw-bench/tasks/contract-review/law-005-merger-due-diligence/environment/setup.sh
[19:13:16]   [container] [setup] setup.sh 失败 (rc=1)
[19:13:16]   [container] [setup] stderr:   File "<stdin>", line 47
[19:13:16]   [container]     with open("{}/merger_agreement.txt".format(""" + "${WORKSPACE}" + ""), "w", encoding="utf-8") as f:
[19:13:16]   [container]                                                ^
[19:13:16]   [container] SyntaxError: unterminated triple-quoted string literal (detected at line 53)
[19:13:16]   [container] 
[19:13:16]   [container] [setup] 重试 (bash -x) ...
[19:13:16]   [container] [setup] 重试也失败 (rc=1)
[19:13:16]   [container] [setup] stderr: + set -euo pipefail
[19:13:16]   [container] + WORKSPACE=/tmp/clawbench_workspace
[19:13:16]   [container] + mkdir -p /tmp/clawbench_workspace
[19:13:16]   [container] + python3 -
[19:13:16]   [container]   File "<stdin>", line 47
[19:13:16]   [container]     with open("{}/merger_agreement.txt".format(""" + "${WORKSPACE}" + ""), "w", encoding="utf-8") as f:
[19:13:16]   [container]                                                ^
[19:13:16]   [container] SyntaxError: unterminated triple-quoted string literal (detected at line 53)
[19:13:16]   [container] 
[19:13:16]   [container] [setup] 工作空间文件: ['instruction.md']
[19:13:16]   [container] DONE
[19:13:16]   [container-err] Loading weights:   0%|          | 0/103 [00:00<?, ?it/s]
[19:13:16]   [container-err] Loading weights: 100%|██████████| 103/103 [00:00<00:00, 28517.61it/s]
[19:13:16]   [container-err] [1mBertModel LOAD REPORT[0m from: sentence-transformers/all-MiniLM-L6-v2
[19:13:16]   [container-err] Key                     | Status     |  | 
[19:13:16]   [container-err] ------------------------+------------+--+-
[19:13:16]   [container-err] embeddings.position_ids | UNEXPECTED |  | 
[19:13:16]   [container-err] 
[19:13:16]   [container-err] Notes:
[19:13:16]   [container-err] - UNEXPECTED:	can be ignored when loading from different task/architecture; not ok if you expect identical arch.
[19:13:16] [clawbench_law-005-merger-due-diligence_qwen3.6-27b_20260520_110930] Agent finished in 221.80s, returncode=0
[19:13:16] [clawbench_law-005-merger-due-diligence_qwen3.6-27b_20260520_110930] Agent result: passed=True, score=1.0000
[19:13:17] [law-005-merger-due-diligence] Result saved to /Volumes/F/work/ClawEvalkit-private-emnlp/outputs/harness/memory/clawbench-official/qwen3.6-27b/law-005-merger-due-diligence.json
[19:13:21] [clawbench_xdom-003_qwen3.6-27b_20260520_111317] Container started
[19:13:21] [xdom-003] Harness detected, timeout adjusted: 300 → 480
[19:13:52]   [container] [setup] 运行 setup.sh: /app/claw-bench/tasks/cross-domain/xdom-002-code-review-report/environment/setup.sh
[19:13:52]   [container] [setup] setup.sh 成功
[19:13:52]   [container] [setup] 工作空间文件: ['pull_request.py', 'instruction.md']
[19:13:52]   [container] DONE
[19:13:52]   [container-err] Loading weights:   0%|          | 0/103 [00:00<?, ?it/s]
[19:13:52]   [container-err] Loading weights: 100%|██████████| 103/103 [00:00<00:00, 20417.47it/s]
[19:13:52]   [container-err] [1mBertModel LOAD REPORT[0m from: sentence-transformers/all-MiniLM-L6-v2
[19:13:52]   [container-err] Key                     | Status     |  | 
[19:13:52]   [container-err] ------------------------+------------+--+-
[19:13:52]   [container-err] embeddings.position_ids | UNEXPECTED |  | 
[19:13:52]   [container-err] 
[19:13:52]   [container-err] Notes:
[19:13:52]   [container-err] - UNEXPECTED:	can be ignored when loading from different task/architecture; not ok if you expect identical arch.
[19:13:52] [clawbench_xdom-002_qwen3.6-27b_20260520_111232] Agent finished in 77.14s, returncode=0
[19:13:52] [clawbench_xdom-002_qwen3.6-27b_20260520_111232] Agent result: passed=True, score=1.0000
[19:13:52] [xdom-002] Result saved to /Volumes/F/work/ClawEvalkit-private-emnlp/outputs/harness/memory/clawbench-official/qwen3.6-27b/xdom-002.json
[19:13:55] [clawbench_xdom-004_qwen3.6-27b_20260520_111352] Container started
[19:13:55] [xdom-004] Harness detected, timeout adjusted: 300 → 480
[19:14:49]   [container] [setup] 运行 setup.sh: /app/claw-bench/tasks/cross-domain/xdom-003-data-to-presentation/environment/setup.sh
[19:14:49]   [container] [setup] setup.sh 成功
[19:14:49]   [container] [setup] 工作空间文件: ['quarterly_data.csv', 'instruction.md']
[19:14:49]   [container] DONE
[19:14:49]   [container-err] Loading weights:   0%|          | 0/103 [00:00<?, ?it/s]
[19:14:49]   [container-err] Loading weights: 100%|██████████| 103/103 [00:00<00:00, 116007.87it/s]
[19:14:49]   [container-err] [1mBertModel LOAD REPORT[0m from: sentence-transformers/all-MiniLM-L6-v2
[19:14:49]   [container-err] Key                     | Status     |  | 
[19:14:49]   [container-err] ------------------------+------------+--+-
[19:14:49]   [container-err] embeddings.position_ids | UNEXPECTED |  | 
[19:14:49]   [container-err] 
[19:14:49]   [container-err] Notes:
[19:14:49]   [container-err] - UNEXPECTED:	can be ignored when loading from different task/architecture; not ok if you expect identical arch.
[19:14:49] [clawbench_xdom-003_qwen3.6-27b_20260520_111317] Agent finished in 87.79s, returncode=0
[19:14:49] [clawbench_xdom-003_qwen3.6-27b_20260520_111317] Agent result: passed=True, score=1.0000
[19:14:49] [xdom-003] Result saved to /Volumes/F/work/ClawEvalkit-private-emnlp/outputs/harness/memory/clawbench-official/qwen3.6-27b/xdom-003.json
[19:14:52] [clawbench_xdom-005_qwen3.6-27b_20260520_111449] Container started
[19:14:52] [xdom-005] Harness detected, timeout adjusted: 300 → 480
[19:17:03]   [container] [setup] 运行 setup.sh: /app/claw-bench/tasks/cross-domain/xdom-004-log-to-alert/environment/setup.sh
[19:17:03]   [container] [setup] setup.sh 失败 (rc=1)
[19:17:03]   [container] [setup] stderr: cp: cannot stat '/app/claw-bench/tasks/cross-domain/xdom-004-log-to-alert/environment/data/application.log': No such file or directory
[19:17:03]   [container] 
[19:17:03]   [container] [setup] 重试 (bash -x) ...
[19:17:03]   [container] [setup] 重试也失败 (rc=1)
[19:17:03]   [container] [setup] stderr: + set -euo pipefail
[19:17:03]   [container] +++ dirname /app/claw-bench/tasks/cross-domain/xdom-004-log-to-alert/environment/setup.sh
[19:17:03]   [container] ++ cd /app/claw-bench/tasks/cross-domain/xdom-004-log-to-alert/environment/..
[19:17:03]   [container] ++ pwd
[19:17:03]   [container] + TASK_DIR=/app/claw-bench/tasks/cross-domain/xdom-004-log-to-alert
[19:17:03]   [container] + WORKSPACE=/tmp/clawbench_workspace
[19:17:03]   [container] + mkdir -p /tmp/clawbench_workspace
[19:17:03]   [container] + cp /app/claw-bench/tasks/cross-domain/xdom-004-log-to-alert/environment/data/application.log /tmp/clawbench_workspace/application.log
[19:17:03]   [container] cp: cannot stat '/app/claw-bench/tasks/cross-domain/xdom-004-log-to-alert/environment/data/application.log': No such file or directory
[19:17:03]   [container] 
[19:17:03]   [container] [setup] 工作空间文件: ['alert_rules.json', 'instruction.md']
[19:17:03]   [container] DONE
[19:17:03]   [container-err] Loading weights:   0%|          | 0/103 [00:00<?, ?it/s]
[19:17:03]   [container-err] Loading weights: 100%|██████████| 103/103 [00:00<00:00, 30320.98it/s]
[19:17:03]   [container-err] [1mBertModel LOAD REPORT[0m from: sentence-transformers/all-MiniLM-L6-v2
[19:17:03]   [container-err] Key                     | Status     |  | 
[19:17:03]   [container-err] ------------------------+------------+--+-
[19:17:03]   [container-err] embeddings.position_ids | UNEXPECTED |  | 
[19:17:03]   [container-err] 
[19:17:03]   [container-err] Notes:
[19:17:03]   [container-err] - UNEXPECTED:	can be ignored when loading from different task/architecture; not ok if you expect identical arch.
[19:17:03] [clawbench_xdom-004_qwen3.6-27b_20260520_111352] Agent finished in 188.15s, returncode=0
[19:17:03] [clawbench_xdom-004_qwen3.6-27b_20260520_111352] Agent result: passed=False, score=0.9474
[19:17:04] [xdom-004] Result saved to /Volumes/F/work/ClawEvalkit-private-emnlp/outputs/harness/memory/clawbench-official/qwen3.6-27b/xdom-004.json
[19:17:08] [clawbench_xdom-006_qwen3.6-27b_20260520_111704] Container started
[19:17:08] [xdom-006] Harness detected, timeout adjusted: 300 → 480
[19:18:18]   [container] [setup] 运行 setup.sh: /app/claw-bench/tasks/cross-domain/xdom-006-csv-data-pipeline/environment/setup.sh
[19:18:18]   [container] [setup] setup.sh 成功
[19:18:18]   [container] [setup] 工作空间文件: ['input.csv', 'pipeline_config.json', 'instruction.md']
[19:18:18]   [container] DONE
[19:18:18]   [container-err] Loading weights:   0%|          | 0/103 [00:00<?, ?it/s]
[19:18:18]   [container-err] Loading weights: 100%|██████████| 103/103 [00:00<00:00, 26215.99it/s]
[19:18:18]   [container-err] [1mBertModel LOAD REPORT[0m from: sentence-transformers/all-MiniLM-L6-v2
[19:18:18]   [container-err] Key                     | Status     |  | 
[19:18:18]   [container-err] ------------------------+------------+--+-
[19:18:18]   [container-err] embeddings.position_ids | UNEXPECTED |  | 
[19:18:18]   [container-err] 
[19:18:18]   [container-err] Notes:
[19:18:18]   [container-err] - UNEXPECTED:	can be ignored when loading from different task/architecture; not ok if you expect identical arch.
[19:18:18] [clawbench_xdom-006_qwen3.6-27b_20260520_111704] Agent finished in 70.17s, returncode=0
[19:18:18] [clawbench_xdom-006_qwen3.6-27b_20260520_111704] Agent result: passed=False, score=0.8571
[19:18:19] [xdom-006] Result saved to /Volumes/F/work/ClawEvalkit-private-emnlp/outputs/harness/memory/clawbench-official/qwen3.6-27b/xdom-006.json
[19:18:22] [clawbench_xdom-007_qwen3.6-27b_20260520_111819] Container started
[19:18:22] [xdom-007] Harness detected, timeout adjusted: 300 → 480
[19:18:53]   [container] [setup] 运行 setup.sh: /app/claw-bench/tasks/cross-domain/xdom-005-requirements-to-tests/environment/setup.sh
[19:18:53]   [container] [setup] setup.sh 成功
[19:18:53]   [container] [setup] 工作空间文件: ['requirements.md', 'instruction.md']
[19:18:53]   [container] DONE
[19:18:53]   [container-err] Loading weights:   0%|          | 0/103 [00:00<?, ?it/s]
[19:18:53]   [container-err] Loading weights: 100%|██████████| 103/103 [00:00<00:00, 23071.47it/s]
[19:18:53]   [container-err] [1mBertModel LOAD REPORT[0m from: sentence-transformers/all-MiniLM-L6-v2
[19:18:53]   [container-err] Key                     | Status     |  | 
[19:18:53]   [container-err] ------------------------+------------+--+-
[19:18:53]   [container-err] embeddings.position_ids | UNEXPECTED |  | 
[19:18:53]   [container-err] 
[19:18:53]   [container-err] Notes:
[19:18:53]   [container-err] - UNEXPECTED:	can be ignored when loading from different task/architecture; not ok if you expect identical arch.
[19:18:53] [clawbench_xdom-005_qwen3.6-27b_20260520_111449] Agent finished in 241.57s, returncode=0
[19:18:53] [clawbench_xdom-005_qwen3.6-27b_20260520_111449] Agent result: passed=True, score=1.0000
[19:18:54] [xdom-005] Result saved to /Volumes/F/work/ClawEvalkit-private-emnlp/outputs/harness/memory/clawbench-official/qwen3.6-27b/xdom-005.json
[19:18:59] [clawbench_xdom-008_qwen3.6-27b_20260520_111854] Container started
[19:18:59] [xdom-008] Harness detected, timeout adjusted: 300 → 480
[19:20:08]   [container] [setup] 运行 setup.sh: /app/claw-bench/tasks/cross-domain/xdom-007-multi-format-conversion/environment/setup.sh
[19:20:08]   [container] [setup] setup.sh 成功
[19:20:08]   [container] [setup] 工作空间文件: ['config.json', 'data.csv', 'instruction.md', 'notes.md']
[19:20:08]   [container] DONE
[19:20:08]   [container-err] Loading weights:   0%|          | 0/103 [00:00<?, ?it/s]
[19:20:08]   [container-err] Loading weights: 100%|██████████| 103/103 [00:00<00:00, 42892.51it/s]
[19:20:08]   [container-err] [1mBertModel LOAD REPORT[0m from: sentence-transformers/all-MiniLM-L6-v2
[19:20:08]   [container-err] Key                     | Status     |  | 
[19:20:08]   [container-err] ------------------------+------------+--+-
[19:20:08]   [container-err] embeddings.position_ids | UNEXPECTED |  | 
[19:20:08]   [container-err] 
[19:20:08]   [container-err] Notes:
[19:20:08]   [container-err] - UNEXPECTED:	can be ignored when loading from different task/architecture; not ok if you expect identical arch.
[19:20:08] [clawbench_xdom-007_qwen3.6-27b_20260520_111819] Agent finished in 106.29s, returncode=0
[19:20:08] [clawbench_xdom-007_qwen3.6-27b_20260520_111819] Agent result: passed=True, score=1.0000
[19:20:09] [xdom-007] Result saved to /Volumes/F/work/ClawEvalkit-private-emnlp/outputs/harness/memory/clawbench-official/qwen3.6-27b/xdom-007.json
[19:20:12] [clawbench_xdom-009_qwen3.6-27b_20260520_112009] Container started
[19:20:12] [xdom-009] Harness detected, timeout adjusted: 600 → 780
[19:22:16]   [container] [setup] 运行 setup.sh: /app/claw-bench/tasks/cross-domain/xdom-008-security-audit-remediation/environment/setup.sh
[19:22:16]   [container] [setup] setup.sh 成功
[19:22:16]   [container] [setup] 工作空间文件: ['auth.py', 'instruction.md', 'api.py', 'utils.py']
[19:22:16]   [container] DONE
[19:22:16]   [container-err] Loading weights:   0%|          | 0/103 [00:00<?, ?it/s]
[19:22:16]   [container-err] Loading weights: 100%|██████████| 103/103 [00:00<00:00, 54963.53it/s]
[19:22:16]   [container-err] [1mBertModel LOAD REPORT[0m from: sentence-transformers/all-MiniLM-L6-v2
[19:22:16]   [container-err] Key                     | Status     |  | 
[19:22:16]   [container-err] ------------------------+------------+--+-
[19:22:16]   [container-err] embeddings.position_ids | UNEXPECTED |  | 
[19:22:16]   [container-err] 
[19:22:16]   [container-err] Notes:
[19:22:16]   [container-err] - UNEXPECTED:	can be ignored when loading from different task/architecture; not ok if you expect identical arch.
[19:22:16] [clawbench_xdom-008_qwen3.6-27b_20260520_111854] Agent finished in 196.89s, returncode=0
[19:22:16] [clawbench_xdom-008_qwen3.6-27b_20260520_111854] Agent result: passed=False, score=0.9524
[19:22:17] [xdom-008] Result saved to /Volumes/F/work/ClawEvalkit-private-emnlp/outputs/harness/memory/clawbench-official/qwen3.6-27b/xdom-008.json
[19:22:19] [clawbench_xdom-010_qwen3.6-27b_20260520_112217] Container started
[19:22:19] [xdom-010] Harness detected, timeout adjusted: 600 → 780
[19:23:18]   [container] [setup] 运行 setup.sh: /app/claw-bench/tasks/cross-domain/xdom-009-full-project-setup/environment/setup.sh
[19:23:18]   [container] [setup] setup.sh 成功
[19:23:18]   [container] [setup] 工作空间文件: ['project_brief.md', 'instruction.md']
[19:23:18]   [container] DONE
[19:23:18]   [container-err] Loading weights:   0%|          | 0/103 [00:00<?, ?it/s]
[19:23:18]   [container-err] Loading weights: 100%|██████████| 103/103 [00:00<00:00, 14907.29it/s]
[19:23:18]   [container-err] [1mBertModel LOAD REPORT[0m from: sentence-transformers/all-MiniLM-L6-v2
[19:23:18]   [container-err] Key                     | Status     |  | 
[19:23:18]   [container-err] ------------------------+------------+--+-
[19:23:18]   [container-err] embeddings.position_ids | UNEXPECTED |  | 
[19:23:18]   [container-err] 
[19:23:18]   [container-err] Notes:
[19:23:18]   [container-err] - UNEXPECTED:	can be ignored when loading from different task/architecture; not ok if you expect identical arch.
[19:23:18] [clawbench_xdom-009_qwen3.6-27b_20260520_112009] Agent finished in 185.53s, returncode=0
[19:23:18] [clawbench_xdom-009_qwen3.6-27b_20260520_112009] Agent result: passed=False, score=0.9615
[19:23:18] [xdom-009] Result saved to /Volumes/F/work/ClawEvalkit-private-emnlp/outputs/harness/memory/clawbench-official/qwen3.6-27b/xdom-009.json
[19:23:21] [clawbench_xdom-011_qwen3.6-27b_20260520_112318] Container started
[19:23:21] [xdom-011] Harness detected, timeout adjusted: 600 → 780
[19:25:30]   [container] [setup] 运行 setup.sh: /app/claw-bench/tasks/cross-domain/xdom-010-incident-response/environment/setup.sh
[19:25:30]   [container] [setup] setup.sh 失败 (rc=1)
[19:25:30]   [container] [setup] stderr: cp: cannot stat '/app/claw-bench/tasks/cross-domain/xdom-010-incident-response/environment/data/service.log': No such file or directory
[19:25:30]   [container] 
[19:25:30]   [container] [setup] 重试 (bash -x) ...
[19:25:30]   [container] [setup] 重试也失败 (rc=1)
[19:25:30]   [container] [setup] stderr: + set -euo pipefail
[19:25:30]   [container] +++ dirname /app/claw-bench/tasks/cross-domain/xdom-010-incident-response/environment/setup.sh
[19:25:30]   [container] ++ cd /app/claw-bench/tasks/cross-domain/xdom-010-incident-response/environment/..
[19:25:30]   [container] ++ pwd
[19:25:30]   [container] + TASK_DIR=/app/claw-bench/tasks/cross-domain/xdom-010-incident-response
[19:25:30]   [container] + WORKSPACE=/tmp/clawbench_workspace
[19:25:30]   [container] + mkdir -p /tmp/clawbench_workspace/incident_data
[19:25:30]   [container] + cp /app/claw-bench/tasks/cross-domain/xdom-010-incident-response/environment/data/service.log /tmp/clawbench_workspace/incident_data/service.log
[19:25:30]   [container] cp: cannot stat '/app/claw-bench/tasks/cross-domain/xdom-010-incident-response/environment/data/service.log': No such file or directory
[19:25:30]   [container] 
[19:25:30]   [container] [setup] 工作空间文件: ['alerts.json', 'team_contacts.json', 'instruction.md', 'config_change.json']
[19:25:30]   [container] DONE
[19:25:30]   [container-err] Loading weights:   0%|          | 0/103 [00:00<?, ?it/s]
[19:25:30]   [container-err] Loading weights: 100%|██████████| 103/103 [00:00<00:00, 11274.13it/s]
[19:25:30]   [container-err] [1mBertModel LOAD REPORT[0m from: sentence-transformers/all-MiniLM-L6-v2
[19:25:30]   [container-err] Key                     | Status     |  | 
[19:25:30]   [container-err] ------------------------+------------+--+-
[19:25:30]   [container-err] embeddings.position_ids | UNEXPECTED |  | 
[19:25:30]   [container-err] 
[19:25:30]   [container-err] Notes:
[19:25:30]   [container-err] - UNEXPECTED:	can be ignored when loading from different task/architecture; not ok if you expect identical arch.
[19:25:30] [clawbench_xdom-010_qwen3.6-27b_20260520_112217] Agent finished in 191.15s, returncode=0
[19:25:30] [clawbench_xdom-010_qwen3.6-27b_20260520_112217] Agent result: passed=False, score=0.8000
[19:25:31] [xdom-010] Result saved to /Volumes/F/work/ClawEvalkit-private-emnlp/outputs/harness/memory/clawbench-official/qwen3.6-27b/xdom-010.json
[19:25:35] [clawbench_xdom-012_qwen3.6-27b_20260520_112531] Container started
[19:25:35] [xdom-012] Harness detected, timeout adjusted: 600 → 780
[19:28:32]   [container] [setup] 运行 setup.sh: /app/claw-bench/tasks/cross-domain/xdom-011-data-migration-plan/environment/setup.sh
[19:28:32]   [container] [setup] setup.sh 成功
[19:28:32]   [container] [setup] 工作空间文件: ['source_schema.json', 'sample_data.csv', 'target_schema.json', 'instruction.md']
[19:28:32]   [container] DONE
[19:28:32]   [container-err] Loading weights:   0%|          | 0/103 [00:00<?, ?it/s]
[19:28:32]   [container-err] Loading weights: 100%|██████████| 103/103 [00:00<00:00, 14571.42it/s]
[19:28:32]   [container-err] [1mBertModel LOAD REPORT[0m from: sentence-transformers/all-MiniLM-L6-v2
[19:28:32]   [container-err] Key                     | Status     |  | 
[19:28:32]   [container-err] ------------------------+------------+--+-
[19:28:32]   [container-err] embeddings.position_ids | UNEXPECTED |  | 
[19:28:32]   [container-err] 
[19:28:32]   [container-err] Notes:
[19:28:32]   [container-err] - UNEXPECTED:	can be ignored when loading from different task/architecture; not ok if you expect identical arch.
[19:28:32] [clawbench_xdom-011_qwen3.6-27b_20260520_112318] Agent finished in 311.16s, returncode=0
[19:28:32] [clawbench_xdom-011_qwen3.6-27b_20260520_112318] Agent result: passed=False, score=0.9167
[19:28:34] [xdom-011] Result saved to /Volumes/F/work/ClawEvalkit-private-emnlp/outputs/harness/memory/clawbench-official/qwen3.6-27b/xdom-011.json
[19:28:37] [clawbench_xdom-013_qwen3.6-27b_20260520_112834] Container started
[19:28:37] [xdom-013] Harness detected, timeout adjusted: 600 → 780
[19:32:29]   [container] [setup] 运行 setup.sh: /app/claw-bench/tasks/cross-domain/xdom-013-incident-response-pipeline/environment/setup.sh
[19:32:29]   [container] [setup] setup.sh 成功
[19:32:29]   [container] [setup] 工作空间文件: ['runbook.md', 'instruction.md', 'network.yaml']
[19:32:29]   [container] DONE
[19:32:29]   [container-err] Loading weights:   0%|          | 0/103 [00:00<?, ?it/s]
[19:32:29]   [container-err] Loading weights: 100%|██████████| 103/103 [00:00<00:00, 24673.79it/s]
[19:32:29]   [container-err] [1mBertModel LOAD REPORT[0m from: sentence-transformers/all-MiniLM-L6-v2
[19:32:29]   [container-err] Key                     | Status     |  | 
[19:32:29]   [container-err] ------------------------+------------+--+-
[19:32:29]   [container-err] embeddings.position_ids | UNEXPECTED |  | 
[19:32:29]   [container-err] 
[19:32:29]   [container-err] Notes:
[19:32:29]   [container-err] - UNEXPECTED:	can be ignored when loading from different task/architecture; not ok if you expect identical arch.
[19:32:29] [clawbench_xdom-013_qwen3.6-27b_20260520_112834] Agent finished in 231.84s, returncode=0
[19:32:29] [clawbench_xdom-013_qwen3.6-27b_20260520_112834] Agent result: passed=True, score=1.0000
[19:32:29] [xdom-013] Result saved to /Volumes/F/work/ClawEvalkit-private-emnlp/outputs/harness/memory/clawbench-official/qwen3.6-27b/xdom-013.json
[19:32:33] [clawbench_xdom-014_qwen3.6-27b_20260520_113229] Container started
[19:32:33] [xdom-014] Harness detected, timeout adjusted: 600 → 780
[19:33:11]   [container] [setup] 运行 setup.sh: /app/claw-bench/tasks/cross-domain/xdom-012-automated-docs-generator/environment/setup.sh
[19:33:11]   [container] [setup] setup.sh 成功
[19:33:11]   [container] [setup] 工作空间文件: ['auth.py', 'models.py', 'database.py', 'instruction.md', 'api.py', 'utils.py']
[19:33:11]   [container] DONE
[19:33:11]   [container-err] Loading weights:   0%|          | 0/103 [00:00<?, ?it/s]
[19:33:11]   [container-err] Loading weights: 100%|██████████| 103/103 [00:00<00:00, 41583.72it/s]
[19:33:11]   [container-err] [1mBertModel LOAD REPORT[0m from: sentence-transformers/all-MiniLM-L6-v2
[19:33:11]   [container-err] Key                     | Status     |  | 
[19:33:11]   [container-err] ------------------------+------------+--+-
[19:33:11]   [container-err] embeddings.position_ids | UNEXPECTED |  | 
[19:33:11]   [container-err] 
[19:33:11]   [container-err] Notes:
[19:33:11]   [container-err] - UNEXPECTED:	can be ignored when loading from different task/architecture; not ok if you expect identical arch.
[19:33:11] [clawbench_xdom-012_qwen3.6-27b_20260520_112531] Agent finished in 456.03s, returncode=0
[19:33:11] [clawbench_xdom-012_qwen3.6-27b_20260520_112531] Agent result: passed=True, score=1.0000
[19:33:12] [xdom-012] Result saved to /Volumes/F/work/ClawEvalkit-private-emnlp/outputs/harness/memory/clawbench-official/qwen3.6-27b/xdom-012.json
[19:33:16] [clawbench_xdom-015_qwen3.6-27b_20260520_113312] Container started
[19:33:16] [xdom-015] Harness detected, timeout adjusted: 600 → 780
[19:38:40]   [container] [setup] 运行 setup.sh: /app/claw-bench/tasks/cross-domain/xdom-014-data-driven-email-campaign/environment/setup.sh
[19:38:40]   [container] [setup] setup.sh 成功
[19:38:40]   [container] [setup] 工作空间文件: ['customers.csv', 'rules.toml', 'instruction.md']
[19:38:40]   [container] DONE
[19:38:40]   [container-err] Loading weights:   0%|          | 0/103 [00:00<?, ?it/s]
[19:38:40]   [container-err] Loading weights: 100%|██████████| 103/103 [00:00<00:00, 21825.47it/s]
[19:38:40]   [container-err] [1mBertModel LOAD REPORT[0m from: sentence-transformers/all-MiniLM-L6-v2
[19:38:40]   [container-err] Key                     | Status     |  | 
[19:38:40]   [container-err] ------------------------+------------+--+-
[19:38:40]   [container-err] embeddings.position_ids | UNEXPECTED |  | 
[19:38:40]   [container-err] 
[19:38:40]   [container-err] Notes:
[19:38:40]   [container-err] - UNEXPECTED:	can be ignored when loading from different task/architecture; not ok if you expect identical arch.
[19:38:40] [clawbench_xdom-014_qwen3.6-27b_20260520_113229] Agent finished in 367.25s, returncode=0
[19:38:40] [clawbench_xdom-014_qwen3.6-27b_20260520_113229] Agent result: passed=False, score=0.6800
[19:38:40] [xdom-014] Result saved to /Volumes/F/work/ClawEvalkit-private-emnlp/outputs/harness/memory/clawbench-official/qwen3.6-27b/xdom-014.json
[19:38:43] [clawbench_xdom-016_qwen3.6-27b_20260520_113840] Container started
[19:38:43] [xdom-016] Harness detected, timeout adjusted: 240 → 420
[19:39:17]   [container] [setup] 运行 setup.sh: /app/claw-bench/tasks/cross-domain/xdom-016-meeting-to-tasks/environment/setup.sh
[19:39:17]   [container] [setup] setup.sh 成功
[19:39:17]   [container] [setup] 工作空间文件: ['meeting_notes.md', 'instruction.md']
[19:39:17]   [container] DONE
[19:39:17]   [container-err] Loading weights:   0%|          | 0/103 [00:00<?, ?it/s]
[19:39:17]   [container-err] Loading weights: 100%|██████████| 103/103 [00:00<00:00, 64287.70it/s]
[19:39:17]   [container-err] [1mBertModel LOAD REPORT[0m from: sentence-transformers/all-MiniLM-L6-v2
[19:39:17]   [container-err] Key                     | Status     |  | 
[19:39:17]   [container-err] ------------------------+------------+--+-
[19:39:17]   [container-err] embeddings.position_ids | UNEXPECTED |  | 
[19:39:17]   [container-err] 
[19:39:17]   [container-err] Notes:
[19:39:17]   [container-err] - UNEXPECTED:	can be ignored when loading from different task/architecture; not ok if you expect identical arch.
[19:39:17] [clawbench_xdom-016_qwen3.6-27b_20260520_113840] Agent finished in 34.56s, returncode=0
[19:39:17] [clawbench_xdom-016_qwen3.6-27b_20260520_113840] Agent result: passed=True, score=1.0000
[19:39:18] [xdom-016] Result saved to /Volumes/F/work/ClawEvalkit-private-emnlp/outputs/harness/memory/clawbench-official/qwen3.6-27b/xdom-016.json
[19:39:22] [clawbench_xdom-017_qwen3.6-27b_20260520_113918] Container started
[19:39:22] [xdom-017] Harness detected, timeout adjusted: 240 → 420
[19:39:57]   [container] [setup] 运行 setup.sh: /app/claw-bench/tasks/cross-domain/xdom-017-travel-itinerary/environment/setup.sh
[19:39:57]   [container] [setup] setup.sh 成功
[19:39:57]   [container] [setup] 工作空间文件: ['meetings.json', 'instruction.md', 'flight_booking.json', 'hotel_booking.json']
[19:39:57]   [container] DONE
[19:39:57]   [container-err] Loading weights:   0%|          | 0/103 [00:00<?, ?it/s]
[19:39:57]   [container-err] Loading weights: 100%|██████████| 103/103 [00:00<00:00, 64249.45it/s]
[19:39:57]   [container-err] [1mBertModel LOAD REPORT[0m from: sentence-transformers/all-MiniLM-L6-v2
[19:39:57]   [container-err] Key                     | Status     |  | 
[19:39:57]   [container-err] ------------------------+------------+--+-
[19:39:57]   [container-err] embeddings.position_ids | UNEXPECTED |  | 
[19:39:57]   [container-err] 
[19:39:57]   [container-err] Notes:
[19:39:57]   [container-err] - UNEXPECTED:	can be ignored when loading from different task/architecture; not ok if you expect identical arch.
[19:39:57] [clawbench_xdom-017_qwen3.6-27b_20260520_113918] Agent finished in 34.50s, returncode=0
[19:39:57] [clawbench_xdom-017_qwen3.6-27b_20260520_113918] Agent result: passed=True, score=1.0000
[19:39:58] [xdom-017] Result saved to /Volumes/F/work/ClawEvalkit-private-emnlp/outputs/harness/memory/clawbench-official/qwen3.6-27b/xdom-017.json
[19:40:00] [clawbench_cs-001-api-rate-limiter_qwen3.6-27b_20260520_113958] Container started
[19:40:00] [cs-001-api-rate-limiter] Harness detected, timeout adjusted: 3600 → 3780
[19:41:06]   [container] [setup] 运行 setup.sh: /app/claw-bench/tasks/cs-engineering/cs-001-api-rate-limiter/environment/setup.sh
[19:41:06]   [container] [setup] setup.sh 成功
[19:41:06]   [container] [setup] 工作空间文件: ['instruction.md']
[19:41:06]   [container] DONE
[19:41:06]   [container-err] Loading weights:   0%|          | 0/103 [00:00<?, ?it/s]
[19:41:06]   [container-err] Loading weights: 100%|██████████| 103/103 [00:00<00:00, 27443.36it/s]
[19:41:06]   [container-err] [1mBertModel LOAD REPORT[0m from: sentence-transformers/all-MiniLM-L6-v2
[19:41:06]   [container-err] Key                     | Status     |  | 
[19:41:06]   [container-err] ------------------------+------------+--+-
[19:41:06]   [container-err] embeddings.position_ids | UNEXPECTED |  | 
[19:41:06]   [container-err] 
[19:41:06]   [container-err] Notes:
[19:41:06]   [container-err] - UNEXPECTED:	can be ignored when loading from different task/architecture; not ok if you expect identical arch.
[19:41:06] [clawbench_cs-001-api-rate-limiter_qwen3.6-27b_20260520_113958] Agent finished in 65.80s, returncode=0
[19:41:06] [clawbench_cs-001-api-rate-limiter_qwen3.6-27b_20260520_113958] Agent result: passed=True, score=1.0000
[19:41:06] [cs-001-api-rate-limiter] Result saved to /Volumes/F/work/ClawEvalkit-private-emnlp/outputs/harness/memory/clawbench-official/qwen3.6-27b/cs-001-api-rate-limiter.json
[19:41:10] [clawbench_cs-002-db-migration_qwen3.6-27b_20260520_114106] Container started
[19:41:10] [cs-002-db-migration] Harness detected, timeout adjusted: 3600 → 3780
[19:42:30]   [container] [setup] 运行 setup.sh: /app/claw-bench/tasks/cs-engineering/cs-002-db-migration/environment/setup.sh
[19:42:30]   [container] [setup] setup.sh 失败 (rc=127)
[19:42:30]   [container] [setup] stderr: /app/claw-bench/tasks/cs-engineering/cs-002-db-migration/environment/setup.sh: line 9: sqlite3: command not found
[19:42:30]   [container] 
[19:42:30]   [container] [setup] 重试 (bash -x) ...
[19:42:30]   [container] [setup] 重试也失败 (rc=127)
[19:42:30]   [container] [setup] stderr: + set -euo pipefail
[19:42:30]   [container] + WORKSPACE=/tmp/clawbench_workspace
[19:42:30]   [container] + export WORKSPACE
[19:42:30]   [container] + mkdir -p /tmp/clawbench_workspace
[19:42:30]   [container] + sqlite3 /tmp/clawbench_workspace/app.db
[19:42:30]   [container] /app/claw-bench/tasks/cs-engineering/cs-002-db-migration/environment/setup.sh: line 9: sqlite3: command not found
[19:42:30]   [container] 
[19:42:30]   [container] [setup] 工作空间文件: ['instruction.md']
[19:42:30]   [container] DONE
[19:42:30]   [container-err] Loading weights:   0%|          | 0/103 [00:00<?, ?it/s]
[19:42:30]   [container-err] Loading weights: 100%|██████████| 103/103 [00:00<00:00, 37488.14it/s]
[19:42:30]   [container-err] [1mBertModel LOAD REPORT[0m from: sentence-transformers/all-MiniLM-L6-v2
[19:42:30]   [container-err] Key                     | Status     |  | 
[19:42:30]   [container-err] ------------------------+------------+--+-
[19:42:30]   [container-err] embeddings.position_ids | UNEXPECTED |  | 
[19:42:30]   [container-err] 
[19:42:30]   [container-err] Notes:
[19:42:30]   [container-err] - UNEXPECTED:	can be ignored when loading from different task/architecture; not ok if you expect identical arch.
[19:42:30] [clawbench_cs-002-db-migration_qwen3.6-27b_20260520_114106] Agent finished in 80.19s, returncode=0
[19:42:30] [clawbench_cs-002-db-migration_qwen3.6-27b_20260520_114106] Agent result: passed=False, score=0.3333
[19:42:31] [cs-002-db-migration] Result saved to /Volumes/F/work/ClawEvalkit-private-emnlp/outputs/harness/memory/clawbench-official/qwen3.6-27b/cs-002-db-migration.json
[19:42:33] [clawbench_cs-003-log-analyzer_qwen3.6-27b_20260520_114231] Container started
[19:42:33] [cs-003-log-analyzer] Harness detected, timeout adjusted: 3600 → 3780
[19:44:39]   [container] [setup] 运行 setup.sh: /app/claw-bench/tasks/cross-domain/xdom-015-automated-code-review-report/environment/setup.sh
[19:44:39]   [container] [setup] setup.sh 成功
[19:44:39]   [container] [setup] 工作空间文件: ['changes.diff', 'instruction.md', 'project.toml', 'standards.md']
[19:44:39]   [container] [_run_loop] Empty response at iteration 4, retrying once
[19:44:39]   [container] [_run_loop] Retry still empty at iteration 4, returning
[19:44:39]   [container] DONE
[19:44:39]   [container-err] Loading weights:   0%|          | 0/103 [00:00<?, ?it/s]
[19:44:39]   [container-err] Loading weights: 100%|██████████| 103/103 [00:00<00:00, 31674.85it/s]
[19:44:39]   [container-err] [1mBertModel LOAD REPORT[0m from: sentence-transformers/all-MiniLM-L6-v2
[19:44:39]   [container-err] Key                     | Status     |  | 
[19:44:39]   [container-err] ------------------------+------------+--+-
[19:44:39]   [container-err] embeddings.position_ids | UNEXPECTED |  | 
[19:44:39]   [container-err] 
[19:44:39]   [container-err] Notes:
[19:44:39]   [container-err] - UNEXPECTED:	can be ignored when loading from different task/architecture; not ok if you expect identical arch.
[19:44:39] [clawbench_xdom-015_qwen3.6-27b_20260520_113312] Agent finished in 683.21s, returncode=0
[19:44:39] [clawbench_xdom-015_qwen3.6-27b_20260520_113312] Agent result: passed=True, score=0.1290
[19:44:40] [xdom-015] Result saved to /Volumes/F/work/ClawEvalkit-private-emnlp/outputs/harness/memory/clawbench-official/qwen3.6-27b/xdom-015.json
[19:44:41]   [container] [setup] 运行 setup.sh: /app/claw-bench/tasks/cs-engineering/cs-003-log-analyzer/environment/setup.sh
[19:44:41]   [container] [setup] setup.sh 成功
[19:44:41]   [container] [setup] 工作空间文件: ['instruction.md', 'server.log']
[19:44:41]   [container] DONE
[19:44:41]   [container-err] Loading weights:   0%|          | 0/103 [00:00<?, ?it/s]
[19:44:41]   [container-err] Loading weights: 100%|██████████| 103/103 [00:00<00:00, 23777.50it/s]
[19:44:41]   [container-err] [1mBertModel LOAD REPORT[0m from: sentence-transformers/all-MiniLM-L6-v2
[19:44:41]   [container-err] Key                     | Status     |  | 
[19:44:41]   [container-err] ------------------------+------------+--+-
[19:44:41]   [container-err] embeddings.position_ids | UNEXPECTED |  | 
[19:44:41]   [container-err] 
[19:44:41]   [container-err] Notes:
[19:44:41]   [container-err] - UNEXPECTED:	can be ignored when loading from different task/architecture; not ok if you expect identical arch.
[19:44:41] [clawbench_cs-003-log-analyzer_qwen3.6-27b_20260520_114231] Agent finished in 127.27s, returncode=0
[19:44:41] [clawbench_cs-003-log-analyzer_qwen3.6-27b_20260520_114231] Agent result: passed=False, score=0.5000
[19:44:42] [cs-003-log-analyzer] Result saved to /Volumes/F/work/ClawEvalkit-private-emnlp/outputs/harness/memory/clawbench-official/qwen3.6-27b/cs-003-log-analyzer.json
[19:44:43] [clawbench_cs-004-ci-pipeline_qwen3.6-27b_20260520_114440] Container started
[19:44:43] [cs-004-ci-pipeline] Harness detected, timeout adjusted: 3600 → 3780
[19:44:44] [clawbench_cs-005-api-design_qwen3.6-27b_20260520_114442] Container started
[19:44:44] [cs-005-api-design] Harness detected, timeout adjusted: 3600 → 3780
[19:47:07]   [container] [setup] 运行 setup.sh: /app/claw-bench/tasks/cs-engineering/cs-004-ci-pipeline/environment/setup.sh
[19:47:07]   [container] [setup] setup.sh 成功
[19:47:07]   [container] [setup] 工作空间文件: ['instruction.md']
[19:47:07]   [container] DONE
[19:47:07]   [container-err] Loading weights:   0%|          | 0/103 [00:00<?, ?it/s]
[19:47:07]   [container-err] Loading weights: 100%|██████████| 103/103 [00:00<00:00, 28191.94it/s]
[19:47:07]   [container-err] [1mBertModel LOAD REPORT[0m from: sentence-transformers/all-MiniLM-L6-v2
[19:47:07]   [container-err] Key                     | Status     |  | 
[19:47:07]   [container-err] ------------------------+------------+--+-
[19:47:07]   [container-err] embeddings.position_ids | UNEXPECTED |  | 
[19:47:07]   [container-err] 
[19:47:07]   [container-err] Notes:
[19:47:07]   [container-err] - UNEXPECTED:	can be ignored when loading from different task/architecture; not ok if you expect identical arch.
[19:47:07] [clawbench_cs-004-ci-pipeline_qwen3.6-27b_20260520_114440] Agent finished in 143.61s, returncode=0
[19:47:07] [clawbench_cs-004-ci-pipeline_qwen3.6-27b_20260520_114440] Agent result: passed=True, score=1.0000
[19:47:07] [cs-004-ci-pipeline] Result saved to /Volumes/F/work/ClawEvalkit-private-emnlp/outputs/harness/memory/clawbench-official/qwen3.6-27b/cs-004-ci-pipeline.json
[19:47:10] [clawbench_data-001_qwen3.6-27b_20260520_114707] Container started
[19:47:10] [data-001] Harness detected, timeout adjusted: 120 → 300
[19:48:04]   [container] [setup] 运行 setup.sh: /app/claw-bench/tasks/cs-engineering/cs-005-api-design/environment/setup.sh
[19:48:04]   [container] [setup] setup.sh 成功
[19:48:04]   [container] [setup] 工作空间文件: ['instruction.md', 'api_requirements.txt']
[19:48:04]   [container] DONE
[19:48:04]   [container-err] Loading weights:   0%|          | 0/103 [00:00<?, ?it/s]
[19:48:04]   [container-err] Loading weights: 100%|██████████| 103/103 [00:00<00:00, 19816.22it/s]
[19:48:04]   [container-err] [1mBertModel LOAD REPORT[0m from: sentence-transformers/all-MiniLM-L6-v2
[19:48:04]   [container-err] Key                     | Status     |  | 
[19:48:04]   [container-err] ------------------------+------------+--+-
[19:48:04]   [container-err] embeddings.position_ids | UNEXPECTED |  | 
[19:48:04]   [container-err] 
[19:48:04]   [container-err] Notes:
[19:48:04]   [container-err] - UNEXPECTED:	can be ignored when loading from different task/architecture; not ok if you expect identical arch.
[19:48:04] [clawbench_cs-005-api-design_qwen3.6-27b_20260520_114442] Agent finished in 200.06s, returncode=0
[19:48:04] [clawbench_cs-005-api-design_qwen3.6-27b_20260520_114442] Agent result: passed=False, score=0.8000
[19:48:05] [cs-005-api-design] Result saved to /Volumes/F/work/ClawEvalkit-private-emnlp/outputs/harness/memory/clawbench-official/qwen3.6-27b/cs-005-api-design.json
[19:48:07] [clawbench_data-002_qwen3.6-27b_20260520_114805] Container started
[19:48:07] [data-002] Harness detected, timeout adjusted: 120 → 300
[19:49:27]   [container] [setup] 运行 setup.sh: /app/claw-bench/tasks/data-analysis/data-001/environment/setup.sh
[19:49:27]   [container] [setup] setup.sh 成功
[19:49:27]   [container] [setup] 工作空间文件: ['instruction.md', 'numbers.csv']
[19:49:27]   [container] DONE
[19:49:27]   [container-err] Loading weights:   0%|          | 0/103 [00:00<?, ?it/s]
[19:49:27]   [container-err] Loading weights: 100%|██████████| 103/103 [00:00<00:00, 44606.43it/s]
[19:49:27]   [container-err] [1mBertModel LOAD REPORT[0m from: sentence-transformers/all-MiniLM-L6-v2
[19:49:27]   [container-err] Key                     | Status     |  | 
[19:49:27]   [container-err] ------------------------+------------+--+-
[19:49:27]   [container-err] embeddings.position_ids | UNEXPECTED |  | 
[19:49:27]   [container-err] 
[19:49:27]   [container-err] Notes:
[19:49:27]   [container-err] - UNEXPECTED:	can be ignored when loading from different task/architecture; not ok if you expect identical arch.
[19:49:27] [clawbench_data-001_qwen3.6-27b_20260520_114707] Agent finished in 136.71s, returncode=0
[19:49:27] [clawbench_data-001_qwen3.6-27b_20260520_114707] Agent result: passed=False, score=0.9231
[19:49:27] [data-001] Result saved to /Volumes/F/work/ClawEvalkit-private-emnlp/outputs/harness/memory/clawbench-official/qwen3.6-27b/data-001.json
[19:49:30] [clawbench_data-003_qwen3.6-27b_20260520_114927] Container started
[19:49:30] [data-003] Harness detected, timeout adjusted: 120 → 300
[19:49:32]   [container] [setup] 运行 setup.sh: /app/claw-bench/tasks/data-analysis/data-002/environment/setup.sh
[19:49:32]   [container] [setup] setup.sh 成功
[19:49:32]   [container] [setup] 工作空间文件: ['people.csv', 'instruction.md']
[19:49:32]   [container] DONE
[19:49:32]   [container-err] Loading weights:   0%|          | 0/103 [00:00<?, ?it/s]
[19:49:32]   [container-err] Loading weights: 100%|██████████| 103/103 [00:00<00:00, 8009.59it/s]
[19:49:32]   [container-err] [1mBertModel LOAD REPORT[0m from: sentence-transformers/all-MiniLM-L6-v2
[19:49:32]   [container-err] Key                     | Status     |  | 
[19:49:32]   [container-err] ------------------------+------------+--+-
[19:49:32]   [container-err] embeddings.position_ids | UNEXPECTED |  | 
[19:49:32]   [container-err] 
[19:49:32]   [container-err] Notes:
[19:49:32]   [container-err] - UNEXPECTED:	can be ignored when loading from different task/architecture; not ok if you expect identical arch.
[19:49:32] [clawbench_data-002_qwen3.6-27b_20260520_114805] Agent finished in 85.17s, returncode=0
[19:49:32] [clawbench_data-002_qwen3.6-27b_20260520_114805] Agent result: passed=True, score=1.0000
[19:49:33] [data-002] Result saved to /Volumes/F/work/ClawEvalkit-private-emnlp/outputs/harness/memory/clawbench-official/qwen3.6-27b/data-002.json
[19:49:35] [clawbench_data-004_qwen3.6-27b_20260520_114933] Container started
[19:49:35] [data-004] Harness detected, timeout adjusted: 180 → 360
[19:50:06]   [container] [setup] 运行 setup.sh: /app/claw-bench/tasks/data-analysis/data-003/environment/setup.sh
[19:50:06]   [container] [setup] setup.sh 成功
[19:50:06]   [container] [setup] 工作空间文件: ['instruction.md', 'sales.csv']
[19:50:06]   [container] DONE
[19:50:06]   [container-err] Loading weights:   0%|          | 0/103 [00:00<?, ?it/s]
[19:50:06]   [container-err] Loading weights: 100%|██████████| 103/103 [00:00<00:00, 9541.56it/s]
[19:50:06]   [container-err] [1mBertModel LOAD REPORT[0m from: sentence-transformers/all-MiniLM-L6-v2
[19:50:06]   [container-err] Key                     | Status     |  | 
[19:50:06]   [container-err] ------------------------+------------+--+-
[19:50:06]   [container-err] embeddings.position_ids | UNEXPECTED |  | 
[19:50:06]   [container-err] 
[19:50:06]   [container-err] Notes:
[19:50:06]   [container-err] - UNEXPECTED:	can be ignored when loading from different task/architecture; not ok if you expect identical arch.
[19:50:06] [clawbench_data-003_qwen3.6-27b_20260520_114927] Agent finished in 35.96s, returncode=0
[19:50:06] [clawbench_data-003_qwen3.6-27b_20260520_114927] Agent result: passed=True, score=1.0000
[19:50:07] [data-003] Result saved to /Volumes/F/work/ClawEvalkit-private-emnlp/outputs/harness/memory/clawbench-official/qwen3.6-27b/data-003.json
[19:50:09] [clawbench_data-005_qwen3.6-27b_20260520_115007] Container started
[19:50:09] [data-005] Harness detected, timeout adjusted: 180 → 360
[19:51:04]   [container] [setup] 运行 setup.sh: /app/claw-bench/tasks/data-analysis/data-004/environment/setup.sh
[19:51:04]   [container] [setup] setup.sh 成功
[19:51:04]   [container] [setup] 工作空间文件: ['instruction.md', 'transactions.csv']
[19:51:04]   [container] DONE
[19:51:04]   [container-err] Loading weights:   0%|          | 0/103 [00:00<?, ?it/s]
[19:51:04]   [container-err] Loading weights: 100%|██████████| 103/103 [00:00<00:00, 18320.40it/s]
[19:51:04]   [container-err] [1mBertModel LOAD REPORT[0m from: sentence-transformers/all-MiniLM-L6-v2
[19:51:04]   [container-err] Key                     | Status     |  | 
[19:51:04]   [container-err] ------------------------+------------+--+-
[19:51:04]   [container-err] embeddings.position_ids | UNEXPECTED |  | 
[19:51:04]   [container-err] 
[19:51:04]   [container-err] Notes:
[19:51:04]   [container-err] - UNEXPECTED:	can be ignored when loading from different task/architecture; not ok if you expect identical arch.
[19:51:04] [clawbench_data-004_qwen3.6-27b_20260520_114933] Agent finished in 88.71s, returncode=0
[19:51:04] [clawbench_data-004_qwen3.6-27b_20260520_114933] Agent result: passed=True, score=1.0000
[19:51:04] [data-004] Result saved to /Volumes/F/work/ClawEvalkit-private-emnlp/outputs/harness/memory/clawbench-official/qwen3.6-27b/data-004.json
[19:51:07] [clawbench_data-006_qwen3.6-27b_20260520_115104] Container started
[19:51:07] [data-006] Harness detected, timeout adjusted: 180 → 360
[19:51:44]   [container] [setup] 运行 setup.sh: /app/claw-bench/tasks/data-analysis/data-005/environment/setup.sh
[19:51:44]   [container] [setup] setup.sh 成功
[19:51:44]   [container] [setup] 工作空间文件: ['instruction.md', 'measurements.csv']
[19:51:44]   [container] DONE
[19:51:44]   [container-err] Loading weights:   0%|          | 0/103 [00:00<?, ?it/s]
[19:51:44]   [container-err] Loading weights: 100%|██████████| 103/103 [00:00<00:00, 41191.20it/s]
[19:51:44]   [container-err] [1mBertModel LOAD REPORT[0m from: sentence-transformers/all-MiniLM-L6-v2
[19:51:44]   [container-err] Key                     | Status     |  | 
[19:51:44]   [container-err] ------------------------+------------+--+-
[19:51:44]   [container-err] embeddings.position_ids | UNEXPECTED |  | 
[19:51:44]   [container-err] 
[19:51:44]   [container-err] Notes:
[19:51:44]   [container-err] - UNEXPECTED:	can be ignored when loading from different task/architecture; not ok if you expect identical arch.
[19:51:44] [clawbench_data-005_qwen3.6-27b_20260520_115007] Agent finished in 95.14s, returncode=0
[19:51:44] [clawbench_data-005_qwen3.6-27b_20260520_115007] Agent result: passed=True, score=1.0000
[19:51:45] [data-005] Result saved to /Volumes/F/work/ClawEvalkit-private-emnlp/outputs/harness/memory/clawbench-official/qwen3.6-27b/data-005.json
[19:51:48] [clawbench_data-007_qwen3.6-27b_20260520_115145] Container started
[19:51:48] [data-007] Harness detected, timeout adjusted: 180 → 360
[19:52:10]   [container] [setup] 运行 setup.sh: /app/claw-bench/tasks/data-analysis/data-006/environment/setup.sh
[19:52:10]   [container] [setup] setup.sh 成功
[19:52:10]   [container] [setup] 工作空间文件: ['daily_sales.csv', 'instruction.md']
[19:52:10]   [container] DONE
[19:52:10]   [container-err] Loading weights:   0%|          | 0/103 [00:00<?, ?it/s]
[19:52:10]   [container-err] Loading weights: 100%|██████████| 103/103 [00:00<00:00, 99040.19it/s]
[19:52:10]   [container-err] [1mBertModel LOAD REPORT[0m from: sentence-transformers/all-MiniLM-L6-v2
[19:52:10]   [container-err] Key                     | Status     |  | 
[19:52:10]   [container-err] ------------------------+------------+--+-
[19:52:10]   [container-err] embeddings.position_ids | UNEXPECTED |  | 
[19:52:10]   [container-err] 
[19:52:10]   [container-err] Notes:
[19:52:10]   [container-err] - UNEXPECTED:	can be ignored when loading from different task/architecture; not ok if you expect identical arch.
[19:52:10] [clawbench_data-006_qwen3.6-27b_20260520_115104] Agent finished in 62.69s, returncode=0
[19:52:10] [clawbench_data-006_qwen3.6-27b_20260520_115104] Agent result: passed=True, score=1.0000
[19:52:10] [data-006] Result saved to /Volumes/F/work/ClawEvalkit-private-emnlp/outputs/harness/memory/clawbench-official/qwen3.6-27b/data-006.json
[19:52:13] [clawbench_data-008_qwen3.6-27b_20260520_115210] Container started
[19:52:13] [data-008] Harness detected, timeout adjusted: 240 → 420
[19:52:19]   [container] [setup] 运行 setup.sh: /app/claw-bench/tasks/data-analysis/data-007/environment/setup.sh
[19:52:19]   [container] [setup] setup.sh 成功
[19:52:19]   [container] [setup] 工作空间文件: ['customers.csv', 'orders.csv', 'instruction.md']
[19:52:19]   [container] DONE
[19:52:19]   [container-err] Loading weights:   0%|          | 0/103 [00:00<?, ?it/s]
[19:52:19]   [container-err] Loading weights: 100%|██████████| 103/103 [00:00<00:00, 30800.89it/s]
[19:52:19]   [container-err] [1mBertModel LOAD REPORT[0m from: sentence-transformers/all-MiniLM-L6-v2
[19:52:19]   [container-err] Key                     | Status     |  | 
[19:52:19]   [container-err] ------------------------+------------+--+-
[19:52:19]   [container-err] embeddings.position_ids | UNEXPECTED |  | 
[19:52:19]   [container-err] 
[19:52:19]   [container-err] Notes:
[19:52:19]   [container-err] - UNEXPECTED:	can be ignored when loading from different task/architecture; not ok if you expect identical arch.
[19:52:19] [clawbench_data-007_qwen3.6-27b_20260520_115145] Agent finished in 30.09s, returncode=0
[19:52:19] [clawbench_data-007_qwen3.6-27b_20260520_115145] Agent result: passed=True, score=1.0000
[19:52:19] [data-007] Result saved to /Volumes/F/work/ClawEvalkit-private-emnlp/outputs/harness/memory/clawbench-official/qwen3.6-27b/data-007.json
[19:52:21] [clawbench_data-009_qwen3.6-27b_20260520_115219] Container started
[19:52:21] [data-009] Harness detected, timeout adjusted: 240 → 420
[19:53:39]   [container] [setup] 运行 setup.sh: /app/claw-bench/tasks/data-analysis/data-008/environment/setup.sh
[19:53:39]   [container] [setup] setup.sh 成功
[19:53:39]   [container] [setup] 工作空间文件: ['instruction.md', 'dataset.csv']
[19:53:39]   [container] DONE
[19:53:39]   [container-err] Loading weights:   0%|          | 0/103 [00:00<?, ?it/s]
[19:53:39]   [container-err] Loading weights: 100%|██████████| 103/103 [00:00<00:00, 26154.09it/s]
[19:53:39]   [container-err] [1mBertModel LOAD REPORT[0m from: sentence-transformers/all-MiniLM-L6-v2
[19:53:39]   [container-err] Key                     | Status     |  | 
[19:53:39]   [container-err] ------------------------+------------+--+-
[19:53:39]   [container-err] embeddings.position_ids | UNEXPECTED |  | 
[19:53:39]   [container-err] 
[19:53:39]   [container-err] Notes:
[19:53:39]   [container-err] - UNEXPECTED:	can be ignored when loading from different task/architecture; not ok if you expect identical arch.
[19:53:39] [clawbench_data-008_qwen3.6-27b_20260520_115210] Agent finished in 85.58s, returncode=0
[19:53:39] [clawbench_data-008_qwen3.6-27b_20260520_115210] Agent result: passed=True, score=1.0000
[19:53:39] [data-008] Result saved to /Volumes/F/work/ClawEvalkit-private-emnlp/outputs/harness/memory/clawbench-official/qwen3.6-27b/data-008.json
[19:53:43] [clawbench_data-010_qwen3.6-27b_20260520_115339] Container started
[19:53:43] [data-010] Harness detected, timeout adjusted: 240 → 420
[19:54:15]   [container] [setup] 运行 setup.sh: /app/claw-bench/tasks/data-analysis/data-009/environment/setup.sh
[19:54:15]   [container] [setup] setup.sh 成功
[19:54:15]   [container] [setup] 工作空间文件: ['instruction.md', 'dirty_data.csv']
[19:54:15]   [container] DONE
[19:54:15]   [container-err] Loading weights:   0%|          | 0/103 [00:00<?, ?it/s]
[19:54:15]   [container-err] Loading weights: 100%|██████████| 103/103 [00:00<00:00, 32319.39it/s]
[19:54:15]   [container-err] [1mBertModel LOAD REPORT[0m from: sentence-transformers/all-MiniLM-L6-v2
[19:54:15]   [container-err] Key                     | Status     |  | 
[19:54:15]   [container-err] ------------------------+------------+--+-
[19:54:15]   [container-err] embeddings.position_ids | UNEXPECTED |  | 
[19:54:15]   [container-err] 
[19:54:15]   [container-err] Notes:
[19:54:15]   [container-err] - UNEXPECTED:	can be ignored when loading from different task/architecture; not ok if you expect identical arch.
[19:54:15] [clawbench_data-009_qwen3.6-27b_20260520_115219] Agent finished in 113.95s, returncode=0
[19:54:15] [clawbench_data-009_qwen3.6-27b_20260520_115219] Agent result: passed=False, score=0.9412
[19:54:17] [data-009] Result saved to /Volumes/F/work/ClawEvalkit-private-emnlp/outputs/harness/memory/clawbench-official/qwen3.6-27b/data-009.json
[19:54:20] [clawbench_data-011_qwen3.6-27b_20260520_115417] Container started
[19:54:20] [data-011] Harness detected, timeout adjusted: 300 → 480
[19:54:27]   [container] [setup] 运行 setup.sh: /app/claw-bench/tasks/data-analysis/data-010/environment/setup.sh
[19:54:27]   [container] [setup] setup.sh 成功
[19:54:27]   [container] [setup] 工作空间文件: ['q3.csv', 'q2.csv', 'q1.csv', 'instruction.md']
[19:54:27]   [container] DONE
[19:54:27]   [container-err] Loading weights:   0%|          | 0/103 [00:00<?, ?it/s]
[19:54:27]   [container-err] Loading weights: 100%|██████████| 103/103 [00:00<00:00, 25006.56it/s]
[19:54:27]   [container-err] [1mBertModel LOAD REPORT[0m from: sentence-transformers/all-MiniLM-L6-v2
[19:54:27]   [container-err] Key                     | Status     |  | 
[19:54:27]   [container-err] ------------------------+------------+--+-
[19:54:27]   [container-err] embeddings.position_ids | UNEXPECTED |  | 
[19:54:27]   [container-err] 
[19:54:27]   [container-err] Notes:
[19:54:27]   [container-err] - UNEXPECTED:	can be ignored when loading from different task/architecture; not ok if you expect identical arch.
[19:54:27] [clawbench_data-010_qwen3.6-27b_20260520_115339] Agent finished in 44.25s, returncode=0
[19:54:27] [clawbench_data-010_qwen3.6-27b_20260520_115339] Agent result: passed=True, score=1.0000
[19:54:27] [data-010] Result saved to /Volumes/F/work/ClawEvalkit-private-emnlp/outputs/harness/memory/clawbench-official/qwen3.6-27b/data-010.json
[19:54:32] [clawbench_data-012_qwen3.6-27b_20260520_115427] Container started
[19:54:32] [data-012] Harness detected, timeout adjusted: 300 → 480
[19:55:24]   [container] [setup] 运行 setup.sh: /app/claw-bench/tasks/data-analysis/data-012/environment/setup.sh
[19:55:24]   [container] [setup] setup.sh 成功
[19:55:24]   [container] [setup] 工作空间文件: ['instruction.md', 'historical.csv']
[19:55:24]   [container] DONE
[19:55:24]   [container-err] Loading weights:   0%|          | 0/103 [00:00<?, ?it/s]
[19:55:24]   [container-err] Loading weights: 100%|██████████| 103/103 [00:00<00:00, 20182.82it/s]
[19:55:24]   [container-err] [1mBertModel LOAD REPORT[0m from: sentence-transformers/all-MiniLM-L6-v2
[19:55:24]   [container-err] Key                     | Status     |  | 
[19:55:24]   [container-err] ------------------------+------------+--+-
[19:55:24]   [container-err] embeddings.position_ids | UNEXPECTED |  | 
[19:55:24]   [container-err] 
[19:55:24]   [container-err] Notes:
[19:55:24]   [container-err] - UNEXPECTED:	can be ignored when loading from different task/architecture; not ok if you expect identical arch.
[19:55:24] [clawbench_data-012_qwen3.6-27b_20260520_115427] Agent finished in 52.50s, returncode=0
[19:55:24] [clawbench_data-012_qwen3.6-27b_20260520_115427] Agent result: passed=True, score=1.0000
[19:55:25] [data-012] Result saved to /Volumes/F/work/ClawEvalkit-private-emnlp/outputs/harness/memory/clawbench-official/qwen3.6-27b/data-012.json
[19:55:27] [clawbench_data-013_qwen3.6-27b_20260520_115525] Container started
[19:55:27] [data-013] Harness detected, timeout adjusted: 180 → 360
[19:56:17]   [container] [setup] 运行 setup.sh: /app/claw-bench/tasks/data-analysis/data-011/environment/setup.sh
[19:56:17]   [container] [setup] setup.sh 成功
[19:56:17]   [container] [setup] 工作空间文件: ['instruction.md', 'company_data.csv']
[19:56:17]   [container] DONE
[19:56:17]   [container-err] Loading weights:   0%|          | 0/103 [00:00<?, ?it/s]
[19:56:17]   [container-err] Loading weights: 100%|██████████| 103/103 [00:00<00:00, 27443.36it/s]
[19:56:17]   [container-err] [1mBertModel LOAD REPORT[0m from: sentence-transformers/all-MiniLM-L6-v2
[19:56:17]   [container-err] Key                     | Status     |  | 
[19:56:17]   [container-err] ------------------------+------------+--+-
[19:56:17]   [container-err] embeddings.position_ids | UNEXPECTED |  | 
[19:56:17]   [container-err] 
[19:56:17]   [container-err] Notes:
[19:56:17]   [container-err] - UNEXPECTED:	can be ignored when loading from different task/architecture; not ok if you expect identical arch.
[19:56:17] [clawbench_data-011_qwen3.6-27b_20260520_115417] Agent finished in 117.41s, returncode=0
[19:56:17] [clawbench_data-011_qwen3.6-27b_20260520_115417] Agent result: passed=True, score=1.0000
[19:56:18] [data-011] Result saved to /Volumes/F/work/ClawEvalkit-private-emnlp/outputs/harness/memory/clawbench-official/qwen3.6-27b/data-011.json
[19:56:20] [clawbench_data-014_qwen3.6-27b_20260520_115618] Container started
[19:56:20] [data-014] Harness detected, timeout adjusted: 180 → 360
[19:56:26]   [container] [setup] 运行 setup.sh: /app/claw-bench/tasks/data-analysis/data-013-outlier-detection/environment/setup.sh
[19:56:26]   [container] [setup] setup.sh 成功
[19:56:26]   [container] [setup] 工作空间文件: ['instruction.md', 'measurements.csv']
[19:56:26]   [container] DONE
[19:56:26]   [container-err] Loading weights:   0%|          | 0/103 [00:00<?, ?it/s]
[19:56:26]   [container-err] Loading weights: 100%|██████████| 103/103 [00:00<00:00, 69111.07it/s]
[19:56:26]   [container-err] [1mBertModel LOAD REPORT[0m from: sentence-transformers/all-MiniLM-L6-v2
[19:56:26]   [container-err] Key                     | Status     |  | 
[19:56:26]   [container-err] ------------------------+------------+--+-
[19:56:26]   [container-err] embeddings.position_ids | UNEXPECTED |  | 
[19:56:26]   [container-err] 
[19:56:26]   [container-err] Notes:
[19:56:26]   [container-err] - UNEXPECTED:	can be ignored when loading from different task/architecture; not ok if you expect identical arch.
[19:56:26] [clawbench_data-013_qwen3.6-27b_20260520_115525] Agent finished in 59.03s, returncode=0
[19:56:27] [clawbench_data-013_qwen3.6-27b_20260520_115525] Agent result: passed=True, score=1.0000
[19:56:27] [data-013] Result saved to /Volumes/F/work/ClawEvalkit-private-emnlp/outputs/harness/memory/clawbench-official/qwen3.6-27b/data-013.json
[19:56:31] [clawbench_data-015_qwen3.6-27b_20260520_115627] Container started
[19:56:31] [data-015] Harness detected, timeout adjusted: 300 → 480
[19:57:15]   [container] [setup] 运行 setup.sh: /app/claw-bench/tasks/data-analysis/data-014-time-series-aggregation/environment/setup.sh
[19:57:15]   [container] [setup] setup.sh 成功
[19:57:15]   [container] [setup] 工作空间文件: ['metrics.csv', 'instruction.md']
[19:57:15]   [container] DONE
[19:57:15]   [container-err] Loading weights:   0%|          | 0/103 [00:00<?, ?it/s]
[19:57:15]   [container-err] Loading weights: 100%|██████████| 103/103 [00:00<00:00, 24610.53it/s]
[19:57:15]   [container-err] [1mBertModel LOAD REPORT[0m from: sentence-transformers/all-MiniLM-L6-v2
[19:57:15]   [container-err] Key                     | Status     |  | 
[19:57:15]   [container-err] ------------------------+------------+--+-
[19:57:15]   [container-err] embeddings.position_ids | UNEXPECTED |  | 
[19:57:15]   [container-err] 
[19:57:15]   [container-err] Notes:
[19:57:15]   [container-err] - UNEXPECTED:	can be ignored when loading from different task/architecture; not ok if you expect identical arch.
[19:57:15] [clawbench_data-014_qwen3.6-27b_20260520_115618] Agent finished in 54.67s, returncode=0
[19:57:15] [clawbench_data-014_qwen3.6-27b_20260520_115618] Agent result: passed=True, score=1.0000
[19:57:16] [data-014] Result saved to /Volumes/F/work/ClawEvalkit-private-emnlp/outputs/harness/memory/clawbench-official/qwen3.6-27b/data-014.json
[19:57:20] [clawbench_data-016_qwen3.6-27b_20260520_115716] Container started
[19:57:20] [data-016] Harness detected, timeout adjusted: 180 → 360
[19:57:27]   [container] [setup] 运行 setup.sh: /app/claw-bench/tasks/data-analysis/data-015-multi-table-join/environment/setup.sh
[19:57:27]   [container] [setup] setup.sh 成功
[19:57:27]   [container] [setup] 工作空间文件: ['customers.csv', 'products.csv', 'orders.csv', 'instruction.md']
[19:57:27]   [container] DONE
[19:57:27]   [container-err] Loading weights:   0%|          | 0/103 [00:00<?, ?it/s]
[19:57:27]   [container-err] Loading weights: 100%|██████████| 103/103 [00:00<00:00, 15210.13it/s]
[19:57:27]   [container-err] [1mBertModel LOAD REPORT[0m from: sentence-transformers/all-MiniLM-L6-v2
[19:57:27]   [container-err] Key                     | Status     |  | 
[19:57:27]   [container-err] ------------------------+------------+--+-
[19:57:27]   [container-err] embeddings.position_ids | UNEXPECTED |  | 
[19:57:27]   [container-err] 
[19:57:27]   [container-err] Notes:
[19:57:27]   [container-err] - UNEXPECTED:	can be ignored when loading from different task/architecture; not ok if you expect identical arch.
[19:57:27] [clawbench_data-015_qwen3.6-27b_20260520_115627] Agent finished in 56.48s, returncode=0
[19:57:27] [clawbench_data-015_qwen3.6-27b_20260520_115627] Agent result: passed=True, score=1.0000
[19:57:28] [data-015] Result saved to /Volumes/F/work/ClawEvalkit-private-emnlp/outputs/harness/memory/clawbench-official/qwen3.6-27b/data-015.json
[19:57:32] [clawbench_data-017_qwen3.6-27b_20260520_115728] Container started
[19:57:32] [data-017] Harness detected, timeout adjusted: 180 → 360
[19:58:33]   [container] [setup] 运行 setup.sh: /app/claw-bench/tasks/data-analysis/data-016-monthly-budget-analysis/environment/setup.sh
[19:58:33]   [container] [setup] setup.sh 成功
[19:58:33]   [container] [setup] 工作空间文件: ['budget.csv', 'instruction.md', 'transactions.csv']
[19:58:33]   [container] DONE
[19:58:33]   [container-err] Loading weights:   0%|          | 0/103 [00:00<?, ?it/s]
[19:58:33]   [container-err] Loading weights: 100%|██████████| 103/103 [00:00<00:00, 84924.97it/s]
[19:58:33]   [container-err] [1mBertModel LOAD REPORT[0m from: sentence-transformers/all-MiniLM-L6-v2
[19:58:33]   [container-err] Key                     | Status     |  | 
[19:58:33]   [container-err] ------------------------+------------+--+-
[19:58:33]   [container-err] embeddings.position_ids | UNEXPECTED |  | 
[19:58:33]   [container-err] 
[19:58:33]   [container-err] Notes:
[19:58:33]   [container-err] - UNEXPECTED:	can be ignored when loading from different task/architecture; not ok if you expect identical arch.
[19:58:33] [clawbench_data-016_qwen3.6-27b_20260520_115716] Agent finished in 73.74s, returncode=0
[19:58:33] [clawbench_data-016_qwen3.6-27b_20260520_115716] Agent result: passed=True, score=1.0000
[19:58:34] [data-016] Result saved to /Volumes/F/work/ClawEvalkit-private-emnlp/outputs/harness/memory/clawbench-official/qwen3.6-27b/data-016.json
[19:58:36]   [container] [setup] 运行 setup.sh: /app/claw-bench/tasks/data-analysis/data-017-employee-attendance-report/environment/setup.sh
[19:58:36]   [container] [setup] setup.sh 成功
[19:58:36]   [container] [setup] 工作空间文件: ['instruction.md', 'attendance.csv']
[19:58:36]   [container] DONE
[19:58:36]   [container-err] Loading weights:   0%|          | 0/103 [00:00<?, ?it/s]
[19:58:36]   [container-err] Loading weights: 100%|██████████| 103/103 [00:00<00:00, 18561.26it/s]
[19:58:36]   [container-err] [1mBertModel LOAD REPORT[0m from: sentence-transformers/all-MiniLM-L6-v2
[19:58:36]   [container-err] Key                     | Status     |  | 
[19:58:36]   [container-err] ------------------------+------------+--+-
[19:58:36]   [container-err] embeddings.position_ids | UNEXPECTED |  | 
[19:58:36]   [container-err] 
[19:58:36]   [container-err] Notes:
[19:58:36]   [container-err] - UNEXPECTED:	can be ignored when loading from different task/architecture; not ok if you expect identical arch.
[19:58:36] [clawbench_data-017_qwen3.6-27b_20260520_115728] Agent finished in 64.14s, returncode=0
[19:58:36] [clawbench_data-017_qwen3.6-27b_20260520_115728] Agent result: passed=True, score=1.0000
[19:58:36] [data-017] Result saved to /Volumes/F/work/ClawEvalkit-private-emnlp/outputs/harness/memory/clawbench-official/qwen3.6-27b/data-017.json
[19:58:38] [clawbench_ds-001-customer-segmentation_qwen3.6-27b_20260520_115834] Container started
[19:58:38] [ds-001-customer-segmentation] Harness detected, timeout adjusted: 3600 → 3780
[19:58:39] [clawbench_ds-002-ab-testing_qwen3.6-27b_20260520_115836] Container started
[19:58:39] [ds-002-ab-testing] Harness detected, timeout adjusted: 3600 → 3780
[19:59:37]   [container] [setup] 运行 setup.sh: /app/claw-bench/tasks/data-science/ds-002-ab-testing/environment/setup.sh
[19:59:37]   [container] [setup] setup.sh 成功
[19:59:37]   [container] [setup] 工作空间文件: ['instruction.md', 'ab_test.csv']
[19:59:37]   [container] DONE
[19:59:37]   [container-err] Loading weights:   0%|          | 0/103 [00:00<?, ?it/s]
[19:59:37]   [container-err] Loading weights: 100%|██████████| 103/103 [00:00<00:00, 13753.57it/s]
[19:59:37]   [container-err] [1mBertModel LOAD REPORT[0m from: sentence-transformers/all-MiniLM-L6-v2
[19:59:37]   [container-err] Key                     | Status     |  | 
[19:59:37]   [container-err] ------------------------+------------+--+-
[19:59:37]   [container-err] embeddings.position_ids | UNEXPECTED |  | 
[19:59:37]   [container-err] 
[19:59:37]   [container-err] Notes:
[19:59:37]   [container-err] - UNEXPECTED:	can be ignored when loading from different task/architecture; not ok if you expect identical arch.
[19:59:37] [clawbench_ds-002-ab-testing_qwen3.6-27b_20260520_115836] Agent finished in 57.49s, returncode=0
[19:59:37] [clawbench_ds-002-ab-testing_qwen3.6-27b_20260520_115836] Agent result: passed=True, score=1.0000
[19:59:37] [ds-002-ab-testing] Result saved to /Volumes/F/work/ClawEvalkit-private-emnlp/outputs/harness/memory/clawbench-official/qwen3.6-27b/ds-002-ab-testing.json
[19:59:41] [clawbench_ds-003-feature-engineering_qwen3.6-27b_20260520_115937] Container started
[19:59:41] [ds-003-feature-engineering] Harness detected, timeout adjusted: 3600 → 3780
[20:00:49]   [container] [setup] 运行 setup.sh: /app/claw-bench/tasks/data-science/ds-001-customer-segmentation/environment/setup.sh
[20:00:49]   [container] [setup] setup.sh 成功
[20:00:49]   [container] [setup] 工作空间文件: ['customers.csv', 'instruction.md']
[20:00:49]   [container] DONE
[20:00:49]   [container-err] Loading weights:   0%|          | 0/103 [00:00<?, ?it/s]
[20:00:49]   [container-err] Loading weights: 100%|██████████| 103/103 [00:00<00:00, 50263.33it/s]
[20:00:49]   [container-err] [1mBertModel LOAD REPORT[0m from: sentence-transformers/all-MiniLM-L6-v2
[20:00:49]   [container-err] Key                     | Status     |  | 
[20:00:49]   [container-err] ------------------------+------------+--+-
[20:00:49]   [container-err] embeddings.position_ids | UNEXPECTED |  | 
[20:00:49]   [container-err] 
[20:00:49]   [container-err] Notes:
[20:00:49]   [container-err] - UNEXPECTED:	can be ignored when loading from different task/architecture; not ok if you expect identical arch.
[20:00:49] [clawbench_ds-001-customer-segmentation_qwen3.6-27b_20260520_115834] Agent finished in 130.35s, returncode=0
[20:00:49] [clawbench_ds-001-customer-segmentation_qwen3.6-27b_20260520_115834] Agent result: passed=True, score=1.0000
[20:00:50] [ds-001-customer-segmentation] Result saved to /Volumes/F/work/ClawEvalkit-private-emnlp/outputs/harness/memory/clawbench-official/qwen3.6-27b/ds-001-customer-segmentation.json
[20:00:54] [clawbench_ds-004-time-series_qwen3.6-27b_20260520_120050] Container started
[20:00:54] [ds-004-time-series] Harness detected, timeout adjusted: 3600 → 3780
[20:02:17]   [container] [setup] 运行 setup.sh: /app/claw-bench/tasks/data-science/ds-003-feature-engineering/environment/setup.sh
[20:02:17]   [container] [setup] setup.sh 失败 (rc=1)
[20:02:17]   [container] [setup] stderr: Traceback (most recent call last):
[20:02:17]   [container]   File "<stdin>", line 2, in <module>
[20:02:17]   [container] ModuleNotFoundError: No module named 'pandas'
[20:02:17]   [container] 
[20:02:17]   [container] [setup] 重试 (bash -x) ...
[20:02:17]   [container] [setup] 重试也失败 (rc=1)
[20:02:17]   [container] [setup] stderr: + set -euo pipefail
[20:02:17]   [container] + WORKSPACE=/tmp/clawbench_workspace
[20:02:17]   [container] + export WORKSPACE
[20:02:17]   [container] + mkdir -p /tmp/clawbench_workspace
[20:02:17]   [container] + python3 -
[20:02:17]   [container] Traceback (most recent call last):
[20:02:17]   [container]   File "<stdin>", line 2, in <module>
[20:02:17]   [container] ModuleNotFoundError: No module named 'pandas'
[20:02:17]   [container] 
[20:02:17]   [container] [setup] 工作空间文件: ['instruction.md']
[20:02:17]   [container] DONE
[20:02:17]   [container-err] Loading weights:   0%|          | 0/103 [00:00<?, ?it/s]
[20:02:17]   [container-err] Loading weights: 100%|██████████| 103/103 [00:00<00:00, 49125.92it/s]
[20:02:17]   [container-err] [1mBertModel LOAD REPORT[0m from: sentence-transformers/all-MiniLM-L6-v2
[20:02:17]   [container-err] Key                     | Status     |  | 
[20:02:17]   [container-err] ------------------------+------------+--+-
[20:02:17]   [container-err] embeddings.position_ids | UNEXPECTED |  | 
[20:02:17]   [container-err] 
[20:02:17]   [container-err] Notes:
[20:02:17]   [container-err] - UNEXPECTED:	can be ignored when loading from different task/architecture; not ok if you expect identical arch.
[20:02:17] [clawbench_ds-003-feature-engineering_qwen3.6-27b_20260520_115937] Agent finished in 156.62s, returncode=0
[20:02:17] [clawbench_ds-003-feature-engineering_qwen3.6-27b_20260520_115937] Agent result: passed=False, score=0.6000
[20:02:18] [ds-003-feature-engineering] Result saved to /Volumes/F/work/ClawEvalkit-private-emnlp/outputs/harness/memory/clawbench-official/qwen3.6-27b/ds-003-feature-engineering.json
[20:02:21] [clawbench_ds-005-anomaly-detection_qwen3.6-27b_20260520_120218] Container started
[20:02:21] [ds-005-anomaly-detection] Harness detected, timeout adjusted: 3600 → 3780
[20:03:20]   [container] [setup] 运行 setup.sh: /app/claw-bench/tasks/data-science/ds-004-time-series/environment/setup.sh
[20:03:20]   [container] [setup] setup.sh 失败 (rc=1)
[20:03:20]   [container] [setup] stderr: Traceback (most recent call last):
[20:03:20]   [container]   File "<stdin>", line 3, in <module>
[20:03:20]   [container] ModuleNotFoundError: No module named 'pandas'
[20:03:20]   [container] 
[20:03:20]   [container] [setup] 重试 (bash -x) ...
[20:03:20]   [container] [setup] 重试也失败 (rc=1)
[20:03:20]   [container] [setup] stderr: + set -euo pipefail
[20:03:20]   [container] + WORKSPACE=/tmp/clawbench_workspace
[20:03:20]   [container] + export WORKSPACE
[20:03:20]   [container] + mkdir -p /tmp/clawbench_workspace
[20:03:20]   [container] + python3 -
[20:03:20]   [container] Traceback (most recent call last):
[20:03:20]   [container]   File "<stdin>", line 3, in <module>
[20:03:20]   [container] ModuleNotFoundError: No module named 'pandas'
[20:03:20]   [container] 
[20:03:20]   [container] [setup] 工作空间文件: ['instruction.md']
[20:03:20]   [container] DONE
[20:03:20]   [container-err] Loading weights:   0%|          | 0/103 [00:00<?, ?it/s]
[20:03:20]   [container-err] Loading weights: 100%|██████████| 103/103 [00:00<00:00, 39637.89it/s]
[20:03:20]   [container-err] [1mBertModel LOAD REPORT[0m from: sentence-transformers/all-MiniLM-L6-v2
[20:03:20]   [container-err] Key                     | Status     |  | 
[20:03:20]   [container-err] ------------------------+------------+--+-
[20:03:20]   [container-err] embeddings.position_ids | UNEXPECTED |  | 
[20:03:20]   [container-err] 
[20:03:20]   [container-err] Notes:
[20:03:20]   [container-err] - UNEXPECTED:	can be ignored when loading from different task/architecture; not ok if you expect identical arch.
[20:03:20] [clawbench_ds-004-time-series_qwen3.6-27b_20260520_120050] Agent finished in 145.57s, returncode=0
[20:03:20] [clawbench_ds-004-time-series_qwen3.6-27b_20260520_120050] Agent result: passed=False, score=0.0000
[20:03:20]   [container] [setup] 运行 setup.sh: /app/claw-bench/tasks/data-science/ds-005-anomaly-detection/environment/setup.sh
[20:03:20]   [container] [setup] setup.sh 成功
[20:03:20]   [container] [setup] 工作空间文件: ['sensor_data.csv', 'instruction.md']
[20:03:20]   [container] DONE
[20:03:20]   [container-err] Loading weights:   0%|          | 0/103 [00:00<?, ?it/s]
[20:03:20]   [container-err] Loading weights: 100%|██████████| 103/103 [00:00<00:00, 38387.53it/s]
[20:03:20]   [container-err] [1mBertModel LOAD REPORT[0m from: sentence-transformers/all-MiniLM-L6-v2
[20:03:20]   [container-err] Key                     | Status     |  | 
[20:03:20]   [container-err] ------------------------+------------+--+-
[20:03:20]   [container-err] embeddings.position_ids | UNEXPECTED |  | 
[20:03:20]   [container-err] 
[20:03:20]   [container-err] Notes:
[20:03:20]   [container-err] - UNEXPECTED:	can be ignored when loading from different task/architecture; not ok if you expect identical arch.
[20:03:20] [clawbench_ds-005-anomaly-detection_qwen3.6-27b_20260520_120218] Agent finished in 58.94s, returncode=0
[20:03:20] [clawbench_ds-005-anomaly-detection_qwen3.6-27b_20260520_120218] Agent result: passed=True, score=1.0000
[20:03:21] [ds-004-time-series] Result saved to /Volumes/F/work/ClawEvalkit-private-emnlp/outputs/harness/memory/clawbench-official/qwen3.6-27b/ds-004-time-series.json
[20:03:21] [ds-005-anomaly-detection] Result saved to /Volumes/F/work/ClawEvalkit-private-emnlp/outputs/harness/memory/clawbench-official/qwen3.6-27b/ds-005-anomaly-detection.json
[20:03:25] [clawbench_debug-002_qwen3.6-27b_20260520_120321] Container started
[20:03:25] [debug-002] Harness detected, timeout adjusted: 120 → 300
[20:03:25] [clawbench_debug-001_qwen3.6-27b_20260520_120321] Container started
[20:03:25] [debug-001] Harness detected, timeout adjusted: 120 → 300
[20:04:25]   [container] [setup] 运行 setup.sh: /app/claw-bench/tasks/debugging/debug-002/environment/setup.sh
[20:04:25]   [container] [setup] setup.sh 失败 (rc=1)
[20:04:25]   [container] [setup] stderr: cp: cannot stat '/app/claw-bench/tasks/debugging/debug-002/environment/data/calculator.py': No such file or directory
[20:04:25]   [container] 
[20:04:25]   [container] [setup] 重试 (bash -x) ...
[20:04:25]   [container] [setup] 重试也失败 (rc=1)
[20:04:25]   [container] [setup] stderr: + set -euo pipefail
[20:04:25]   [container] +++ dirname /app/claw-bench/tasks/debugging/debug-002/environment/setup.sh
[20:04:25]   [container] ++ cd /app/claw-bench/tasks/debugging/debug-002/environment/..
[20:04:25]   [container] ++ pwd
[20:04:25]   [container] + TASK_DIR=/app/claw-bench/tasks/debugging/debug-002
[20:04:25]   [container] + WORKSPACE=/tmp/clawbench_workspace
[20:04:25]   [container] + mkdir -p /tmp/clawbench_workspace
[20:04:25]   [container] + cp /app/claw-bench/tasks/debugging/debug-002/environment/data/calculator.py /tmp/clawbench_workspace/calculator.py
[20:04:25]   [container] cp: cannot stat '/app/claw-bench/tasks/debugging/debug-002/environment/data/calculator.py': No such file or directory
[20:04:25]   [container] 
[20:04:25]   [container] [setup] 工作空间文件: ['instruction.md']
[20:04:25]   [container] DONE
[20:04:25]   [container-err] Loading weights:   0%|          | 0/103 [00:00<?, ?it/s]
[20:04:25]   [container-err] Loading weights: 100%|██████████| 103/103 [00:00<00:00, 27466.04it/s]
[20:04:25]   [container-err] [1mBertModel LOAD REPORT[0m from: sentence-transformers/all-MiniLM-L6-v2
[20:04:25]   [container-err] Key                     | Status     |  | 
[20:04:25]   [container-err] ------------------------+------------+--+-
[20:04:25]   [container-err] embeddings.position_ids | UNEXPECTED |  | 
[20:04:25]   [container-err] 
[20:04:25]   [container-err] Notes:
[20:04:25]   [container-err] - UNEXPECTED:	can be ignored when loading from different task/architecture; not ok if you expect identical arch.
[20:04:25] [clawbench_debug-002_qwen3.6-27b_20260520_120321] Agent finished in 59.96s, returncode=0
[20:04:25] [clawbench_debug-002_qwen3.6-27b_20260520_120321] Agent result: passed=False, score=0.7368
[20:04:26] [debug-002] Result saved to /Volumes/F/work/ClawEvalkit-private-emnlp/outputs/harness/memory/clawbench-official/qwen3.6-27b/debug-002.json
[20:04:31] [clawbench_debug-003_qwen3.6-27b_20260520_120426] Container started
[20:04:31] [debug-003] Harness detected, timeout adjusted: 120 → 300
[20:05:16]   [container] [setup] 运行 setup.sh: /app/claw-bench/tasks/debugging/debug-001/environment/setup.sh
[20:05:16]   [container] [setup] setup.sh 失败 (rc=1)
[20:05:16]   [container] [setup] stderr: cp: cannot stat '/app/claw-bench/tasks/debugging/debug-001/environment/data/buggy.py': No such file or directory
[20:05:16]   [container] 
[20:05:16]   [container] [setup] 重试 (bash -x) ...
[20:05:16]   [container] [setup] 重试也失败 (rc=1)
[20:05:16]   [container] [setup] stderr: + set -euo pipefail
[20:05:16]   [container] +++ dirname /app/claw-bench/tasks/debugging/debug-001/environment/setup.sh
[20:05:16]   [container] ++ cd /app/claw-bench/tasks/debugging/debug-001/environment/..
[20:05:16]   [container] ++ pwd
[20:05:16]   [container] + TASK_DIR=/app/claw-bench/tasks/debugging/debug-001
[20:05:16]   [container] + WORKSPACE=/tmp/clawbench_workspace
[20:05:16]   [container] + mkdir -p /tmp/clawbench_workspace
[20:05:16]   [container] + cp /app/claw-bench/tasks/debugging/debug-001/environment/data/buggy.py /tmp/clawbench_workspace/buggy.py
[20:05:16]   [container] cp: cannot stat '/app/claw-bench/tasks/debugging/debug-001/environment/data/buggy.py': No such file or directory
[20:05:16]   [container] 
[20:05:16]   [container] [setup] 工作空间文件: ['instruction.md']
[20:05:16]   [container] DONE
[20:05:16]   [container-err] Loading weights:   0%|          | 0/103 [00:00<?, ?it/s]
[20:05:16]   [container-err] Loading weights: 100%|██████████| 103/103 [00:00<00:00, 15407.04it/s]
[20:05:16]   [container-err] [1mBertModel LOAD REPORT[0m from: sentence-transformers/all-MiniLM-L6-v2
[20:05:16]   [container-err] Key                     | Status     |  | 
[20:05:16]   [container-err] ------------------------+------------+--+-
[20:05:16]   [container-err] embeddings.position_ids | UNEXPECTED |  | 
[20:05:16]   [container-err] 
[20:05:16]   [container-err] Notes:
[20:05:16]   [container-err] - UNEXPECTED:	can be ignored when loading from different task/architecture; not ok if you expect identical arch.
[20:05:16] [clawbench_debug-001_qwen3.6-27b_20260520_120321] Agent finished in 110.31s, returncode=0
[20:05:16] [clawbench_debug-001_qwen3.6-27b_20260520_120321] Agent result: passed=False, score=0.8889
[20:05:16] [debug-001] Result saved to /Volumes/F/work/ClawEvalkit-private-emnlp/outputs/harness/memory/clawbench-official/qwen3.6-27b/debug-001.json
[20:05:20] [clawbench_debug-004_qwen3.6-27b_20260520_120516] Container started
[20:05:20] [debug-004] Harness detected, timeout adjusted: 180 → 360
[20:06:29]   [container] [setup] 运行 setup.sh: /app/claw-bench/tasks/debugging/debug-003/environment/setup.sh
[20:06:29]   [container] [setup] setup.sh 失败 (rc=1)
[20:06:29]   [container] [setup] stderr: cp: cannot stat '/app/claw-bench/tasks/debugging/debug-003/environment/data/processor.py': No such file or directory
[20:06:29]   [container] 
[20:06:29]   [container] [setup] 重试 (bash -x) ...
[20:06:29]   [container] [setup] 重试也失败 (rc=1)
[20:06:29]   [container] [setup] stderr: + set -euo pipefail
[20:06:29]   [container] +++ dirname /app/claw-bench/tasks/debugging/debug-003/environment/setup.sh
[20:06:29]   [container] ++ cd /app/claw-bench/tasks/debugging/debug-003/environment/..
[20:06:29]   [container] ++ pwd
[20:06:29]   [container] + TASK_DIR=/app/claw-bench/tasks/debugging/debug-003
[20:06:29]   [container] + WORKSPACE=/tmp/clawbench_workspace
[20:06:29]   [container] + mkdir -p /tmp/clawbench_workspace
[20:06:29]   [container] + cp /app/claw-bench/tasks/debugging/debug-003/environment/data/processor.py /tmp/clawbench_workspace/processor.py
[20:06:29]   [container] cp: cannot stat '/app/claw-bench/tasks/debugging/debug-003/environment/data/processor.py': No such file or directory
[20:06:29]   [container] 
[20:06:29]   [container] [setup] 工作空间文件: ['instruction.md']
[20:06:29]   [container] DONE
[20:06:29]   [container-err] Loading weights:   0%|          | 0/103 [00:00<?, ?it/s]
[20:06:29]   [container-err] Loading weights: 100%|██████████| 103/103 [00:00<00:00, 16864.32it/s]
[20:06:29]   [container-err] [1mBertModel LOAD REPORT[0m from: sentence-transformers/all-MiniLM-L6-v2
[20:06:29]   [container-err] Key                     | Status     |  | 
[20:06:29]   [container-err] ------------------------+------------+--+-
[20:06:29]   [container-err] embeddings.position_ids | UNEXPECTED |  | 
[20:06:29]   [container-err] 
[20:06:29]   [container-err] Notes:
[20:06:29]   [container-err] - UNEXPECTED:	can be ignored when loading from different task/architecture; not ok if you expect identical arch.
[20:06:29] [clawbench_debug-003_qwen3.6-27b_20260520_120426] Agent finished in 118.20s, returncode=0
[20:06:29] [clawbench_debug-003_qwen3.6-27b_20260520_120426] Agent result: passed=False, score=0.8889
[20:06:30] [debug-003] Result saved to /Volumes/F/work/ClawEvalkit-private-emnlp/outputs/harness/memory/clawbench-official/qwen3.6-27b/debug-003.json
[20:06:33] [clawbench_debug-005_qwen3.6-27b_20260520_120630] Container started
[20:06:33] [debug-005] Harness detected, timeout adjusted: 180 → 360
[20:07:16]   [container] [setup] 运行 setup.sh: /app/claw-bench/tasks/debugging/debug-005/environment/setup.sh
[20:07:16]   [container] [setup] setup.sh 失败 (rc=1)
[20:07:16]   [container] [setup] stderr: cp: cannot stat '/app/claw-bench/tasks/debugging/debug-005/environment/data/slow_search.py': No such file or directory
[20:07:16]   [container] 
[20:07:16]   [container] [setup] 重试 (bash -x) ...
[20:07:16]   [container] [setup] 重试也失败 (rc=1)
[20:07:16]   [container] [setup] stderr: + set -euo pipefail
[20:07:16]   [container] +++ dirname /app/claw-bench/tasks/debugging/debug-005/environment/setup.sh
[20:07:16]   [container] ++ cd /app/claw-bench/tasks/debugging/debug-005/environment/..
[20:07:16]   [container] ++ pwd
[20:07:16]   [container] + TASK_DIR=/app/claw-bench/tasks/debugging/debug-005
[20:07:16]   [container] + WORKSPACE=/tmp/clawbench_workspace
[20:07:16]   [container] + mkdir -p /tmp/clawbench_workspace
[20:07:16]   [container] + cp /app/claw-bench/tasks/debugging/debug-005/environment/data/slow_search.py /tmp/clawbench_workspace/slow_search.py
[20:07:16]   [container] cp: cannot stat '/app/claw-bench/tasks/debugging/debug-005/environment/data/slow_search.py': No such file or directory
[20:07:16]   [container] 
[20:07:16]   [container] [setup] 工作空间文件: ['instruction.md']
[20:07:16]   [container] DONE
[20:07:16]   [container-err] Loading weights:   0%|          | 0/103 [00:00<?, ?it/s]
[20:07:16]   [container-err] Loading weights: 100%|██████████| 103/103 [00:00<00:00, 3174.77it/s]
[20:07:16]   [container-err] [1mBertModel LOAD REPORT[0m from: sentence-transformers/all-MiniLM-L6-v2
[20:07:16]   [container-err] Key                     | Status     |  | 
[20:07:16]   [container-err] ------------------------+------------+--+-
[20:07:16]   [container-err] embeddings.position_ids | UNEXPECTED |  | 
[20:07:16]   [container-err] 
[20:07:16]   [container-err] Notes:
[20:07:16]   [container-err] - UNEXPECTED:	can be ignored when loading from different task/architecture; not ok if you expect identical arch.
[20:07:16] [clawbench_debug-005_qwen3.6-27b_20260520_120630] Agent finished in 43.18s, returncode=0
[20:07:16] [clawbench_debug-005_qwen3.6-27b_20260520_120630] Agent result: passed=True, score=1.0000
[20:07:17] [debug-005] Result saved to /Volumes/F/work/ClawEvalkit-private-emnlp/outputs/harness/memory/clawbench-official/qwen3.6-27b/debug-005.json
[20:07:22] [clawbench_doc-001_qwen3.6-27b_20260520_120717] Container started
[20:07:22] [doc-001] Harness detected, timeout adjusted: 120 → 300
[20:07:33]   [container] [setup] 运行 setup.sh: /app/claw-bench/tasks/debugging/debug-004/environment/setup.sh
[20:07:33]   [container] [setup] setup.sh 失败 (rc=1)
[20:07:33]   [container] [setup] stderr: cp: cannot stat '/app/claw-bench/tasks/debugging/debug-004/environment/data/main.py': No such file or directory
[20:07:33]   [container] 
[20:07:33]   [container] [setup] 重试 (bash -x) ...
[20:07:33]   [container] [setup] 重试也失败 (rc=1)
[20:07:33]   [container] [setup] stderr: + set -euo pipefail
[20:07:33]   [container] +++ dirname /app/claw-bench/tasks/debugging/debug-004/environment/setup.sh
[20:07:33]   [container] ++ cd /app/claw-bench/tasks/debugging/debug-004/environment/..
[20:07:33]   [container] ++ pwd
[20:07:33]   [container] + TASK_DIR=/app/claw-bench/tasks/debugging/debug-004
[20:07:33]   [container] + WORKSPACE=/tmp/clawbench_workspace
[20:07:33]   [container] + mkdir -p /tmp/clawbench_workspace
[20:07:33]   [container] + cp /app/claw-bench/tasks/debugging/debug-004/environment/data/main.py /tmp/clawbench_workspace/main.py
[20:07:33]   [container] cp: cannot stat '/app/claw-bench/tasks/debugging/debug-004/environment/data/main.py': No such file or directory
[20:07:33]   [container] 
[20:07:33]   [container] [setup] 工作空间文件: ['instruction.md']
[20:07:33]   [container] DONE
[20:07:33]   [container-err] Loading weights:   0%|          | 0/103 [00:00<?, ?it/s]
[20:07:33]   [container-err] Loading weights: 100%|██████████| 103/103 [00:00<00:00, 29517.17it/s]
[20:07:33]   [container-err] [1mBertModel LOAD REPORT[0m from: sentence-transformers/all-MiniLM-L6-v2
[20:07:33]   [container-err] Key                     | Status     |  | 
[20:07:33]   [container-err] ------------------------+------------+--+-
[20:07:33]   [container-err] embeddings.position_ids | UNEXPECTED |  | 
[20:07:33]   [container-err] 
[20:07:33]   [container-err] Notes:
[20:07:33]   [container-err] - UNEXPECTED:	can be ignored when loading from different task/architecture; not ok if you expect identical arch.
[20:07:33] [clawbench_debug-004_qwen3.6-27b_20260520_120516] Agent finished in 132.73s, returncode=0
[20:07:33] [clawbench_debug-004_qwen3.6-27b_20260520_120516] Agent result: passed=False, score=0.7500
[20:07:33] [debug-004] Result saved to /Volumes/F/work/ClawEvalkit-private-emnlp/outputs/harness/memory/clawbench-official/qwen3.6-27b/debug-004.json
[20:07:37] [clawbench_doc-002_qwen3.6-27b_20260520_120733] Container started
[20:07:37] [doc-002] Harness detected, timeout adjusted: 120 → 300
[20:08:09]   [container] [setup] 运行 setup.sh: /app/claw-bench/tasks/document-editing/doc-001-text-formatting/environment/setup.sh
[20:08:09]   [container] [setup] setup.sh 成功
[20:08:09]   [container] [setup] 工作空间文件: ['document.txt', 'instruction.md', 'rules.json']
[20:08:09]   [container] DONE
[20:08:09]   [container-err] Loading weights:   0%|          | 0/103 [00:00<?, ?it/s]
[20:08:09]   [container-err] Loading weights: 100%|██████████| 103/103 [00:00<00:00, 29535.33it/s]
[20:08:09]   [container-err] [1mBertModel LOAD REPORT[0m from: sentence-transformers/all-MiniLM-L6-v2
[20:08:09]   [container-err] Key                     | Status     |  | 
[20:08:09]   [container-err] ------------------------+------------+--+-
[20:08:09]   [container-err] embeddings.position_ids | UNEXPECTED |  | 
[20:08:09]   [container-err] 
[20:08:09]   [container-err] Notes:
[20:08:09]   [container-err] - UNEXPECTED:	can be ignored when loading from different task/architecture; not ok if you expect identical arch.
[20:08:09] [clawbench_doc-001_qwen3.6-27b_20260520_120717] Agent finished in 46.66s, returncode=0
[20:08:09] [clawbench_doc-001_qwen3.6-27b_20260520_120717] Agent result: passed=False, score=0.8000
[20:08:10] [doc-001] Result saved to /Volumes/F/work/ClawEvalkit-private-emnlp/outputs/harness/memory/clawbench-official/qwen3.6-27b/doc-001.json
[20:08:12] [clawbench_doc-003_qwen3.6-27b_20260520_120810] Container started
[20:08:12] [doc-003] Harness detected, timeout adjusted: 120 → 300
[20:08:51]   [container] [setup] 运行 setup.sh: /app/claw-bench/tasks/document-editing/doc-002-markdown-to-html/environment/setup.sh
[20:08:51]   [container] [setup] setup.sh 成功
[20:08:51]   [container] [setup] 工作空间文件: ['document.md', 'instruction.md']
[20:08:51]   [container] DONE
[20:08:51]   [container-err] Loading weights:   0%|          | 0/103 [00:00<?, ?it/s]
[20:08:51]   [container-err] Loading weights: 100%|██████████| 103/103 [00:00<00:00, 15238.56it/s]
[20:08:51]   [container-err] [1mBertModel LOAD REPORT[0m from: sentence-transformers/all-MiniLM-L6-v2
[20:08:51]   [container-err] Key                     | Status     |  | 
[20:08:51]   [container-err] ------------------------+------------+--+-
[20:08:51]   [container-err] embeddings.position_ids | UNEXPECTED |  | 
[20:08:51]   [container-err] 
[20:08:51]   [container-err] Notes:
[20:08:51]   [container-err] - UNEXPECTED:	can be ignored when loading from different task/architecture; not ok if you expect identical arch.
[20:08:51] [clawbench_doc-002_qwen3.6-27b_20260520_120733] Agent finished in 74.50s, returncode=0
[20:08:51] [clawbench_doc-002_qwen3.6-27b_20260520_120733] Agent result: passed=True, score=1.0000
[20:08:52] [doc-002] Result saved to /Volumes/F/work/ClawEvalkit-private-emnlp/outputs/harness/memory/clawbench-official/qwen3.6-27b/doc-002.json
[20:08:55] [clawbench_doc-004_qwen3.6-27b_20260520_120852] Container started
[20:08:55] [doc-004] Harness detected, timeout adjusted: 180 → 360
[20:09:10]   [container] [setup] 运行 setup.sh: /app/claw-bench/tasks/document-editing/doc-003-extract-toc/environment/setup.sh
[20:09:10]   [container] [setup] setup.sh 成功
[20:09:10]   [container] [setup] 工作空间文件: ['document.md', 'instruction.md']
[20:09:10]   [container] DONE
[20:09:10]   [container-err] Loading weights:   0%|          | 0/103 [00:00<?, ?it/s]
[20:09:10]   [container-err] Loading weights: 100%|██████████| 103/103 [00:00<00:00, 33362.68it/s]
[20:09:10]   [container-err] [1mBertModel LOAD REPORT[0m from: sentence-transformers/all-MiniLM-L6-v2
[20:09:10]   [container-err] Key                     | Status     |  | 
[20:09:10]   [container-err] ------------------------+------------+--+-
[20:09:10]   [container-err] embeddings.position_ids | UNEXPECTED |  | 
[20:09:10]   [container-err] 
[20:09:10]   [container-err] Notes:
[20:09:10]   [container-err] - UNEXPECTED:	can be ignored when loading from different task/architecture; not ok if you expect identical arch.
[20:09:10] [clawbench_doc-003_qwen3.6-27b_20260520_120810] Agent finished in 57.17s, returncode=0
[20:09:10] [clawbench_doc-003_qwen3.6-27b_20260520_120810] Agent result: passed=True, score=1.0000
[20:09:10] [doc-003] Result saved to /Volumes/F/work/ClawEvalkit-private-emnlp/outputs/harness/memory/clawbench-official/qwen3.6-27b/doc-003.json
[20:09:12] [clawbench_doc-005_qwen3.6-27b_20260520_120910] Container started
[20:09:12] [doc-005] Harness detected, timeout adjusted: 180 → 360
[20:09:37]   [container] [setup] 运行 setup.sh: /app/claw-bench/tasks/document-editing/doc-004-find-replace/environment/setup.sh
[20:09:37]   [container] [setup] setup.sh 成功
[20:09:37]   [container] [setup] 工作空间文件: ['replacements.json', 'document.txt', 'instruction.md']
[20:09:37]   [container] DONE
[20:09:37]   [container-err] Loading weights:   0%|          | 0/103 [00:00<?, ?it/s]
[20:09:37]   [container-err] Loading weights: 100%|██████████| 103/103 [00:00<00:00, 36558.63it/s]
[20:09:37]   [container-err] [1mBertModel LOAD REPORT[0m from: sentence-transformers/all-MiniLM-L6-v2
[20:09:37]   [container-err] Key                     | Status     |  | 
[20:09:37]   [container-err] ------------------------+------------+--+-
[20:09:37]   [container-err] embeddings.position_ids | UNEXPECTED |  | 
[20:09:37]   [container-err] 
[20:09:37]   [container-err] Notes:
[20:09:37]   [container-err] - UNEXPECTED:	can be ignored when loading from different task/architecture; not ok if you expect identical arch.
[20:09:37] [clawbench_doc-004_qwen3.6-27b_20260520_120852] Agent finished in 42.20s, returncode=0
[20:09:37] [clawbench_doc-004_qwen3.6-27b_20260520_120852] Agent result: passed=False, score=0.9444
[20:09:38] [doc-004] Result saved to /Volumes/F/work/ClawEvalkit-private-emnlp/outputs/harness/memory/clawbench-official/qwen3.6-27b/doc-004.json
[20:09:44] [clawbench_doc-006_qwen3.6-27b_20260520_120938] Container started
[20:09:44] [doc-006] Harness detected, timeout adjusted: 180 → 360
[20:09:55]   [container] [setup] 运行 setup.sh: /app/claw-bench/tasks/document-editing/doc-005-document-comparison/environment/setup.sh
[20:09:55]   [container] [setup] setup.sh 成功
[20:09:55]   [container] [setup] 工作空间文件: ['instruction.md', 'v1.txt', 'v2.txt']
[20:09:55]   [container] DONE
[20:09:55]   [container-err] Loading weights:   0%|          | 0/103 [00:00<?, ?it/s]
[20:09:55]   [container-err] Loading weights: 100%|██████████| 103/103 [00:00<00:00, 43140.93it/s]
[20:09:55]   [container-err] [1mBertModel LOAD REPORT[0m from: sentence-transformers/all-MiniLM-L6-v2
[20:09:55]   [container-err] Key                     | Status     |  | 
[20:09:55]   [container-err] ------------------------+------------+--+-
[20:09:55]   [container-err] embeddings.position_ids | UNEXPECTED |  | 
[20:09:55]   [container-err] 
[20:09:55]   [container-err] Notes:
[20:09:55]   [container-err] - UNEXPECTED:	can be ignored when loading from different task/architecture; not ok if you expect identical arch.
[20:09:55] [clawbench_doc-005_qwen3.6-27b_20260520_120910] Agent finished in 42.17s, returncode=0
[20:09:55] [clawbench_doc-005_qwen3.6-27b_20260520_120910] Agent result: passed=True, score=1.0000
[20:09:55] [doc-005] Result saved to /Volumes/F/work/ClawEvalkit-private-emnlp/outputs/harness/memory/clawbench-official/qwen3.6-27b/doc-005.json
[20:10:03] [clawbench_doc-007_qwen3.6-27b_20260520_120955] Container started
[20:10:03] [doc-007] Harness detected, timeout adjusted: 240 → 420
[20:10:44]   [container] [setup] 运行 setup.sh: /app/claw-bench/tasks/document-editing/doc-007-multi-doc-merge/environment/setup.sh
[20:10:44]   [container] [setup] setup.sh 成功
[20:10:44]   [container] [setup] 工作空间文件: ['instruction.md']
[20:10:44]   [container] DONE
[20:10:44]   [container-err] Loading weights:   0%|          | 0/103 [00:00<?, ?it/s]
[20:10:44]   [container-err] Loading weights: 100%|██████████| 103/103 [00:00<00:00, 78805.78it/s]
[20:10:44]   [container-err] [1mBertModel LOAD REPORT[0m from: sentence-transformers/all-MiniLM-L6-v2
[20:10:44]   [container-err] Key                     | Status     |  | 
[20:10:44]   [container-err] ------------------------+------------+--+-
[20:10:44]   [container-err] embeddings.position_ids | UNEXPECTED |  | 
[20:10:44]   [container-err] 
[20:10:44]   [container-err] Notes:
[20:10:44]   [container-err] - UNEXPECTED:	can be ignored when loading from different task/architecture; not ok if you expect identical arch.
[20:10:44] [clawbench_doc-007_qwen3.6-27b_20260520_120955] Agent finished in 41.21s, returncode=0
[20:10:44] [clawbench_doc-007_qwen3.6-27b_20260520_120955] Agent result: passed=True, score=1.0000
[20:10:45] [doc-007] Result saved to /Volumes/F/work/ClawEvalkit-private-emnlp/outputs/harness/memory/clawbench-official/qwen3.6-27b/doc-007.json
[20:10:47]   [container] [setup] 运行 setup.sh: /app/claw-bench/tasks/document-editing/doc-006-template-rendering/environment/setup.sh
[20:10:47]   [container] [setup] setup.sh 成功
[20:10:47]   [container] [setup] 工作空间文件: ['template.md', 'instruction.md', 'data.json']
[20:10:47]   [container] DONE
[20:10:47]   [container-err] Loading weights:   0%|          | 0/103 [00:00<?, ?it/s]
[20:10:47]   [container-err] Loading weights: 100%|██████████| 103/103 [00:00<00:00, 26721.92it/s]
[20:10:47]   [container-err] [1mBertModel LOAD REPORT[0m from: sentence-transformers/all-MiniLM-L6-v2
[20:10:47]   [container-err] Key                     | Status     |  | 
[20:10:47]   [container-err] ------------------------+------------+--+-
[20:10:47]   [container-err] embeddings.position_ids | UNEXPECTED |  | 
[20:10:47]   [container-err] 
[20:10:47]   [container-err] Notes:
[20:10:47]   [container-err] - UNEXPECTED:	can be ignored when loading from different task/architecture; not ok if you expect identical arch.
[20:10:47] [clawbench_doc-006_qwen3.6-27b_20260520_120938] Agent finished in 63.55s, returncode=0
[20:10:47] [clawbench_doc-006_qwen3.6-27b_20260520_120938] Agent result: passed=True, score=1.0000
[20:10:48] [doc-006] Result saved to /Volumes/F/work/ClawEvalkit-private-emnlp/outputs/harness/memory/clawbench-official/qwen3.6-27b/doc-006.json
[20:10:50] [clawbench_doc-008_qwen3.6-27b_20260520_121045] Container started
[20:10:50] [doc-008] Harness detected, timeout adjusted: 300 → 480
[20:10:51] [clawbench_doc-009_qwen3.6-27b_20260520_121048] Container started
[20:10:51] [doc-009] Harness detected, timeout adjusted: 180 → 360
[20:11:33]   [container] [setup] 运行 setup.sh: /app/claw-bench/tasks/document-editing/doc-009-markdown-table-formatter/environment/setup.sh
[20:11:33]   [container] [setup] setup.sh 成功
[20:11:33]   [container] [setup] 工作空间文件: ['input.md', 'instruction.md']
[20:11:33]   [container] DONE
[20:11:33]   [container-err] Loading weights:   0%|          | 0/103 [00:00<?, ?it/s]
[20:11:33]   [container-err] Loading weights: 100%|██████████| 103/103 [00:00<00:00, 38002.58it/s]
[20:11:33]   [container-err] [1mBertModel LOAD REPORT[0m from: sentence-transformers/all-MiniLM-L6-v2
[20:11:33]   [container-err] Key                     | Status     |  | 
[20:11:33]   [container-err] ------------------------+------------+--+-
[20:11:33]   [container-err] embeddings.position_ids | UNEXPECTED |  | 
[20:11:33]   [container-err] 
[20:11:33]   [container-err] Notes:
[20:11:33]   [container-err] - UNEXPECTED:	can be ignored when loading from different task/architecture; not ok if you expect identical arch.
[20:11:33] [clawbench_doc-009_qwen3.6-27b_20260520_121048] Agent finished in 42.05s, returncode=0
[20:11:33]   [container] [setup] 运行 setup.sh: /app/claw-bench/tasks/document-editing/doc-008-document-restructuring/environment/setup.sh
[20:11:33]   [container] [setup] setup.sh 成功
[20:11:33]   [container] [setup] 工作空间文件: ['messy_doc.md', 'instruction.md', 'outline.json']
[20:11:33]   [container] DONE
[20:11:33]   [container-err] Loading weights:   0%|          | 0/103 [00:00<?, ?it/s]
[20:11:33]   [container-err] Loading weights: 100%|██████████| 103/103 [00:00<00:00, 59244.83it/s]
[20:11:33]   [container-err] [1mBertModel LOAD REPORT[0m from: sentence-transformers/all-MiniLM-L6-v2
[20:11:33]   [container-err] Key                     | Status     |  | 
[20:11:33]   [container-err] ------------------------+------------+--+-
[20:11:33]   [container-err] embeddings.position_ids | UNEXPECTED |  | 
[20:11:33]   [container-err] 
[20:11:33]   [container-err] Notes:
[20:11:33]   [container-err] - UNEXPECTED:	can be ignored when loading from different task/architecture; not ok if you expect identical arch.
[20:11:33] [clawbench_doc-008_qwen3.6-27b_20260520_121045] Agent finished in 42.74s, returncode=0
[20:11:33] [clawbench_doc-009_qwen3.6-27b_20260520_121048] Agent result: passed=True, score=1.0000
[20:11:33] [clawbench_doc-008_qwen3.6-27b_20260520_121045] Agent result: passed=False, score=0.9583
[20:11:34] [doc-009] Result saved to /Volumes/F/work/ClawEvalkit-private-emnlp/outputs/harness/memory/clawbench-official/qwen3.6-27b/doc-009.json
[20:11:34] [doc-008] Result saved to /Volumes/F/work/ClawEvalkit-private-emnlp/outputs/harness/memory/clawbench-official/qwen3.6-27b/doc-008.json
[20:11:36] [clawbench_doc-011_qwen3.6-27b_20260520_121134] Container started
[20:11:36] [doc-011] Harness detected, timeout adjusted: 120 → 300
[20:11:37] [clawbench_doc-010_qwen3.6-27b_20260520_121134] Container started
[20:11:37] [doc-010] Harness detected, timeout adjusted: 240 → 420
[20:12:10]   [container] [setup] 运行 setup.sh: /app/claw-bench/tasks/document-editing/doc-011-markdown-toc-generator/environment/setup.sh
[20:12:10]   [container] [setup] setup.sh 成功
[20:12:10]   [container] [setup] 工作空间文件: ['document.md', 'instruction.md']
[20:12:10]   [container] DONE
[20:12:10]   [container-err] Loading weights:   0%|          | 0/103 [00:00<?, ?it/s]
[20:12:10]   [container-err] Loading weights: 100%|██████████| 103/103 [00:00<00:00, 48661.11it/s]
[20:12:10]   [container-err] [1mBertModel LOAD REPORT[0m from: sentence-transformers/all-MiniLM-L6-v2
[20:12:10]   [container-err] Key                     | Status     |  | 
[20:12:10]   [container-err] ------------------------+------------+--+-
[20:12:10]   [container-err] embeddings.position_ids | UNEXPECTED |  | 
[20:12:10]   [container-err] 
[20:12:10]   [container-err] Notes:
[20:12:10]   [container-err] - UNEXPECTED:	can be ignored when loading from different task/architecture; not ok if you expect identical arch.
[20:12:10] [clawbench_doc-011_qwen3.6-27b_20260520_121134] Agent finished in 33.37s, returncode=0
[20:12:10] [clawbench_doc-011_qwen3.6-27b_20260520_121134] Agent result: passed=True, score=1.0000
[20:12:10] [doc-011] Result saved to /Volumes/F/work/ClawEvalkit-private-emnlp/outputs/harness/memory/clawbench-official/qwen3.6-27b/doc-011.json
[20:12:16] [clawbench_doc-012_qwen3.6-27b_20260520_121210] Container started
[20:12:16] [doc-012] Harness detected, timeout adjusted: 120 → 300
[20:12:38]   [container] [setup] 运行 setup.sh: /app/claw-bench/tasks/document-editing/doc-012-text-find-replace/environment/setup.sh
[20:12:38]   [container] [setup] setup.sh 成功
[20:12:38]   [container] [setup] 工作空间文件: ['replacements.json', 'document.txt', 'instruction.md']
[20:12:38]   [container] DONE
[20:12:38]   [container-err] Loading weights:   0%|          | 0/103 [00:00<?, ?it/s]
[20:12:38]   [container-err] Loading weights: 100%|██████████| 103/103 [00:00<00:00, 39298.95it/s]
[20:12:38]   [container-err] [1mBertModel LOAD REPORT[0m from: sentence-transformers/all-MiniLM-L6-v2
[20:12:38]   [container-err] Key                     | Status     |  | 
[20:12:38]   [container-err] ------------------------+------------+--+-
[20:12:38]   [container-err] embeddings.position_ids | UNEXPECTED |  | 
[20:12:38]   [container-err] 
[20:12:38]   [container-err] Notes:
[20:12:38]   [container-err] - UNEXPECTED:	can be ignored when loading from different task/architecture; not ok if you expect identical arch.
[20:12:38] [clawbench_doc-012_qwen3.6-27b_20260520_121210] Agent finished in 21.69s, returncode=0
[20:12:38] [clawbench_doc-012_qwen3.6-27b_20260520_121210] Agent result: passed=True, score=1.0000
[20:12:39] [doc-012] Result saved to /Volumes/F/work/ClawEvalkit-private-emnlp/outputs/harness/memory/clawbench-official/qwen3.6-27b/doc-012.json
[20:12:43] [clawbench_doc-013_qwen3.6-27b_20260520_121239] Container started
[20:12:43] [doc-013] Harness detected, timeout adjusted: 120 → 300
[20:13:00]   [container] [setup] 运行 setup.sh: /app/claw-bench/tasks/document-editing/doc-010-document-template-engine/environment/setup.sh
[20:13:00]   [container] [setup] setup.sh 成功
[20:13:00]   [container] [setup] 工作空间文件: ['instruction.md', 'data.json', 'template.txt']
[20:13:00]   [container] DONE
[20:13:00]   [container-err] Loading weights:   0%|          | 0/103 [00:00<?, ?it/s]
[20:13:00]   [container-err] Loading weights: 100%|██████████| 103/103 [00:00<00:00, 7097.66it/s]
[20:13:00]   [container-err] [1mBertModel LOAD REPORT[0m from: sentence-transformers/all-MiniLM-L6-v2
[20:13:00]   [container-err] Key                     | Status     |  | 
[20:13:00]   [container-err] ------------------------+------------+--+-
[20:13:00]   [container-err] embeddings.position_ids | UNEXPECTED |  | 
[20:13:00]   [container-err] 
[20:13:00]   [container-err] Notes:
[20:13:00]   [container-err] - UNEXPECTED:	can be ignored when loading from different task/architecture; not ok if you expect identical arch.
[20:13:00] [clawbench_doc-010_qwen3.6-27b_20260520_121134] Agent finished in 83.73s, returncode=0
[20:13:00] [clawbench_doc-010_qwen3.6-27b_20260520_121134] Agent result: passed=False, score=0.9600
[20:13:01] [doc-010] Result saved to /Volumes/F/work/ClawEvalkit-private-emnlp/outputs/harness/memory/clawbench-official/qwen3.6-27b/doc-010.json
[20:13:06] [clawbench_doc-014_qwen3.6-27b_20260520_121301] Container started
[20:13:06] [doc-014] Harness detected, timeout adjusted: 120 → 300
[20:13:15]   [container] [setup] 运行 setup.sh: /app/claw-bench/tasks/document-editing/doc-013-csv-report-formatter/environment/setup.sh
[20:13:15]   [container] [setup] setup.sh 成功
[20:13:15]   [container] [setup] 工作空间文件: ['data.csv', 'instruction.md']
[20:13:15]   [container] DONE
[20:13:15]   [container-err] Loading weights:   0%|          | 0/103 [00:00<?, ?it/s]
[20:13:15]   [container-err] Loading weights: 100%|██████████| 103/103 [00:00<00:00, 34605.36it/s]
[20:13:15]   [container-err] [1mBertModel LOAD REPORT[0m from: sentence-transformers/all-MiniLM-L6-v2
[20:13:15]   [container-err] Key                     | Status     |  | 
[20:13:15]   [container-err] ------------------------+------------+--+-
[20:13:15]   [container-err] embeddings.position_ids | UNEXPECTED |  | 
[20:13:15]   [container-err] 
[20:13:15]   [container-err] Notes:
[20:13:15]   [container-err] - UNEXPECTED:	can be ignored when loading from different task/architecture; not ok if you expect identical arch.
[20:13:15] [clawbench_doc-013_qwen3.6-27b_20260520_121239] Agent finished in 32.62s, returncode=0
[20:13:15] [clawbench_doc-013_qwen3.6-27b_20260520_121239] Agent result: passed=True, score=1.0000
[20:13:16] [doc-013] Result saved to /Volumes/F/work/ClawEvalkit-private-emnlp/outputs/harness/memory/clawbench-official/qwen3.6-27b/doc-013.json
[20:13:19] [clawbench_doc-015_qwen3.6-27b_20260520_121316] Container started
[20:13:19] [doc-015] Harness detected, timeout adjusted: 120 → 300
[20:13:43]   [container] [setup] 运行 setup.sh: /app/claw-bench/tasks/document-editing/doc-014-document-merger/environment/setup.sh
[20:13:43]   [container] [setup] setup.sh 成功
[20:13:43]   [container] [setup] 工作空间文件: ['instruction.md', 'part2.txt', 'part3.txt', 'part1.txt', 'part4.txt']
[20:13:43]   [container] DONE
[20:13:43]   [container-err] Loading weights:   0%|          | 0/103 [00:00<?, ?it/s]
[20:13:43]   [container-err] Loading weights: 100%|██████████| 103/103 [00:00<00:00, 47688.85it/s]
[20:13:43]   [container-err] [1mBertModel LOAD REPORT[0m from: sentence-transformers/all-MiniLM-L6-v2
[20:13:43]   [container-err] Key                     | Status     |  | 
[20:13:43]   [container-err] ------------------------+------------+--+-
[20:13:43]   [container-err] embeddings.position_ids | UNEXPECTED |  | 
[20:13:43]   [container-err] 
[20:13:43]   [container-err] Notes:
[20:13:43]   [container-err] - UNEXPECTED:	can be ignored when loading from different task/architecture; not ok if you expect identical arch.
[20:13:43] [clawbench_doc-014_qwen3.6-27b_20260520_121301] Agent finished in 37.10s, returncode=0
[20:13:43] [clawbench_doc-014_qwen3.6-27b_20260520_121301] Agent result: passed=True, score=1.0000
[20:13:44] [doc-014] Result saved to /Volumes/F/work/ClawEvalkit-private-emnlp/outputs/harness/memory/clawbench-official/qwen3.6-27b/doc-014.json
[20:13:49] [clawbench_doc-016_qwen3.6-27b_20260520_121344] Container started
[20:13:49] [doc-016] Harness detected, timeout adjusted: 180 → 360
[20:14:14]   [container] [setup] 运行 setup.sh: /app/claw-bench/tasks/document-editing/doc-016-meeting-minutes/environment/setup.sh
[20:14:14]   [container] [setup] setup.sh 成功
[20:14:14]   [container] [setup] 工作空间文件: ['instruction.md', 'raw_notes.txt']
[20:14:14]   [container] DONE
[20:14:14]   [container-err] Loading weights:   0%|          | 0/103 [00:00<?, ?it/s]
[20:14:14]   [container-err] Loading weights: 100%|██████████| 103/103 [00:00<00:00, 69747.06it/s]
[20:14:14]   [container-err] [1mBertModel LOAD REPORT[0m from: sentence-transformers/all-MiniLM-L6-v2
[20:14:14]   [container-err] Key                     | Status     |  | 
[20:14:14]   [container-err] ------------------------+------------+--+-
[20:14:14]   [container-err] embeddings.position_ids | UNEXPECTED |  | 
[20:14:14]   [container-err] 
[20:14:14]   [container-err] Notes:
[20:14:14]   [container-err] - UNEXPECTED:	can be ignored when loading from different task/architecture; not ok if you expect identical arch.
[20:14:14] [clawbench_doc-016_qwen3.6-27b_20260520_121344] Agent finished in 25.46s, returncode=0
[20:14:14] [clawbench_doc-016_qwen3.6-27b_20260520_121344] Agent result: passed=True, score=1.0000
[20:14:15] [doc-016] Result saved to /Volumes/F/work/ClawEvalkit-private-emnlp/outputs/harness/memory/clawbench-official/qwen3.6-27b/doc-016.json
[20:14:19] [clawbench_doc-017_qwen3.6-27b_20260520_121415] Container started
[20:14:19] [doc-017] Harness detected, timeout adjusted: 180 → 360
[20:14:26]   [container] [setup] 运行 setup.sh: /app/claw-bench/tasks/document-editing/doc-015-changelog-generator/environment/setup.sh
[20:14:26]   [container] [setup] setup.sh 失败 (rc=1)
[20:14:26]   [container] [setup] stderr: cp: cannot stat '/app/claw-bench/tasks/document-editing/doc-015-changelog-generator/environment/data/commits.jsonl': No such file or directory
[20:14:26]   [container] 
[20:14:26]   [container] [setup] 重试 (bash -x) ...
[20:14:26]   [container] [setup] 重试也失败 (rc=1)
[20:14:26]   [container] [setup] stderr: + set -euo pipefail
[20:14:26]   [container] +++ dirname /app/claw-bench/tasks/document-editing/doc-015-changelog-generator/environment/setup.sh
[20:14:26]   [container] ++ cd /app/claw-bench/tasks/document-editing/doc-015-changelog-generator/environment/..
[20:14:26]   [container] ++ pwd
[20:14:26]   [container] + TASK_DIR=/app/claw-bench/tasks/document-editing/doc-015-changelog-generator
[20:14:26]   [container] + WORKSPACE=/tmp/clawbench_workspace
[20:14:26]   [container] + mkdir -p /tmp/clawbench_workspace
[20:14:26]   [container] + cp /app/claw-bench/tasks/document-editing/doc-015-changelog-generator/environment/data/commits.jsonl /tmp/clawbench_workspace/commits.jsonl
[20:14:26]   [container] cp: cannot stat '/app/claw-bench/tasks/document-editing/doc-015-changelog-generator/environment/data/commits.jsonl': No such file or directory
[20:14:26]   [container] 
[20:14:26]   [container] [setup] 工作空间文件: ['instruction.md']
[20:14:26]   [container] DONE
[20:14:26]   [container-err] Loading weights:   0%|          | 0/103 [00:00<?, ?it/s]
[20:14:26]   [container-err] Loading weights: 100%|██████████| 103/103 [00:00<00:00, 52156.62it/s]
[20:14:26]   [container-err] [1mBertModel LOAD REPORT[0m from: sentence-transformers/all-MiniLM-L6-v2
[20:14:26]   [container-err] Key                     | Status     |  | 
[20:14:26]   [container-err] ------------------------+------------+--+-
[20:14:26]   [container-err] embeddings.position_ids | UNEXPECTED |  | 
[20:14:26]   [container-err] 
[20:14:26]   [container-err] Notes:
[20:14:26]   [container-err] - UNEXPECTED:	can be ignored when loading from different task/architecture; not ok if you expect identical arch.
[20:14:26] [clawbench_doc-015_qwen3.6-27b_20260520_121316] Agent finished in 66.75s, returncode=0
[20:14:26] [clawbench_doc-015_qwen3.6-27b_20260520_121316] Agent result: passed=False, score=0.6000
[20:14:26] [doc-015] Result saved to /Volumes/F/work/ClawEvalkit-private-emnlp/outputs/harness/memory/clawbench-official/qwen3.6-27b/doc-015.json
[20:14:29] [clawbench_doc-018_qwen3.6-27b_20260520_121426] Container started
[20:14:29] [doc-018] Harness detected, timeout adjusted: 180 → 360
[20:14:59]   [container] [setup] 运行 setup.sh: /app/claw-bench/tasks/document-editing/doc-017-weekly-status-report/environment/setup.sh
[20:14:59]   [container] [setup] setup.sh 成功
[20:14:59]   [container] [setup] 工作空间文件: ['wednesday.txt', 'friday.txt', 'instruction.md', 'monday.txt', 'tuesday.txt', 'thursday.txt']
[20:14:59]   [container] DONE
[20:14:59]   [container-err] Loading weights:   0%|          | 0/103 [00:00<?, ?it/s]
[20:14:59]   [container-err] Loading weights: 100%|██████████| 103/103 [00:00<00:00, 33295.82it/s]
[20:14:59]   [container-err] [1mBertModel LOAD REPORT[0m from: sentence-transformers/all-MiniLM-L6-v2
[20:14:59]   [container-err] Key                     | Status     |  | 
[20:14:59]   [container-err] ------------------------+------------+--+-
[20:14:59]   [container-err] embeddings.position_ids | UNEXPECTED |  | 
[20:14:59]   [container-err] 
[20:14:59]   [container-err] Notes:
[20:14:59]   [container-err] - UNEXPECTED:	can be ignored when loading from different task/architecture; not ok if you expect identical arch.
[20:14:59] [clawbench_doc-017_qwen3.6-27b_20260520_121415] Agent finished in 39.66s, returncode=0
[20:14:59] [clawbench_doc-017_qwen3.6-27b_20260520_121415] Agent result: passed=True, score=1.0000
[20:14:59] [doc-017] Result saved to /Volumes/F/work/ClawEvalkit-private-emnlp/outputs/harness/memory/clawbench-official/qwen3.6-27b/doc-017.json
[20:15:04] [clawbench_edu-001-rubric-grading_qwen3.6-27b_20260520_121459] Container started
[20:15:04] [edu-001-rubric-grading] Harness detected, timeout adjusted: 3600 → 3780
[20:15:06]   [container] [setup] 运行 setup.sh: /app/claw-bench/tasks/document-editing/doc-018-invoice-generator/environment/setup.sh
[20:15:06]   [container] [setup] setup.sh 成功
[20:15:06]   [container] [setup] 工作空间文件: ['instruction.md', 'order.json']
[20:15:06]   [container] DONE
[20:15:06]   [container-err] Loading weights:   0%|          | 0/103 [00:00<?, ?it/s]
[20:15:06]   [container-err] Loading weights: 100%|██████████| 103/103 [00:00<00:00, 34199.91it/s]
[20:15:06]   [container-err] [1mBertModel LOAD REPORT[0m from: sentence-transformers/all-MiniLM-L6-v2
[20:15:06]   [container-err] Key                     | Status     |  | 
[20:15:06]   [container-err] ------------------------+------------+--+-
[20:15:06]   [container-err] embeddings.position_ids | UNEXPECTED |  | 
[20:15:06]   [container-err] 
[20:15:06]   [container-err] Notes:
[20:15:06]   [container-err] - UNEXPECTED:	can be ignored when loading from different task/architecture; not ok if you expect identical arch.
[20:15:06] [clawbench_doc-018_qwen3.6-27b_20260520_121426] Agent finished in 37.02s, returncode=0
[20:15:06] [clawbench_doc-018_qwen3.6-27b_20260520_121426] Agent result: passed=True, score=1.0000
[20:15:07] [doc-018] Result saved to /Volumes/F/work/ClawEvalkit-private-emnlp/outputs/harness/memory/clawbench-official/qwen3.6-27b/doc-018.json
[20:15:11] [clawbench_edu-002-item-analysis_qwen3.6-27b_20260520_121507] Container started
[20:15:11] [edu-002-item-analysis] Harness detected, timeout adjusted: 3600 → 3780
[20:15:20]   [container] [setup] 运行 setup.sh: /app/claw-bench/tasks/educational-assessment/edu-002-item-analysis/environment/setup.sh
[20:15:20]   [container] [setup] setup.sh 成功
[20:15:20]   [container] [setup] 工作空间文件: ['instruction.md', 'exam_responses.csv']
[20:15:20]   [container] DONE
[20:15:20] [clawbench_edu-002-item-analysis_qwen3.6-27b_20260520_121507] Agent finished in 8.74s, returncode=0
[20:15:20] [clawbench_edu-002-item-analysis_qwen3.6-27b_20260520_121507] Agent result: passed=False, score=0.0000
[20:15:20] [edu-002-item-analysis] Result saved to /Volumes/F/work/ClawEvalkit-private-emnlp/outputs/harness/memory/clawbench-official/qwen3.6-27b/edu-002-item-analysis.json
[20:15:25] [clawbench_edu-003-learning-path_qwen3.6-27b_20260520_121520] Container started
[20:15:25] [edu-003-learning-path] Harness detected, timeout adjusted: 3600 → 3780
[20:15:37]   [container] [setup] 运行 setup.sh: /app/claw-bench/tasks/educational-assessment/edu-003-learning-path/environment/setup.sh
[20:15:37]   [container] [setup] setup.sh 成功
[20:15:37]   [container] [setup] 工作空间文件: ['student_performance.csv', 'instruction.md', 'prerequisites.json']
[20:15:37]   [container] DONE
[20:15:37] [clawbench_edu-003-learning-path_qwen3.6-27b_20260520_121520] Agent finished in 11.08s, returncode=0
[20:15:37] [clawbench_edu-003-learning-path_qwen3.6-27b_20260520_121520] Agent result: passed=True, score=0.0000
[20:15:37] [edu-003-learning-path] Result saved to /Volumes/F/work/ClawEvalkit-private-emnlp/outputs/harness/memory/clawbench-official/qwen3.6-27b/edu-003-learning-path.json
[20:15:41] [clawbench_edu-004-curriculum-mapping_qwen3.6-27b_20260520_121537] Container started
[20:15:41] [edu-004-curriculum-mapping] Harness detected, timeout adjusted: 3600 → 3780
[20:15:55]   [container] [setup] 运行 setup.sh: /app/claw-bench/tasks/educational-assessment/edu-001-rubric-grading/environment/setup.sh
[20:15:55]   [container] [setup] setup.sh 成功
[20:15:55]   [container] [setup] 工作空间文件: ['rubric.csv', 'instruction.md', 'english_words.txt']
[20:15:55]   [container] DONE
[20:15:55]   [container-err] Loading weights:   0%|          | 0/103 [00:00<?, ?it/s]
[20:15:55]   [container-err] Loading weights: 100%|██████████| 103/103 [00:00<00:00, 52607.56it/s]
[20:15:55]   [container-err] [1mBertModel LOAD REPORT[0m from: sentence-transformers/all-MiniLM-L6-v2
[20:15:55]   [container-err] Key                     | Status     |  | 
[20:15:55]   [container-err] ------------------------+------------+--+-
[20:15:55]   [container-err] embeddings.position_ids | UNEXPECTED |  | 
[20:15:55]   [container-err] 
[20:15:55]   [container-err] Notes:
[20:15:55]   [container-err] - UNEXPECTED:	can be ignored when loading from different task/architecture; not ok if you expect identical arch.
[20:15:55] [clawbench_edu-001-rubric-grading_qwen3.6-27b_20260520_121459] Agent finished in 50.51s, returncode=0
[20:15:55] [clawbench_edu-001-rubric-grading_qwen3.6-27b_20260520_121459] Agent result: passed=True, score=1.0000
[20:15:55] [edu-001-rubric-grading] Result saved to /Volumes/F/work/ClawEvalkit-private-emnlp/outputs/harness/memory/clawbench-official/qwen3.6-27b/edu-001-rubric-grading.json
[20:15:57]   [container] [setup] 运行 setup.sh: /app/claw-bench/tasks/educational-assessment/edu-004-curriculum-mapping/environment/setup.sh
[20:15:57]   [container] [setup] setup.sh 成功
[20:15:57]   [container] [setup] 工作空间文件: ['standards.csv', 'course_objectives.csv', 'instruction.md']
[20:15:57]   [container] DONE
[20:15:57] [clawbench_edu-004-curriculum-mapping_qwen3.6-27b_20260520_121537] Agent finished in 16.44s, returncode=0
[20:15:57] [clawbench_edu-004-curriculum-mapping_qwen3.6-27b_20260520_121537] Agent result: passed=False, score=0.0000
[20:15:58] [edu-004-curriculum-mapping] Result saved to /Volumes/F/work/ClawEvalkit-private-emnlp/outputs/harness/memory/clawbench-official/qwen3.6-27b/edu-004-curriculum-mapping.json
[20:15:59] [clawbench_edu-005-assessment-generation_qwen3.6-27b_20260520_121555] Container started
[20:15:59] [edu-005-assessment-generation] Harness detected, timeout adjusted: 3600 → 3780
[20:16:00] [clawbench_eml-001_qwen3.6-27b_20260520_121558] Container started
[20:16:00] [eml-001] Harness detected, timeout adjusted: 120 → 300
[20:16:36]   [container] [setup] 运行 setup.sh: /app/claw-bench/tasks/email/eml-001-parse-email-headers/environment/setup.sh
[20:16:36]   [container] [setup] setup.sh 成功
[20:16:36]   [container] [setup] 工作空间文件: ['email.txt', 'instruction.md']
[20:16:36]   [container] DONE
[20:16:36]   [container-err] Loading weights:   0%|          | 0/103 [00:00<?, ?it/s]
[20:16:36]   [container-err] Loading weights: 100%|██████████| 103/103 [00:00<00:00, 27403.32it/s]
[20:16:36]   [container-err] [1mBertModel LOAD REPORT[0m from: sentence-transformers/all-MiniLM-L6-v2
[20:16:36]   [container-err] Key                     | Status     |  | 
[20:16:36]   [container-err] ------------------------+------------+--+-
[20:16:36]   [container-err] embeddings.position_ids | UNEXPECTED |  | 
[20:16:36]   [container-err] 
[20:16:36]   [container-err] Notes:
[20:16:36]   [container-err] - UNEXPECTED:	can be ignored when loading from different task/architecture; not ok if you expect identical arch.
[20:16:36] [clawbench_eml-001_qwen3.6-27b_20260520_121558] Agent finished in 36.43s, returncode=0
[20:16:36] [clawbench_eml-001_qwen3.6-27b_20260520_121558] Agent result: passed=True, score=1.0000
[20:16:37] [eml-001] Result saved to /Volumes/F/work/ClawEvalkit-private-emnlp/outputs/harness/memory/clawbench-official/qwen3.6-27b/eml-001.json
[20:16:40] [clawbench_eml-002_qwen3.6-27b_20260520_121637] Container started
[20:16:40] [eml-002] Harness detected, timeout adjusted: 120 → 300
[20:17:11]   [container] [setup] 运行 setup.sh: /app/claw-bench/tasks/email/eml-002-compose-from-template/environment/setup.sh
[20:17:11]   [container] [setup] setup.sh 成功
[20:17:11]   [container] [setup] 工作空间文件: ['instruction.md', 'template.txt', 'contacts.json']
[20:17:11]   [container] DONE
[20:17:11]   [container-err] Loading weights:   0%|          | 0/103 [00:00<?, ?it/s]
[20:17:11]   [container-err] Loading weights: 100%|██████████| 103/103 [00:00<00:00, 38524.46it/s]
[20:17:11]   [container-err] [1mBertModel LOAD REPORT[0m from: sentence-transformers/all-MiniLM-L6-v2
[20:17:11]   [container-err] Key                     | Status     |  | 
[20:17:11]   [container-err] ------------------------+------------+--+-
[20:17:11]   [container-err] embeddings.position_ids | UNEXPECTED |  | 
[20:17:11]   [container-err] 
[20:17:11]   [container-err] Notes:
[20:17:11]   [container-err] - UNEXPECTED:	can be ignored when loading from different task/architecture; not ok if you expect identical arch.
[20:17:11] [clawbench_eml-002_qwen3.6-27b_20260520_121637] Agent finished in 31.58s, returncode=0
[20:17:11] [clawbench_eml-002_qwen3.6-27b_20260520_121637] Agent result: passed=False, score=0.8571
[20:17:13] [eml-002] Result saved to /Volumes/F/work/ClawEvalkit-private-emnlp/outputs/harness/memory/clawbench-official/qwen3.6-27b/eml-002.json
[20:17:17] [clawbench_eml-003_qwen3.6-27b_20260520_121713] Container started
[20:17:17] [eml-003] Harness detected, timeout adjusted: 120 → 300
[20:17:38]   [container] [setup] 运行 setup.sh: /app/claw-bench/tasks/email/eml-003-count-by-sender/environment/setup.sh
[20:17:38]   [container] [setup] setup.sh 成功
[20:17:38]   [container] [setup] 工作空间文件: ['inbox.json', 'instruction.md']
[20:17:38]   [container] DONE
[20:17:38]   [container-err] Loading weights:   0%|          | 0/103 [00:00<?, ?it/s]
[20:17:38]   [container-err] Loading weights: 100%|██████████| 103/103 [00:00<00:00, 33196.04it/s]
[20:17:38]   [container-err] [1mBertModel LOAD REPORT[0m from: sentence-transformers/all-MiniLM-L6-v2
[20:17:38]   [container-err] Key                     | Status     |  | 
[20:17:38]   [container-err] ------------------------+------------+--+-
[20:17:38]   [container-err] embeddings.position_ids | UNEXPECTED |  | 
[20:17:38]   [container-err] 
[20:17:38]   [container-err] Notes:
[20:17:38]   [container-err] - UNEXPECTED:	can be ignored when loading from different task/architecture; not ok if you expect identical arch.
[20:17:38] [clawbench_eml-003_qwen3.6-27b_20260520_121713] Agent finished in 21.95s, returncode=0
[20:17:39] [clawbench_eml-003_qwen3.6-27b_20260520_121713] Agent result: passed=True, score=1.0000
[20:17:41] [eml-003] Result saved to /Volumes/F/work/ClawEvalkit-private-emnlp/outputs/harness/memory/clawbench-official/qwen3.6-27b/eml-003.json
[20:17:45] [clawbench_eml-004_qwen3.6-27b_20260520_121741] Container started
[20:17:45] [eml-004] Harness detected, timeout adjusted: 180 → 360
[20:17:45]   [container] [setup] 运行 setup.sh: /app/claw-bench/tasks/educational-assessment/edu-005-assessment-generation/environment/setup.sh
[20:17:45]   [container] [setup] setup.sh 成功
[20:17:45]   [container] [setup] 工作空间文件: ['instruction.md', 'learning_objectives.csv', 'content_outline.json']
[20:17:45]   [container] DONE
[20:17:45]   [container-err] Loading weights:   0%|          | 0/103 [00:00<?, ?it/s]
[20:17:45]   [container-err] Loading weights: 100%|██████████| 103/103 [00:00<00:00, 31185.54it/s]
[20:17:45]   [container-err] [1mBertModel LOAD REPORT[0m from: sentence-transformers/all-MiniLM-L6-v2
[20:17:45]   [container-err] Key                     | Status     |  | 
[20:17:45]   [container-err] ------------------------+------------+--+-
[20:17:45]   [container-err] embeddings.position_ids | UNEXPECTED |  | 
[20:17:45]   [container-err] 
[20:17:45]   [container-err] Notes:
[20:17:45]   [container-err] - UNEXPECTED:	can be ignored when loading from different task/architecture; not ok if you expect identical arch.
[20:17:45] [clawbench_edu-005-assessment-generation_qwen3.6-27b_20260520_121555] Agent finished in 106.63s, returncode=0
[20:17:45] [clawbench_edu-005-assessment-generation_qwen3.6-27b_20260520_121555] Agent result: passed=True, score=1.0000
[20:17:47] [edu-005-assessment-generation] Result saved to /Volumes/F/work/ClawEvalkit-private-emnlp/outputs/harness/memory/clawbench-official/qwen3.6-27b/edu-005-assessment-generation.json
[20:17:50] [clawbench_eml-005_qwen3.6-27b_20260520_121747] Container started
[20:17:50] [eml-005] Harness detected, timeout adjusted: 180 → 360
[20:18:18]   [container] [setup] 运行 setup.sh: /app/claw-bench/tasks/email/eml-005-extract-action-items/environment/setup.sh
[20:18:18]   [container] [setup] setup.sh 成功
[20:18:18]   [container] [setup] 工作空间文件: ['email_thread.json', 'instruction.md']
[20:18:18]   [container] DONE
[20:18:18]   [container-err] Loading weights:   0%|          | 0/103 [00:00<?, ?it/s]
[20:18:18]   [container-err] Loading weights: 100%|██████████| 103/103 [00:00<00:00, 36823.50it/s]
[20:18:18]   [container-err] [1mBertModel LOAD REPORT[0m from: sentence-transformers/all-MiniLM-L6-v2
[20:18:18]   [container-err] Key                     | Status     |  | 
[20:18:18]   [container-err] ------------------------+------------+--+-
[20:18:18]   [container-err] embeddings.position_ids | UNEXPECTED |  | 
[20:18:18]   [container-err] 
[20:18:18]   [container-err] Notes:
[20:18:18]   [container-err] - UNEXPECTED:	can be ignored when loading from different task/architecture; not ok if you expect identical arch.
[20:18:18] [clawbench_eml-005_qwen3.6-27b_20260520_121747] Agent finished in 27.95s, returncode=0
[20:18:18] [clawbench_eml-005_qwen3.6-27b_20260520_121747] Agent result: passed=True, score=1.0000
[20:18:18] [eml-005] Result saved to /Volumes/F/work/ClawEvalkit-private-emnlp/outputs/harness/memory/clawbench-official/qwen3.6-27b/eml-005.json
[20:18:23] [clawbench_eml-006_qwen3.6-27b_20260520_121818] Container started
[20:18:23] [eml-006] Harness detected, timeout adjusted: 180 → 360
[20:18:42]   [container] [setup] 运行 setup.sh: /app/claw-bench/tasks/email/eml-004-classify-emails/environment/setup.sh
[20:18:42]   [container] [setup] setup.sh 成功
[20:18:42]   [container] [setup] 工作空间文件: ['instruction.md', 'emails.json']
[20:18:42]   [container] DONE
[20:18:42]   [container-err] Loading weights:   0%|          | 0/103 [00:00<?, ?it/s]
[20:18:42]   [container-err] Loading weights: 100%|██████████| 103/103 [00:00<00:00, 67344.24it/s]
[20:18:42]   [container-err] [1mBertModel LOAD REPORT[0m from: sentence-transformers/all-MiniLM-L6-v2
[20:18:42]   [container-err] Key                     | Status     |  | 
[20:18:42]   [container-err] ------------------------+------------+--+-
[20:18:42]   [container-err] embeddings.position_ids | UNEXPECTED |  | 
[20:18:42]   [container-err] 
[20:18:42]   [container-err] Notes:
[20:18:42]   [container-err] - UNEXPECTED:	can be ignored when loading from different task/architecture; not ok if you expect identical arch.
[20:18:42] [clawbench_eml-004_qwen3.6-27b_20260520_121741] Agent finished in 56.82s, returncode=0
[20:18:42] [clawbench_eml-004_qwen3.6-27b_20260520_121741] Agent result: passed=True, score=1.0000
[20:18:42] [eml-004] Result saved to /Volumes/F/work/ClawEvalkit-private-emnlp/outputs/harness/memory/clawbench-official/qwen3.6-27b/eml-004.json
[20:18:45] [clawbench_eml-007_qwen3.6-27b_20260520_121842] Container started
[20:18:45] [eml-007] Harness detected, timeout adjusted: 180 → 360
[20:18:59]   [container] [setup] 运行 setup.sh: /app/claw-bench/tasks/email/eml-006-generate-summary/environment/setup.sh
[20:18:59]   [container] [setup] setup.sh 成功
[20:18:59]   [container] [setup] 工作空间文件: ['long_email.txt', 'instruction.md']
[20:18:59]   [container] DONE
[20:18:59]   [container-err] Loading weights:   0%|          | 0/103 [00:00<?, ?it/s]
[20:18:59]   [container-err] Loading weights: 100%|██████████| 103/103 [00:00<00:00, 47985.48it/s]
[20:18:59]   [container-err] [1mBertModel LOAD REPORT[0m from: sentence-transformers/all-MiniLM-L6-v2
[20:18:59]   [container-err] Key                     | Status     |  | 
[20:18:59]   [container-err] ------------------------+------------+--+-
[20:18:59]   [container-err] embeddings.position_ids | UNEXPECTED |  | 
[20:18:59]   [container-err] 
[20:18:59]   [container-err] Notes:
[20:18:59]   [container-err] - UNEXPECTED:	can be ignored when loading from different task/architecture; not ok if you expect identical arch.
[20:18:59] [clawbench_eml-006_qwen3.6-27b_20260520_121818] Agent finished in 35.99s, returncode=0
[20:18:59] [clawbench_eml-006_qwen3.6-27b_20260520_121818] Agent result: passed=True, score=1.0000
[20:19:01] [eml-006] Result saved to /Volumes/F/work/ClawEvalkit-private-emnlp/outputs/harness/memory/clawbench-official/qwen3.6-27b/eml-006.json
[20:19:04] [clawbench_eml-008_qwen3.6-27b_20260520_121901] Container started
[20:19:04] [eml-008] Harness detected, timeout adjusted: 180 → 360
[20:19:10]   [container] [setup] 运行 setup.sh: /app/claw-bench/tasks/email/eml-008-attachment-inventory/environment/setup.sh
[20:19:10]   [container] [setup] setup.sh 成功
[20:19:10]   [container] [setup] 工作空间文件: ['instruction.md']
[20:19:10]   [container] DONE
[20:19:10] [clawbench_eml-008_qwen3.6-27b_20260520_121901] Agent finished in 5.99s, returncode=0
[20:19:10] [clawbench_eml-008_qwen3.6-27b_20260520_121901] Agent result: passed=False, score=0.2500
[20:19:11] [eml-008] Result saved to /Volumes/F/work/ClawEvalkit-private-emnlp/outputs/harness/memory/clawbench-official/qwen3.6-27b/eml-008.json
[20:19:14]   [container] [setup] 运行 setup.sh: /app/claw-bench/tasks/email/eml-007-filter-sort-inbox/environment/setup.sh
[20:19:14]   [container] [setup] setup.sh 成功
[20:19:14]   [container] [setup] 工作空间文件: ['inbox.json', 'instruction.md']
[20:19:14]   [container] DONE
[20:19:14]   [container-err] Loading weights:   0%|          | 0/103 [00:00<?, ?it/s]
[20:19:14]   [container-err] Loading weights: 100%|██████████| 103/103 [00:00<00:00, 34489.33it/s]
[20:19:14]   [container-err] [1mBertModel LOAD REPORT[0m from: sentence-transformers/all-MiniLM-L6-v2
[20:19:14]   [container-err] Key                     | Status     |  | 
[20:19:14]   [container-err] ------------------------+------------+--+-
[20:19:14]   [container-err] embeddings.position_ids | UNEXPECTED |  | 
[20:19:14]   [container-err] 
[20:19:14]   [container-err] Notes:
[20:19:14]   [container-err] - UNEXPECTED:	can be ignored when loading from different task/architecture; not ok if you expect identical arch.
[20:19:14] [clawbench_eml-007_qwen3.6-27b_20260520_121842] Agent finished in 28.33s, returncode=0
[20:19:14] [clawbench_eml-007_qwen3.6-27b_20260520_121842] Agent result: passed=True, score=1.0000
[20:19:14] [eml-007] Result saved to /Volumes/F/work/ClawEvalkit-private-emnlp/outputs/harness/memory/clawbench-official/qwen3.6-27b/eml-007.json
[20:19:14] [clawbench_eml-009_qwen3.6-27b_20260520_121911] Container started
[20:19:14] [eml-009] Harness detected, timeout adjusted: 300 → 480
[20:19:16] [clawbench_eml-010_qwen3.6-27b_20260520_121914] Container started
[20:19:16] [eml-010] Harness detected, timeout adjusted: 300 → 480
[20:19:23]   [container] [setup] 运行 setup.sh: /app/claw-bench/tasks/email/eml-010-auto-reply-generator/environment/setup.sh
[20:19:23]   [container] [setup] setup.sh 成功
[20:19:23]   [container] [setup] 工作空间文件: ['incoming.json', 'instruction.md', 'rules.json']
[20:19:23]   [container] DONE
[20:19:23] [clawbench_eml-010_qwen3.6-27b_20260520_121914] Agent finished in 7.39s, returncode=0
[20:19:23] [clawbench_eml-010_qwen3.6-27b_20260520_121914] Agent result: passed=False, score=0.4375
[20:19:24] [eml-010] Result saved to /Volumes/F/work/ClawEvalkit-private-emnlp/outputs/harness/memory/clawbench-official/qwen3.6-27b/eml-010.json
[20:19:26] [clawbench_eml-011_qwen3.6-27b_20260520_121924] Container started
[20:19:26] [eml-011] Harness detected, timeout adjusted: 300 → 480
[20:19:38]   [container] [setup] 运行 setup.sh: /app/claw-bench/tasks/email/eml-009-thread-reconstruction/environment/setup.sh
[20:19:38]   [container] [setup] setup.sh 成功
[20:19:38]   [container] [setup] 工作空间文件: ['flat_emails.json', 'instruction.md']
[20:19:38]   [container] DONE
[20:19:38] [clawbench_eml-009_qwen3.6-27b_20260520_121911] Agent finished in 24.20s, returncode=0
[20:19:38] [clawbench_eml-009_qwen3.6-27b_20260520_121911] Agent result: passed=False, score=0.3529
[20:19:39] [eml-009] Result saved to /Volumes/F/work/ClawEvalkit-private-emnlp/outputs/harness/memory/clawbench-official/qwen3.6-27b/eml-009.json
[20:19:41] [clawbench_eml-012_qwen3.6-27b_20260520_121939] Container started
[20:19:41] [eml-012] Harness detected, timeout adjusted: 600 → 780
[20:20:12]   [container] [setup] 运行 setup.sh: /app/claw-bench/tasks/email/eml-011-analytics-dashboard/environment/setup.sh
[20:20:12]   [container] [setup] setup.sh 成功
[20:20:12]   [container] [setup] 工作空间文件: ['email_archive.json', 'instruction.md']
[20:20:12]   [container] DONE
[20:20:12]   [container-err] Loading weights:   0%|          | 0/103 [00:00<?, ?it/s]
[20:20:12]   [container-err] Loading weights: 100%|██████████| 103/103 [00:00<00:00, 12141.69it/s]
[20:20:12]   [container-err] [1mBertModel LOAD REPORT[0m from: sentence-transformers/all-MiniLM-L6-v2
[20:20:12]   [container-err] Key                     | Status     |  | 
[20:20:12]   [container-err] ------------------------+------------+--+-
[20:20:12]   [container-err] embeddings.position_ids | UNEXPECTED |  | 
[20:20:12]   [container-err] 
[20:20:12]   [container-err] Notes:
[20:20:12]   [container-err] - UNEXPECTED:	can be ignored when loading from different task/architecture; not ok if you expect identical arch.
[20:20:12] [clawbench_eml-011_qwen3.6-27b_20260520_121924] Agent finished in 46.18s, returncode=0
[20:20:12] [clawbench_eml-011_qwen3.6-27b_20260520_121924] Agent result: passed=False, score=0.9474
[20:20:13] [eml-011] Result saved to /Volumes/F/work/ClawEvalkit-private-emnlp/outputs/harness/memory/clawbench-official/qwen3.6-27b/eml-011.json
[20:20:16] [clawbench_eml-013_qwen3.6-27b_20260520_122013] Container started
[20:20:16] [eml-013] Harness detected, timeout adjusted: 120 → 300
[20:20:17]   [container] [setup] 运行 setup.sh: /app/claw-bench/tasks/email/eml-012-complex-workflow/environment/setup.sh
[20:20:17]   [container] [setup] setup.sh 成功
[20:20:17]   [container] [setup] 工作空间文件: ['instruction.md', 'routing_rules.json', 'incoming_batch.json']
[20:20:17]   [container] DONE
[20:20:17]   [container-err] Loading weights:   0%|          | 0/103 [00:00<?, ?it/s]
[20:20:17]   [container-err] Loading weights: 100%|██████████| 103/103 [00:00<00:00, 42600.66it/s]
[20:20:17]   [container-err] [1mBertModel LOAD REPORT[0m from: sentence-transformers/all-MiniLM-L6-v2
[20:20:17]   [container-err] Key                     | Status     |  | 
[20:20:17]   [container-err] ------------------------+------------+--+-
[20:20:17]   [container-err] embeddings.position_ids | UNEXPECTED |  | 
[20:20:17]   [container-err] 
[20:20:17]   [container-err] Notes:
[20:20:17]   [container-err] - UNEXPECTED:	can be ignored when loading from different task/architecture; not ok if you expect identical arch.
[20:20:17] [clawbench_eml-012_qwen3.6-27b_20260520_121939] Agent finished in 36.25s, returncode=0
[20:20:17] [clawbench_eml-012_qwen3.6-27b_20260520_121939] Agent result: passed=True, score=1.0000
[20:20:18] [eml-012] Result saved to /Volumes/F/work/ClawEvalkit-private-emnlp/outputs/harness/memory/clawbench-official/qwen3.6-27b/eml-012.json
[20:20:21] [clawbench_eml-014_qwen3.6-27b_20260520_122018] Container started
[20:20:21] [eml-014] Harness detected, timeout adjusted: 180 → 360
[20:21:33]   [container] [setup] 运行 setup.sh: /app/claw-bench/tasks/email/eml-013-signature-extractor/environment/setup.sh
[20:21:33]   [container] [setup] setup.sh 成功
[20:21:33]   [container] [setup] 工作空间文件: ['instruction.md', 'emails.txt']
[20:21:33]   [container] DONE
[20:21:33]   [container-err] Loading weights:   0%|          | 0/103 [00:00<?, ?it/s]
[20:21:33]   [container-err] Loading weights: 100%|██████████| 103/103 [00:00<00:00, 37713.95it/s]
[20:21:33]   [container-err] [1mBertModel LOAD REPORT[0m from: sentence-transformers/all-MiniLM-L6-v2
[20:21:33]   [container-err] Key                     | Status     |  | 
[20:21:33]   [container-err] ------------------------+------------+--+-
[20:21:33]   [container-err] embeddings.position_ids | UNEXPECTED |  | 
[20:21:33]   [container-err] 
[20:21:33]   [container-err] Notes:
[20:21:33]   [container-err] - UNEXPECTED:	can be ignored when loading from different task/architecture; not ok if you expect identical arch.
[20:21:33] [clawbench_eml-013_qwen3.6-27b_20260520_122013] Agent finished in 76.99s, returncode=0
[20:21:33] [clawbench_eml-013_qwen3.6-27b_20260520_122013] Agent result: passed=False, score=0.9524
[20:21:35] [eml-013] Result saved to /Volumes/F/work/ClawEvalkit-private-emnlp/outputs/harness/memory/clawbench-official/qwen3.6-27b/eml-013.json
[20:21:35]   [container] [setup] 运行 setup.sh: /app/claw-bench/tasks/email/eml-014-thread-reconstructor/environment/setup.sh
[20:21:35]   [container] [setup] setup.sh 成功
[20:21:35]   [container] [setup] 工作空间文件: ['instruction.md', 'emails.json']
[20:21:35]   [container] DONE
[20:21:35]   [container-err] Loading weights:   0%|          | 0/103 [00:00<?, ?it/s]
[20:21:35]   [container-err] Loading weights: 100%|██████████| 103/103 [00:00<00:00, 19818.94it/s]
[20:21:35]   [container-err] [1mBertModel LOAD REPORT[0m from: sentence-transformers/all-MiniLM-L6-v2
[20:21:35]   [container-err] Key                     | Status     |  | 
[20:21:35]   [container-err] ------------------------+------------+--+-
[20:21:35]   [container-err] embeddings.position_ids | UNEXPECTED |  | 
[20:21:35]   [container-err] 
[20:21:35]   [container-err] Notes:
[20:21:35]   [container-err] - UNEXPECTED:	can be ignored when loading from different task/architecture; not ok if you expect identical arch.
[20:21:35] [clawbench_eml-014_qwen3.6-27b_20260520_122018] Agent finished in 73.88s, returncode=0
[20:21:35] [clawbench_eml-014_qwen3.6-27b_20260520_122018] Agent result: passed=False, score=0.9565
[20:21:35] [eml-014] Result saved to /Volumes/F/work/ClawEvalkit-private-emnlp/outputs/harness/memory/clawbench-official/qwen3.6-27b/eml-014.json
[20:21:39] [clawbench_eml-016_qwen3.6-27b_20260520_122135] Container started
[20:21:39] [eml-016] Harness detected, timeout adjusted: 180 → 360
[20:21:40] [clawbench_eml-015_qwen3.6-27b_20260520_122135] Container started
[20:21:40] [eml-015] Harness detected, timeout adjusted: 180 → 360
[20:22:40]   [container] [setup] 运行 setup.sh: /app/claw-bench/tasks/email/eml-016-weekly-digest-generator/environment/setup.sh
[20:22:40]   [container] [setup] setup.sh 成功
[20:22:40]   [container] [setup] 工作空间文件: ['email_01.json', 'email_06.json', 'email_07.json', 'instruction.md', 'email_08.json', 'email_04.json', 'email_05.json', 'email_02.json', 'email_03.json']
[20:22:40]   [container] DONE
[20:22:40]   [container-err] Loading weights:   0%|          | 0/103 [00:00<?, ?it/s]
[20:22:40]   [container-err] Loading weights: 100%|██████████| 103/103 [00:00<00:00, 25128.74it/s]
[20:22:40]   [container-err] [1mBertModel LOAD REPORT[0m from: sentence-transformers/all-MiniLM-L6-v2
[20:22:40]   [container-err] Key                     | Status     |  | 
[20:22:40]   [container-err] ------------------------+------------+--+-
[20:22:40]   [container-err] embeddings.position_ids | UNEXPECTED |  | 
[20:22:40]   [container-err] 
[20:22:40]   [container-err] Notes:
[20:22:40]   [container-err] - UNEXPECTED:	can be ignored when loading from different task/architecture; not ok if you expect identical arch.
[20:22:40] [clawbench_eml-016_qwen3.6-27b_20260520_122135] Agent finished in 60.78s, returncode=0
[20:22:40] [clawbench_eml-016_qwen3.6-27b_20260520_122135] Agent result: passed=True, score=1.0000
[20:22:41] [eml-016] Result saved to /Volumes/F/work/ClawEvalkit-private-emnlp/outputs/harness/memory/clawbench-official/qwen3.6-27b/eml-016.json
[20:22:44] [clawbench_eml-017_qwen3.6-27b_20260520_122241] Container started
[20:22:44] [eml-017] Harness detected, timeout adjusted: 180 → 360
[20:23:49]   [container] [setup] 运行 setup.sh: /app/claw-bench/tasks/email/eml-015-auto-reply-generator/environment/setup.sh
[20:23:49]   [container] [setup] setup.sh 成功
[20:23:49]   [container] [setup] 工作空间文件: ['inbox.json', 'instruction.md', 'rules.yaml', 'rules.json']
[20:23:49]   [container] DONE
[20:23:49]   [container-err] Loading weights:   0%|          | 0/103 [00:00<?, ?it/s]
[20:23:49]   [container-err] Loading weights: 100%|██████████| 103/103 [00:00<00:00, 32629.40it/s]
[20:23:49]   [container-err] [1mBertModel LOAD REPORT[0m from: sentence-transformers/all-MiniLM-L6-v2
[20:23:49]   [container-err] Key                     | Status     |  | 
[20:23:49]   [container-err] ------------------------+------------+--+-
[20:23:49]   [container-err] embeddings.position_ids | UNEXPECTED |  | 
[20:23:49]   [container-err] 
[20:23:49]   [container-err] Notes:
[20:23:49]   [container-err] - UNEXPECTED:	can be ignored when loading from different task/architecture; not ok if you expect identical arch.
[20:23:49] [clawbench_eml-015_qwen3.6-27b_20260520_122135] Agent finished in 129.93s, returncode=0
[20:23:50] [clawbench_eml-015_qwen3.6-27b_20260520_122135] Agent result: passed=False, score=0.9565
[20:23:50] [eml-015] Result saved to /Volumes/F/work/ClawEvalkit-private-emnlp/outputs/harness/memory/clawbench-official/qwen3.6-27b/eml-015.json
[20:23:52] [clawbench_eml-018_qwen3.6-27b_20260520_122350] Container started
[20:23:52] [eml-018] Harness detected, timeout adjusted: 240 → 420
[20:24:11]   [container] [setup] 运行 setup.sh: /app/claw-bench/tasks/email/eml-017-out-of-office-responder/environment/setup.sh
[20:24:11]   [container] [setup] setup.sh 成功
[20:24:11]   [container] [setup] 工作空间文件: ['incoming_01.json', 'instruction.md', 'ooo_config.json', 'incoming_04.json', 'incoming_02.json', 'incoming_03.json']
[20:24:11]   [container] DONE
[20:24:11]   [container-err] Loading weights:   0%|          | 0/103 [00:00<?, ?it/s]
[20:24:11]   [container-err] Loading weights: 100%|██████████| 103/103 [00:00<00:00, 29659.02it/s]
[20:24:11]   [container-err] [1mBertModel LOAD REPORT[0m from: sentence-transformers/all-MiniLM-L6-v2
[20:24:11]   [container-err] Key                     | Status     |  | 
[20:24:11]   [container-err] ------------------------+------------+--+-
[20:24:11]   [container-err] embeddings.position_ids | UNEXPECTED |  | 
[20:24:11]   [container-err] 
[20:24:11]   [container-err] Notes:
[20:24:11]   [container-err] - UNEXPECTED:	can be ignored when loading from different task/architecture; not ok if you expect identical arch.
[20:24:11] [clawbench_eml-017_qwen3.6-27b_20260520_122241] Agent finished in 87.39s, returncode=0
[20:24:11] [clawbench_eml-017_qwen3.6-27b_20260520_122241] Agent result: passed=True, score=1.0000
[20:24:12] [eml-017] Result saved to /Volumes/F/work/ClawEvalkit-private-emnlp/outputs/harness/memory/clawbench-official/qwen3.6-27b/eml-017.json
[20:24:16] [clawbench_file-001_qwen3.6-27b_20260520_122412] Container started
[20:24:16] [file-001] Harness detected, timeout adjusted: 120 → 300
[20:24:39]   [container] [setup] 运行 setup.sh: /app/claw-bench/tasks/file-operations/file-001-csv-to-markdown/environment/setup.sh
[20:24:39]   [container] [setup] setup.sh 成功
[20:24:39]   [container] [setup] 工作空间文件: ['sample.csv', 'instruction.md']
[20:24:39]   [container] DONE
[20:24:39]   [container-err] Loading weights:   0%|          | 0/103 [00:00<?, ?it/s]
[20:24:39]   [container-err] Loading weights: 100%|██████████| 103/103 [00:00<00:00, 46912.08it/s]
[20:24:39]   [container-err] [1mBertModel LOAD REPORT[0m from: sentence-transformers/all-MiniLM-L6-v2
[20:24:39]   [container-err] Key                     | Status     |  | 
[20:24:39]   [container-err] ------------------------+------------+--+-
[20:24:39]   [container-err] embeddings.position_ids | UNEXPECTED |  | 
[20:24:39]   [container-err] 
[20:24:39]   [container-err] Notes:
[20:24:39]   [container-err] - UNEXPECTED:	can be ignored when loading from different task/architecture; not ok if you expect identical arch.
[20:24:39] [clawbench_file-001_qwen3.6-27b_20260520_122412] Agent finished in 22.56s, returncode=0
[20:24:39] [clawbench_file-001_qwen3.6-27b_20260520_122412] Agent result: passed=True, score=1.0000
[20:24:40] [file-001] Result saved to /Volumes/F/work/ClawEvalkit-private-emnlp/outputs/harness/memory/clawbench-official/qwen3.6-27b/file-001.json
[20:24:43] [clawbench_file-002_qwen3.6-27b_20260520_122440] Container started
[20:24:43] [file-002] Harness detected, timeout adjusted: 120 → 300
[20:25:03]   [container] [setup] 运行 setup.sh: /app/claw-bench/tasks/email/eml-018-expense-receipt-emails/environment/setup.sh
[20:25:03]   [container] [setup] setup.sh 成功
[20:25:03]   [container] [setup] 工作空间文件: ['receipt_04.json', 'receipt_05.json', 'receipt_02.json', 'receipt_03.json', 'instruction.md', 'receipt_01.json', 'receipt_06.json']
[20:25:03]   [container] DONE
[20:25:03]   [container-err] Loading weights:   0%|          | 0/103 [00:00<?, ?it/s]
[20:25:03]   [container-err] Loading weights: 100%|██████████| 103/103 [00:00<00:00, 32770.49it/s]
[20:25:03]   [container-err] [1mBertModel LOAD REPORT[0m from: sentence-transformers/all-MiniLM-L6-v2
[20:25:03]   [container-err] Key                     | Status     |  | 
[20:25:03]   [container-err] ------------------------+------------+--+-
[20:25:03]   [container-err] embeddings.position_ids | UNEXPECTED |  | 
[20:25:03]   [container-err] 
[20:25:03]   [container-err] Notes:
[20:25:03]   [container-err] - UNEXPECTED:	can be ignored when loading from different task/architecture; not ok if you expect identical arch.
[20:25:03] [clawbench_eml-018_qwen3.6-27b_20260520_122350] Agent finished in 70.26s, returncode=0
[20:25:03] [clawbench_eml-018_qwen3.6-27b_20260520_122350] Agent result: passed=True, score=1.0000
[20:25:04] [eml-018] Result saved to /Volumes/F/work/ClawEvalkit-private-emnlp/outputs/harness/memory/clawbench-official/qwen3.6-27b/eml-018.json
[20:25:06] [clawbench_file-003_qwen3.6-27b_20260520_122504] Container started
[20:25:06] [file-003] Harness detected, timeout adjusted: 120 → 300
[20:25:16]   [container] [setup] 运行 setup.sh: /app/claw-bench/tasks/file-operations/file-002-csv-to-json/environment/setup.sh
[20:25:16]   [container] [setup] setup.sh 成功
[20:25:16]   [container] [setup] 工作空间文件: ['data.csv', 'instruction.md']
[20:25:16]   [container] DONE
[20:25:16]   [container-err] Loading weights:   0%|          | 0/103 [00:00<?, ?it/s]
[20:25:16]   [container-err] Loading weights: 100%|██████████| 103/103 [00:00<00:00, 32945.42it/s]
[20:25:16]   [container-err] [1mBertModel LOAD REPORT[0m from: sentence-transformers/all-MiniLM-L6-v2
[20:25:16]   [container-err] Key                     | Status     |  | 
[20:25:16]   [container-err] ------------------------+------------+--+-
[20:25:16]   [container-err] embeddings.position_ids | UNEXPECTED |  | 
[20:25:16]   [container-err] 
[20:25:16]   [container-err] Notes:
[20:25:16]   [container-err] - UNEXPECTED:	can be ignored when loading from different task/architecture; not ok if you expect identical arch.
[20:25:16] [clawbench_file-002_qwen3.6-27b_20260520_122440] Agent finished in 32.72s, returncode=0
[20:25:16] [clawbench_file-002_qwen3.6-27b_20260520_122440] Agent result: passed=True, score=1.0000
[20:25:18] [file-002] Result saved to /Volumes/F/work/ClawEvalkit-private-emnlp/outputs/harness/memory/clawbench-official/qwen3.6-27b/file-002.json
[20:25:21] [clawbench_file-004_qwen3.6-27b_20260520_122518] Container started
[20:25:21] [file-004] Harness detected, timeout adjusted: 120 → 300
[20:25:35]   [container] [setup] 运行 setup.sh: /app/claw-bench/tasks/file-operations/file-003-find-and-replace/environment/setup.sh
[20:25:35]   [container] [setup] setup.sh 成功
[20:25:35]   [container] [setup] 工作空间文件: ['instruction.md', 'input.txt']
[20:25:35]   [container] DONE
[20:25:35]   [container-err] Loading weights:   0%|          | 0/103 [00:00<?, ?it/s]
[20:25:35]   [container-err] Loading weights: 100%|██████████| 103/103 [00:00<00:00, 24305.91it/s]
[20:25:35]   [container-err] [1mBertModel LOAD REPORT[0m from: sentence-transformers/all-MiniLM-L6-v2
[20:25:35]   [container-err] Key                     | Status     |  | 
[20:25:35]   [container-err] ------------------------+------------+--+-
[20:25:35]   [container-err] embeddings.position_ids | UNEXPECTED |  | 
[20:25:35]   [container-err] 
[20:25:35]   [container-err] Notes:
[20:25:35]   [container-err] - UNEXPECTED:	can be ignored when loading from different task/architecture; not ok if you expect identical arch.
[20:25:35] [clawbench_file-003_qwen3.6-27b_20260520_122504] Agent finished in 28.49s, returncode=0
[20:25:35] [clawbench_file-003_qwen3.6-27b_20260520_122504] Agent result: passed=True, score=1.0000
[20:25:37] [file-003] Result saved to /Volumes/F/work/ClawEvalkit-private-emnlp/outputs/harness/memory/clawbench-official/qwen3.6-27b/file-003.json
[20:25:39] [clawbench_file-005_qwen3.6-27b_20260520_122537] Container started
[20:25:39] [file-005] Harness detected, timeout adjusted: 120 → 300
[20:25:42]   [container] [setup] 运行 setup.sh: /app/claw-bench/tasks/file-operations/file-004-sort-lines/environment/setup.sh
[20:25:42]   [container] [setup] setup.sh 成功
[20:25:42]   [container] [setup] 工作空间文件: ['names.txt', 'instruction.md']
[20:25:42]   [container] DONE
[20:25:42]   [container-err] Loading weights:   0%|          | 0/103 [00:00<?, ?it/s]
[20:25:42]   [container-err] Loading weights: 100%|██████████| 103/103 [00:00<00:00, 21234.37it/s]
[20:25:42]   [container-err] [1mBertModel LOAD REPORT[0m from: sentence-transformers/all-MiniLM-L6-v2
[20:25:42]   [container-err] Key                     | Status     |  | 
[20:25:42]   [container-err] ------------------------+------------+--+-
[20:25:42]   [container-err] embeddings.position_ids | UNEXPECTED |  | 
[20:25:42]   [container-err] 
[20:25:42]   [container-err] Notes:
[20:25:42]   [container-err] - UNEXPECTED:	can be ignored when loading from different task/architecture; not ok if you expect identical arch.
[20:25:42] [clawbench_file-004_qwen3.6-27b_20260520_122518] Agent finished in 21.06s, returncode=0
[20:25:42] [clawbench_file-004_qwen3.6-27b_20260520_122518] Agent result: passed=True, score=1.0000
[20:25:43] [file-004] Result saved to /Volumes/F/work/ClawEvalkit-private-emnlp/outputs/harness/memory/clawbench-official/qwen3.6-27b/file-004.json
[20:25:45] [clawbench_file-006_qwen3.6-27b_20260520_122543] Container started
[20:25:45] [file-006] Harness detected, timeout adjusted: 120 → 300
[20:26:13]   [container] [setup] 运行 setup.sh: /app/claw-bench/tasks/file-operations/file-006-extract-emails/environment/setup.sh
[20:26:13]   [container] [setup] setup.sh 成功
[20:26:13]   [container] [setup] 工作空间文件: ['document.txt', 'instruction.md']
[20:26:13]   [container] DONE
[20:26:13]   [container-err] Loading weights:   0%|          | 0/103 [00:00<?, ?it/s]
[20:26:13]   [container-err] Loading weights: 100%|██████████| 103/103 [00:00<00:00, 26799.83it/s]
[20:26:13]   [container-err] [1mBertModel LOAD REPORT[0m from: sentence-transformers/all-MiniLM-L6-v2
[20:26:13]   [container-err] Key                     | Status     |  | 
[20:26:13]   [container-err] ------------------------+------------+--+-
[20:26:13]   [container-err] embeddings.position_ids | UNEXPECTED |  | 
[20:26:13]   [container-err] 
[20:26:13]   [container-err] Notes:
[20:26:13]   [container-err] - UNEXPECTED:	can be ignored when loading from different task/architecture; not ok if you expect identical arch.
[20:26:13] [clawbench_file-006_qwen3.6-27b_20260520_122543] Agent finished in 27.40s, returncode=0
[20:26:13]   [container] [setup] 运行 setup.sh: /app/claw-bench/tasks/file-operations/file-005-merge-files/environment/setup.sh
[20:26:13]   [container] [setup] setup.sh 成功
[20:26:13]   [container] [setup] 工作空间文件: ['instruction.md', 'part2.txt', 'part3.txt', 'part1.txt']
[20:26:13]   [container] DONE
[20:26:13]   [container-err] Loading weights:   0%|          | 0/103 [00:00<?, ?it/s]
[20:26:13]   [container-err] Loading weights: 100%|██████████| 103/103 [00:00<00:00, 39930.98it/s]
[20:26:13]   [container-err] [1mBertModel LOAD REPORT[0m from: sentence-transformers/all-MiniLM-L6-v2
[20:26:13]   [container-err] Key                     | Status     |  | 
[20:26:13]   [container-err] ------------------------+------------+--+-
[20:26:13]   [container-err] embeddings.position_ids | UNEXPECTED |  | 
[20:26:13]   [container-err] 
[20:26:13]   [container-err] Notes:
[20:26:13]   [container-err] - UNEXPECTED:	can be ignored when loading from different task/architecture; not ok if you expect identical arch.
[20:26:13] [clawbench_file-005_qwen3.6-27b_20260520_122537] Agent finished in 33.47s, returncode=0
[20:26:13] [clawbench_file-005_qwen3.6-27b_20260520_122537] Agent result: passed=True, score=1.0000
[20:26:13] [clawbench_file-006_qwen3.6-27b_20260520_122543] Agent result: passed=True, score=1.0000
[20:26:14] [file-005] Result saved to /Volumes/F/work/ClawEvalkit-private-emnlp/outputs/harness/memory/clawbench-official/qwen3.6-27b/file-005.json
[20:26:14] [file-006] Result saved to /Volumes/F/work/ClawEvalkit-private-emnlp/outputs/harness/memory/clawbench-official/qwen3.6-27b/file-006.json
[20:26:18] [clawbench_file-008_qwen3.6-27b_20260520_122614] Container started
[20:26:18] [file-008] Harness detected, timeout adjusted: 120 → 300
[20:26:18] [clawbench_file-007_qwen3.6-27b_20260520_122614] Container started
[20:26:18] [file-007] Harness detected, timeout adjusted: 120 → 300
[20:26:48]   [container] [setup] 运行 setup.sh: /app/claw-bench/tasks/file-operations/file-007-json-to-yaml/environment/setup.sh
[20:26:48]   [container] [setup] setup.sh 成功
[20:26:48]   [container] [setup] 工作空间文件: ['config.json', 'instruction.md']
[20:26:48]   [container] DONE
[20:26:48]   [container-err] Loading weights:   0%|          | 0/103 [00:00<?, ?it/s]
[20:26:48]   [container-err] Loading weights: 100%|██████████| 103/103 [00:00<00:00, 14873.93it/s]
[20:26:48]   [container-err] [1mBertModel LOAD REPORT[0m from: sentence-transformers/all-MiniLM-L6-v2
[20:26:48]   [container-err] Key                     | Status     |  | 
[20:26:48]   [container-err] ------------------------+------------+--+-
[20:26:48]   [container-err] embeddings.position_ids | UNEXPECTED |  | 
[20:26:48]   [container-err] 
[20:26:48]   [container-err] Notes:
[20:26:48]   [container-err] - UNEXPECTED:	can be ignored when loading from different task/architecture; not ok if you expect identical arch.
[20:26:48] [clawbench_file-007_qwen3.6-27b_20260520_122614] Agent finished in 30.37s, returncode=0
[20:26:48] [clawbench_file-007_qwen3.6-27b_20260520_122614] Agent result: passed=True, score=1.0000
[20:26:48] [file-007] Result saved to /Volumes/F/work/ClawEvalkit-private-emnlp/outputs/harness/memory/clawbench-official/qwen3.6-27b/file-007.json
[20:26:50]   [container] [setup] 运行 setup.sh: /app/claw-bench/tasks/file-operations/file-008-deduplicate-lines/environment/setup.sh
[20:26:50]   [container] [setup] setup.sh 成功
[20:26:50]   [container] [setup] 工作空间文件: ['instruction.md', 'data.txt']
[20:26:50]   [container] DONE
[20:26:50]   [container-err] Loading weights:   0%|          | 0/103 [00:00<?, ?it/s]
[20:26:50]   [container-err] Loading weights: 100%|██████████| 103/103 [00:00<00:00, 23858.91it/s]
[20:26:50]   [container-err] [1mBertModel LOAD REPORT[0m from: sentence-transformers/all-MiniLM-L6-v2
[20:26:50]   [container-err] Key                     | Status     |  | 
[20:26:50]   [container-err] ------------------------+------------+--+-
[20:26:50]   [container-err] embeddings.position_ids | UNEXPECTED |  | 
[20:26:50]   [container-err] 
[20:26:50]   [container-err] Notes:
[20:26:50]   [container-err] - UNEXPECTED:	can be ignored when loading from different task/architecture; not ok if you expect identical arch.
[20:26:50] [clawbench_file-008_qwen3.6-27b_20260520_122614] Agent finished in 32.69s, returncode=0
[20:26:50] [clawbench_file-008_qwen3.6-27b_20260520_122614] Agent result: passed=True, score=1.0000
[20:26:51] [clawbench_file-009_qwen3.6-27b_20260520_122648] Container started
[20:26:51] [file-009] Harness detected, timeout adjusted: 120 → 300
[20:26:51] [file-008] Result saved to /Volumes/F/work/ClawEvalkit-private-emnlp/outputs/harness/memory/clawbench-official/qwen3.6-27b/file-008.json
[20:26:54] [clawbench_file-010_qwen3.6-27b_20260520_122651] Container started
[20:26:54] [file-010] Harness detected, timeout adjusted: 120 → 300
[20:27:31]   [container] [setup] 运行 setup.sh: /app/claw-bench/tasks/file-operations/file-009-word-frequency/environment/setup.sh
[20:27:31]   [container] [setup] setup.sh 成功
[20:27:31]   [container] [setup] 工作空间文件: ['instruction.md', 'article.txt']
[20:27:31]   [container] DONE
[20:27:31]   [container-err] Loading weights:   0%|          | 0/103 [00:00<?, ?it/s]
[20:27:31]   [container-err] Loading weights: 100%|██████████| 103/103 [00:00<00:00, 29107.49it/s]
[20:27:31]   [container-err] [1mBertModel LOAD REPORT[0m from: sentence-transformers/all-MiniLM-L6-v2
[20:27:31]   [container-err] Key                     | Status     |  | 
[20:27:31]   [container-err] ------------------------+------------+--+-
[20:27:31]   [container-err] embeddings.position_ids | UNEXPECTED |  | 
[20:27:31]   [container-err] 
[20:27:31]   [container-err] Notes:
[20:27:31]   [container-err] - UNEXPECTED:	can be ignored when loading from different task/architecture; not ok if you expect identical arch.
[20:27:31] [clawbench_file-009_qwen3.6-27b_20260520_122648] Agent finished in 40.61s, returncode=0
[20:27:31] [clawbench_file-009_qwen3.6-27b_20260520_122648] Agent result: passed=True, score=1.0000
[20:27:32] [file-009] Result saved to /Volumes/F/work/ClawEvalkit-private-emnlp/outputs/harness/memory/clawbench-official/qwen3.6-27b/file-009.json
[20:27:34] [clawbench_file-011_qwen3.6-27b_20260520_122732] Container started
[20:27:34] [file-011] Harness detected, timeout adjusted: 120 → 300
[20:27:35]   [container] [setup] 运行 setup.sh: /app/claw-bench/tasks/file-operations/file-010-directory-tree/environment/setup.sh
[20:27:35]   [container] [setup] setup.sh 成功
[20:27:35]   [container] [setup] 工作空间文件: ['instruction.md']
[20:27:35]   [container] DONE
[20:27:35]   [container-err] Loading weights:   0%|          | 0/103 [00:00<?, ?it/s]
[20:27:35]   [container-err] Loading weights: 100%|██████████| 103/103 [00:00<00:00, 28453.75it/s]
[20:27:35]   [container-err] [1mBertModel LOAD REPORT[0m from: sentence-transformers/all-MiniLM-L6-v2
[20:27:35]   [container-err] Key                     | Status     |  | 
[20:27:35]   [container-err] ------------------------+------------+--+-
[20:27:35]   [container-err] embeddings.position_ids | UNEXPECTED |  | 
[20:27:35]   [container-err] 
[20:27:35]   [container-err] Notes:
[20:27:35]   [container-err] - UNEXPECTED:	can be ignored when loading from different task/architecture; not ok if you expect identical arch.
[20:27:35] [clawbench_file-010_qwen3.6-27b_20260520_122651] Agent finished in 41.05s, returncode=0
[20:27:35] [clawbench_file-010_qwen3.6-27b_20260520_122651] Agent result: passed=True, score=0.7857
[20:27:35] [file-010] Result saved to /Volumes/F/work/ClawEvalkit-private-emnlp/outputs/harness/memory/clawbench-official/qwen3.6-27b/file-010.json
[20:27:37] [clawbench_file-012_qwen3.6-27b_20260520_122735] Container started
[20:27:37] [file-012] Harness detected, timeout adjusted: 120 → 300
[20:28:13]   [container] [setup] 运行 setup.sh: /app/claw-bench/tasks/file-operations/file-012-csv-stats/environment/setup.sh
[20:28:13]   [container] [setup] setup.sh 成功
[20:28:13]   [container] [setup] 工作空间文件: ['instruction.md', 'sales.csv']
[20:28:13]   [container] DONE
[20:28:13]   [container-err] Loading weights:   0%|          | 0/103 [00:00<?, ?it/s]
[20:28:13]   [container-err] Loading weights: 100%|██████████| 103/103 [00:00<00:00, 41372.66it/s]
[20:28:13]   [container-err] [1mBertModel LOAD REPORT[0m from: sentence-transformers/all-MiniLM-L6-v2
[20:28:13]   [container-err] Key                     | Status     |  | 
[20:28:13]   [container-err] ------------------------+------------+--+-
[20:28:13]   [container-err] embeddings.position_ids | UNEXPECTED |  | 
[20:28:13]   [container-err] 
[20:28:13]   [container-err] Notes:
[20:28:13]   [container-err] - UNEXPECTED:	can be ignored when loading from different task/architecture; not ok if you expect identical arch.
[20:28:13] [clawbench_file-012_qwen3.6-27b_20260520_122735] Agent finished in 35.79s, returncode=0
[20:28:13] [clawbench_file-012_qwen3.6-27b_20260520_122735] Agent result: passed=True, score=1.0000
[20:28:13] [file-012] Result saved to /Volumes/F/work/ClawEvalkit-private-emnlp/outputs/harness/memory/clawbench-official/qwen3.6-27b/file-012.json
[20:28:16] [clawbench_file-013_qwen3.6-27b_20260520_122813] Container started
[20:28:16] [file-013] Harness detected, timeout adjusted: 120 → 300
[20:29:19]   [container] [setup] 运行 setup.sh: /app/claw-bench/tasks/file-operations/file-013-multi-file-search/environment/setup.sh
[20:29:19]   [container] [setup] setup.sh 成功
[20:29:19]   [container] [setup] 工作空间文件: ['backlog.txt', 'design.txt', 'instruction.md', 'meeting_notes.txt', 'api_notes.txt', 'changelog.txt']
[20:29:19]   [container] DONE
[20:29:19]   [container-err] Loading weights:   0%|          | 0/103 [00:00<?, ?it/s]
[20:29:19]   [container-err] Loading weights: 100%|██████████| 103/103 [00:00<00:00, 26260.61it/s]
[20:29:19]   [container-err] [1mBertModel LOAD REPORT[0m from: sentence-transformers/all-MiniLM-L6-v2
[20:29:19]   [container-err] Key                     | Status     |  | 
[20:29:19]   [container-err] ------------------------+------------+--+-
[20:29:19]   [container-err] embeddings.position_ids | UNEXPECTED |  | 
[20:29:19]   [container-err] 
[20:29:19]   [container-err] Notes:
[20:29:19]   [container-err] - UNEXPECTED:	can be ignored when loading from different task/architecture; not ok if you expect identical arch.
[20:29:19] [clawbench_file-013_qwen3.6-27b_20260520_122813] Agent finished in 63.18s, returncode=0
[20:29:19] [clawbench_file-013_qwen3.6-27b_20260520_122813] Agent result: passed=False, score=0.9286
[20:29:19] [file-013] Result saved to /Volumes/F/work/ClawEvalkit-private-emnlp/outputs/harness/memory/clawbench-official/qwen3.6-27b/file-013.json
[20:29:21] [clawbench_file-014_qwen3.6-27b_20260520_122919] Container started
[20:29:21] [file-014] Harness detected, timeout adjusted: 120 → 300
[20:29:46]   [container] [setup] 运行 setup.sh: /app/claw-bench/tasks/file-operations/file-011-log-filtering/environment/setup.sh
[20:29:46]   [container] [setup] setup.sh 失败 (rc=1)
[20:29:46]   [container] [setup] stderr: cp: cannot stat '/app/claw-bench/tasks/file-operations/file-011-log-filtering/environment/data/app.log': No such file or directory
[20:29:46]   [container] 
[20:29:46]   [container] [setup] 重试 (bash -x) ...
[20:29:46]   [container] [setup] 重试也失败 (rc=1)
[20:29:46]   [container] [setup] stderr: + set -euo pipefail
[20:29:46]   [container] +++ dirname /app/claw-bench/tasks/file-operations/file-011-log-filtering/environment/setup.sh
[20:29:46]   [container] ++ cd /app/claw-bench/tasks/file-operations/file-011-log-filtering/environment/..
[20:29:46]   [container] ++ pwd
[20:29:46]   [container] + TASK_DIR=/app/claw-bench/tasks/file-operations/file-011-log-filtering
[20:29:46]   [container] + WORKSPACE=/tmp/clawbench_workspace
[20:29:46]   [container] + mkdir -p /tmp/clawbench_workspace
[20:29:46]   [container] + cp /app/claw-bench/tasks/file-operations/file-011-log-filtering/environment/data/app.log /tmp/clawbench_workspace/app.log
[20:29:46]   [container] cp: cannot stat '/app/claw-bench/tasks/file-operations/file-011-log-filtering/environment/data/app.log': No such file or directory
[20:29:46]   [container] 
[20:29:46]   [container] [setup] 工作空间文件: ['instruction.md']
[20:29:46]   [container] DONE
[20:29:46]   [container-err] Loading weights:   0%|          | 0/103 [00:00<?, ?it/s]
[20:29:46]   [container-err] Loading weights: 100%|██████████| 103/103 [00:00<00:00, 29501.05it/s]
[20:29:46]   [container-err] [1mBertModel LOAD REPORT[0m from: sentence-transformers/all-MiniLM-L6-v2
[20:29:46]   [container-err] Key                     | Status     |  | 
[20:29:46]   [container-err] ------------------------+------------+--+-
[20:29:46]   [container-err] embeddings.position_ids | UNEXPECTED |  | 
[20:29:46]   [container-err] 
[20:29:46]   [container-err] Notes:
[20:29:46]   [container-err] - UNEXPECTED:	can be ignored when loading from different task/architecture; not ok if you expect identical arch.
[20:29:46] [clawbench_file-011_qwen3.6-27b_20260520_122732] Agent finished in 131.99s, returncode=0
[20:29:46] [clawbench_file-011_qwen3.6-27b_20260520_122732] Agent result: passed=False, score=0.6923
[20:29:47] [file-011] Result saved to /Volumes/F/work/ClawEvalkit-private-emnlp/outputs/harness/memory/clawbench-official/qwen3.6-27b/file-011.json
[20:29:50] [clawbench_file-015_qwen3.6-27b_20260520_122947] Container started
[20:29:50] [file-015] Harness detected, timeout adjusted: 180 → 360
[20:30:41]   [container] [setup] 运行 setup.sh: /app/claw-bench/tasks/file-operations/file-014-file-diff/environment/setup.sh
[20:30:41]   [container] [setup] setup.sh 成功
[20:30:41]   [container] [setup] 工作空间文件: ['original.txt', 'instruction.md', 'modified.txt']
[20:30:41]   [container] DONE
[20:30:41]   [container-err] Loading weights:   0%|          | 0/103 [00:00<?, ?it/s]
[20:30:41]   [container-err] Loading weights: 100%|██████████| 103/103 [00:00<00:00, 19524.26it/s]
[20:30:41]   [container-err] [1mBertModel LOAD REPORT[0m from: sentence-transformers/all-MiniLM-L6-v2
[20:30:41]   [container-err] Key                     | Status     |  | 
[20:30:41]   [container-err] ------------------------+------------+--+-
[20:30:41]   [container-err] embeddings.position_ids | UNEXPECTED |  | 
[20:30:41]   [container-err] 
[20:30:41]   [container-err] Notes:
[20:30:41]   [container-err] - UNEXPECTED:	can be ignored when loading from different task/architecture; not ok if you expect identical arch.
[20:30:41] [clawbench_file-014_qwen3.6-27b_20260520_122919] Agent finished in 79.33s, returncode=0
[20:30:41] [clawbench_file-014_qwen3.6-27b_20260520_122919] Agent result: passed=True, score=1.0000
[20:30:41] [file-014] Result saved to /Volumes/F/work/ClawEvalkit-private-emnlp/outputs/harness/memory/clawbench-official/qwen3.6-27b/file-014.json
[20:30:44] [clawbench_fin-001-portfolio-beta_qwen3.6-27b_20260520_123041] Container started
[20:30:44] [fin-001-portfolio-beta] Harness detected, timeout adjusted: 3600 → 3780
[20:30:54]   [container] [setup] 运行 setup.sh: /app/claw-bench/tasks/file-operations/file-015-data-pipeline/environment/setup.sh
[20:30:54]   [container] [setup] setup.sh 成功
[20:30:54]   [container] [setup] 工作空间文件: ['instruction.md', 'raw_data.csv']
[20:30:54]   [container] DONE
[20:30:54]   [container-err] Loading weights:   0%|          | 0/103 [00:00<?, ?it/s]
[20:30:54]   [container-err] Loading weights: 100%|██████████| 103/103 [00:00<00:00, 25546.29it/s]
[20:30:54]   [container-err] [1mBertModel LOAD REPORT[0m from: sentence-transformers/all-MiniLM-L6-v2
[20:30:54]   [container-err] Key                     | Status     |  | 
[20:30:54]   [container-err] ------------------------+------------+--+-
[20:30:54]   [container-err] embeddings.position_ids | UNEXPECTED |  | 
[20:30:54]   [container-err] 
[20:30:54]   [container-err] Notes:
[20:30:54]   [container-err] - UNEXPECTED:	can be ignored when loading from different task/architecture; not ok if you expect identical arch.
[20:30:54] [clawbench_file-015_qwen3.6-27b_20260520_122947] Agent finished in 63.35s, returncode=0
[20:30:54] [clawbench_file-015_qwen3.6-27b_20260520_122947] Agent result: passed=True, score=1.0000
[20:30:54] [file-015] Result saved to /Volumes/F/work/ClawEvalkit-private-emnlp/outputs/harness/memory/clawbench-official/qwen3.6-27b/file-015.json
[20:30:58] [clawbench_fin-002-dcf-valuation_qwen3.6-27b_20260520_123054] Container started
[20:30:58] [fin-002-dcf-valuation] Harness detected, timeout adjusted: 3600 → 3780
[20:32:06]   [container] [setup] 运行 setup.sh: /app/claw-bench/tasks/financial-analysis/fin-001-portfolio-beta/environment/setup.sh
[20:32:06]   [container] [setup] setup.sh 成功
[20:32:06]   [container] [setup] 工作空间文件: ['stock_returns.csv', 'instruction.md']
[20:32:06]   [container] DONE
[20:32:06]   [container-err] Loading weights:   0%|          | 0/103 [00:00<?, ?it/s]
[20:32:06]   [container-err] Loading weights: 100%|██████████| 103/103 [00:00<00:00, 33249.70it/s]
[20:32:06]   [container-err] [1mBertModel LOAD REPORT[0m from: sentence-transformers/all-MiniLM-L6-v2
[20:32:06]   [container-err] Key                     | Status     |  | 
[20:32:06]   [container-err] ------------------------+------------+--+-
[20:32:06]   [container-err] embeddings.position_ids | UNEXPECTED |  | 
[20:32:06]   [container-err] 
[20:32:06]   [container-err] Notes:
[20:32:06]   [container-err] - UNEXPECTED:	can be ignored when loading from different task/architecture; not ok if you expect identical arch.
[20:32:06] [clawbench_fin-001-portfolio-beta_qwen3.6-27b_20260520_123041] Agent finished in 81.88s, returncode=0
[20:32:06] [clawbench_fin-001-portfolio-beta_qwen3.6-27b_20260520_123041] Agent result: passed=True, score=1.0000
[20:32:07] [fin-001-portfolio-beta] Result saved to /Volumes/F/work/ClawEvalkit-private-emnlp/outputs/harness/memory/clawbench-official/qwen3.6-27b/fin-001-portfolio-beta.json
[20:32:09] [clawbench_fin-003-risk-metrics_qwen3.6-27b_20260520_123207] Container started
[20:32:09] [fin-003-risk-metrics] Harness detected, timeout adjusted: 3600 → 3780
[20:33:19]   [container] [setup] 运行 setup.sh: /app/claw-bench/tasks/financial-analysis/fin-003-risk-metrics/environment/setup.sh
[20:33:19]   [container] [setup] setup.sh 成功
[20:33:19]   [container] [setup] 工作空间文件: ['portfolio_returns.csv', 'instruction.md']
[20:33:19]   [container] DONE
[20:33:19]   [container-err] Loading weights:   0%|          | 0/103 [00:00<?, ?it/s]
[20:33:19]   [container-err] Loading weights: 100%|██████████| 103/103 [00:00<00:00, 62321.60it/s]
[20:33:19]   [container-err] [1mBertModel LOAD REPORT[0m from: sentence-transformers/all-MiniLM-L6-v2
[20:33:19]   [container-err] Key                     | Status     |  | 
[20:33:19]   [container-err] ------------------------+------------+--+-
[20:33:19]   [container-err] embeddings.position_ids | UNEXPECTED |  | 
[20:33:19]   [container-err] 
[20:33:19]   [container-err] Notes:
[20:33:19]   [container-err] - UNEXPECTED:	can be ignored when loading from different task/architecture; not ok if you expect identical arch.
[20:33:19] [clawbench_fin-003-risk-metrics_qwen3.6-27b_20260520_123207] Agent finished in 69.77s, returncode=0
[20:33:19] [clawbench_fin-003-risk-metrics_qwen3.6-27b_20260520_123207] Agent result: passed=True, score=1.0000
[20:33:20] [fin-003-risk-metrics] Result saved to /Volumes/F/work/ClawEvalkit-private-emnlp/outputs/harness/memory/clawbench-official/qwen3.6-27b/fin-003-risk-metrics.json
[20:33:23] [clawbench_fin-004-earnings-report_qwen3.6-27b_20260520_123320] Container started
[20:33:23] [fin-004-earnings-report] Harness detected, timeout adjusted: 3600 → 3780
[20:34:12]   [container] [setup] 运行 setup.sh: /app/claw-bench/tasks/financial-analysis/fin-002-dcf-valuation/environment/setup.sh
[20:34:12]   [container] [setup] setup.sh 成功
[20:34:12]   [container] [setup] 工作空间文件: ['instruction.md', 'financials.csv']
[20:34:12]   [container] DONE
[20:34:12]   [container-err] Loading weights:   0%|          | 0/103 [00:00<?, ?it/s]
[20:34:12]   [container-err] Loading weights: 100%|██████████| 103/103 [00:00<00:00, 30318.85it/s]
[20:34:12]   [container-err] [1mBertModel LOAD REPORT[0m from: sentence-transformers/all-MiniLM-L6-v2
[20:34:12]   [container-err] Key                     | Status     |  | 
[20:34:12]   [container-err] ------------------------+------------+--+-
[20:34:12]   [container-err] embeddings.position_ids | UNEXPECTED |  | 
[20:34:12]   [container-err] 
[20:34:12]   [container-err] Notes:
[20:34:12]   [container-err] - UNEXPECTED:	can be ignored when loading from different task/architecture; not ok if you expect identical arch.
[20:34:12] [clawbench_fin-002-dcf-valuation_qwen3.6-27b_20260520_123054] Agent finished in 193.31s, returncode=0
[20:34:12] [clawbench_fin-002-dcf-valuation_qwen3.6-27b_20260520_123054] Agent result: passed=True, score=1.0000
[20:34:13] [fin-002-dcf-valuation] Result saved to /Volumes/F/work/ClawEvalkit-private-emnlp/outputs/harness/memory/clawbench-official/qwen3.6-27b/fin-002-dcf-valuation.json
[20:34:15] [clawbench_fin-005-forex-arbitrage_qwen3.6-27b_20260520_123413] Container started
[20:34:15] [fin-005-forex-arbitrage] Harness detected, timeout adjusted: 3600 → 3780
[20:34:42]   [container] [setup] 运行 setup.sh: /app/claw-bench/tasks/financial-analysis/fin-004-earnings-report/environment/setup.sh
[20:34:42]   [container] [setup] setup.sh 成功
[20:34:42]   [container] [setup] 工作空间文件: ['earnings_q2.txt', 'earnings_q1.txt', 'instruction.md']
[20:34:42]   [container] DONE
[20:34:42]   [container-err] Loading weights:   0%|          | 0/103 [00:00<?, ?it/s]
[20:34:42]   [container-err] Loading weights: 100%|██████████| 103/103 [00:00<00:00, 3116.01it/s]
[20:34:42]   [container-err] [1mBertModel LOAD REPORT[0m from: sentence-transformers/all-MiniLM-L6-v2
[20:34:42]   [container-err] Key                     | Status     |  | 
[20:34:42]   [container-err] ------------------------+------------+--+-
[20:34:42]   [container-err] embeddings.position_ids | UNEXPECTED |  | 
[20:34:42]   [container-err] 
[20:34:42]   [container-err] Notes:
[20:34:42]   [container-err] - UNEXPECTED:	can be ignored when loading from different task/architecture; not ok if you expect identical arch.
[20:34:42] [clawbench_fin-004-earnings-report_qwen3.6-27b_20260520_123320] Agent finished in 79.90s, returncode=0
[20:34:42] [clawbench_fin-004-earnings-report_qwen3.6-27b_20260520_123320] Agent result: passed=True, score=1.0000
[20:34:43] [fin-004-earnings-report] Result saved to /Volumes/F/work/ClawEvalkit-private-emnlp/outputs/harness/memory/clawbench-official/qwen3.6-27b/fin-004-earnings-report.json
[20:34:47] [clawbench_fin-006_qwen3.6-27b_20260520_123443] Container started
[20:34:47] [fin-006] Harness detected, timeout adjusted: 300 → 480
[20:35:06]   [container] [setup] 运行 setup.sh: /app/claw-bench/tasks/financial-analysis/fin-005-forex-arbitrage/environment/setup.sh
[20:35:06]   [container] [setup] setup.sh 成功
[20:35:06]   [container] [setup] 工作空间文件: ['exchange_rates.csv', 'instruction.md']
[20:35:06]   [container] DONE
[20:35:06]   [container-err] Loading weights:   0%|          | 0/103 [00:00<?, ?it/s]
[20:35:06]   [container-err] Loading weights: 100%|██████████| 103/103 [00:00<00:00, 20162.10it/s]
[20:35:06]   [container-err] [1mBertModel LOAD REPORT[0m from: sentence-transformers/all-MiniLM-L6-v2
[20:35:06]   [container-err] Key                     | Status     |  | 
[20:35:06]   [container-err] ------------------------+------------+--+-
[20:35:06]   [container-err] embeddings.position_ids | UNEXPECTED |  | 
[20:35:06]   [container-err] 
[20:35:06]   [container-err] Notes:
[20:35:06]   [container-err] - UNEXPECTED:	can be ignored when loading from different task/architecture; not ok if you expect identical arch.
[20:35:06] [clawbench_fin-005-forex-arbitrage_qwen3.6-27b_20260520_123413] Agent finished in 50.85s, returncode=0
[20:35:06] [clawbench_fin-005-forex-arbitrage_qwen3.6-27b_20260520_123413] Agent result: passed=True, score=1.0000
[20:35:07] [fin-005-forex-arbitrage] Result saved to /Volumes/F/work/ClawEvalkit-private-emnlp/outputs/harness/memory/clawbench-official/qwen3.6-27b/fin-005-forex-arbitrage.json
[20:35:10] [clawbench_fin-008_qwen3.6-27b_20260520_123507] Container started
[20:35:10] [fin-008] Harness detected, timeout adjusted: 300 → 480
[20:37:21]   [container] [setup] 运行 setup.sh: /app/claw-bench/tasks/financial-analysis/fin-008-calculate-wacc-from-financial-statements/environment/setup.sh
[20:37:21]   [container] [setup] setup.sh 成功
[20:37:21]   [container] [setup] 工作空间文件: ['balance_sheet.csv', 'income_statement.csv', 'instruction.md']
[20:37:21]   [container] DONE
[20:37:21]   [container-err] Loading weights:   0%|          | 0/103 [00:00<?, ?it/s]
[20:37:21]   [container-err] Loading weights: 100%|██████████| 103/103 [00:00<00:00, 24126.73it/s]
[20:37:21]   [container-err] [1mBertModel LOAD REPORT[0m from: sentence-transformers/all-MiniLM-L6-v2
[20:37:21]   [container-err] Key                     | Status     |  | 
[20:37:21]   [container-err] ------------------------+------------+--+-
[20:37:21]   [container-err] embeddings.position_ids | UNEXPECTED |  | 
[20:37:21]   [container-err] 
[20:37:21]   [container-err] Notes:
[20:37:21]   [container-err] - UNEXPECTED:	can be ignored when loading from different task/architecture; not ok if you expect identical arch.
[20:37:21] [clawbench_fin-008_qwen3.6-27b_20260520_123507] Agent finished in 131.57s, returncode=0
[20:37:21] [clawbench_fin-008_qwen3.6-27b_20260520_123507] Agent result: passed=True, score=1.0000
[20:37:22] [fin-008] Result saved to /Volumes/F/work/ClawEvalkit-private-emnlp/outputs/harness/memory/clawbench-official/qwen3.6-27b/fin-008.json
[20:37:25] [clawbench_mkt-001-survey-analysis_qwen3.6-27b_20260520_123722] Container started
[20:37:25] [mkt-001-survey-analysis] Harness detected, timeout adjusted: 3600 → 3780
[20:38:11]   [container] [setup] 运行 setup.sh: /app/claw-bench/tasks/market-research/mkt-001-survey-analysis/environment/setup.sh
[20:38:11]   [container] [setup] setup.sh 成功
[20:38:11]   [container] [setup] 工作空间文件: ['instruction.md', 'survey_responses.csv']
[20:38:11]   [container] DONE
[20:38:11]   [container-err] Loading weights:   0%|          | 0/103 [00:00<?, ?it/s]
[20:38:11]   [container-err] Loading weights: 100%|██████████| 103/103 [00:00<00:00, 3409.06it/s]
[20:38:11]   [container-err] [1mBertModel LOAD REPORT[0m from: sentence-transformers/all-MiniLM-L6-v2
[20:38:11]   [container-err] Key                     | Status     |  | 
[20:38:11]   [container-err] ------------------------+------------+--+-
[20:38:11]   [container-err] embeddings.position_ids | UNEXPECTED |  | 
[20:38:11]   [container-err] 
[20:38:11]   [container-err] Notes:
[20:38:11]   [container-err] - UNEXPECTED:	can be ignored when loading from different task/architecture; not ok if you expect identical arch.
[20:38:11] [clawbench_mkt-001-survey-analysis_qwen3.6-27b_20260520_123722] Agent finished in 46.30s, returncode=0
[20:38:11] [clawbench_mkt-001-survey-analysis_qwen3.6-27b_20260520_123722] Agent result: passed=True, score=1.0000
[20:38:12] [mkt-001-survey-analysis] Result saved to /Volumes/F/work/ClawEvalkit-private-emnlp/outputs/harness/memory/clawbench-official/qwen3.6-27b/mkt-001-survey-analysis.json
[20:38:15] [clawbench_mkt-002-competitor-matrix_qwen3.6-27b_20260520_123812] Container started
[20:38:15] [mkt-002-competitor-matrix] Harness detected, timeout adjusted: 3600 → 3780
[20:39:28]   [container] [setup] 运行 setup.sh: /app/claw-bench/tasks/financial-analysis/fin-006-analyze-stock-portfolio-risk-using-var-and-cvar/environment/setup.sh
[20:39:28]   [container] [setup] setup.sh 成功
[20:39:28]   [container] [setup] 工作空间文件: ['portfolio_returns.csv', 'instruction.md']
[20:39:28]   [container] DONE
[20:39:28]   [container-err] Loading weights:   0%|          | 0/103 [00:00<?, ?it/s]
[20:39:28]   [container-err] Loading weights: 100%|██████████| 103/103 [00:00<00:00, 13533.83it/s]
[20:39:28]   [container-err] [1mBertModel LOAD REPORT[0m from: sentence-transformers/all-MiniLM-L6-v2
[20:39:28]   [container-err] Key                     | Status     |  | 
[20:39:28]   [container-err] ------------------------+------------+--+-
[20:39:28]   [container-err] embeddings.position_ids | UNEXPECTED |  | 
[20:39:28]   [container-err] 
[20:39:28]   [container-err] Notes:
[20:39:28]   [container-err] - UNEXPECTED:	can be ignored when loading from different task/architecture; not ok if you expect identical arch.
[20:39:28] [clawbench_fin-006_qwen3.6-27b_20260520_123443] Agent finished in 281.61s, returncode=0
[20:39:28] [clawbench_fin-006_qwen3.6-27b_20260520_123443] Agent result: passed=False, score=0.0000
[20:39:29] [fin-006] Result saved to /Volumes/F/work/ClawEvalkit-private-emnlp/outputs/harness/memory/clawbench-official/qwen3.6-27b/fin-006.json
[20:39:32] [clawbench_mkt-003-pricing-analysis_qwen3.6-27b_20260520_123929] Container started
[20:39:32] [mkt-003-pricing-analysis] Harness detected, timeout adjusted: 3600 → 3780
[20:40:26]   [container] [setup] 运行 setup.sh: /app/claw-bench/tasks/market-research/mkt-003-pricing-analysis/environment/setup.sh
[20:40:26]   [container] [setup] setup.sh 成功
[20:40:26]   [container] [setup] 工作空间文件: ['instruction.md', 'pricing_history.csv']
[20:40:26]   [container] DONE
[20:40:26]   [container-err] Loading weights:   0%|          | 0/103 [00:00<?, ?it/s]
[20:40:26]   [container-err] Loading weights: 100%|██████████| 103/103 [00:00<00:00, 16425.11it/s]
[20:40:26]   [container-err] [1mBertModel LOAD REPORT[0m from: sentence-transformers/all-MiniLM-L6-v2
[20:40:26]   [container-err] Key                     | Status     |  | 
[20:40:26]   [container-err] ------------------------+------------+--+-
[20:40:26]   [container-err] embeddings.position_ids | UNEXPECTED |  | 
[20:40:26]   [container-err] 
[20:40:26]   [container-err] Notes:
[20:40:26]   [container-err] - UNEXPECTED:	can be ignored when loading from different task/architecture; not ok if you expect identical arch.
[20:40:26] [clawbench_mkt-003-pricing-analysis_qwen3.6-27b_20260520_123929] Agent finished in 54.31s, returncode=0
[20:40:26] [clawbench_mkt-003-pricing-analysis_qwen3.6-27b_20260520_123929] Agent result: passed=True, score=1.0000
[20:40:27] [mkt-003-pricing-analysis] Result saved to /Volumes/F/work/ClawEvalkit-private-emnlp/outputs/harness/memory/clawbench-official/qwen3.6-27b/mkt-003-pricing-analysis.json
[20:40:28]   [container] [setup] 运行 setup.sh: /app/claw-bench/tasks/market-research/mkt-002-competitor-matrix/environment/setup.sh
[20:40:28]   [container] [setup] setup.sh 成功
[20:40:28]   [container] [setup] 工作空间文件: ['products.csv', 'instruction.md']
[20:40:28]   [container] DONE
[20:40:28]   [container-err] Loading weights:   0%|          | 0/103 [00:00<?, ?it/s]
[20:40:28]   [container-err] Loading weights: 100%|██████████| 103/103 [00:00<00:00, 17624.56it/s]
[20:40:28]   [container-err] [1mBertModel LOAD REPORT[0m from: sentence-transformers/all-MiniLM-L6-v2
[20:40:28]   [container-err] Key                     | Status     |  | 
[20:40:28]   [container-err] ------------------------+------------+--+-
[20:40:28]   [container-err] embeddings.position_ids | UNEXPECTED |  | 
[20:40:28]   [container-err] 
[20:40:28]   [container-err] Notes:
[20:40:28]   [container-err] - UNEXPECTED:	can be ignored when loading from different task/architecture; not ok if you expect identical arch.
[20:40:28] [clawbench_mkt-002-competitor-matrix_qwen3.6-27b_20260520_123812] Agent finished in 133.41s, returncode=0
[20:40:28] [clawbench_mkt-002-competitor-matrix_qwen3.6-27b_20260520_123812] Agent result: passed=True, score=1.0000
[20:40:29] [mkt-002-competitor-matrix] Result saved to /Volumes/F/work/ClawEvalkit-private-emnlp/outputs/harness/memory/clawbench-official/qwen3.6-27b/mkt-002-competitor-matrix.json
[20:40:31] [clawbench_mkt-004-trend-extraction_qwen3.6-27b_20260520_124027] Container started
[20:40:31] [mkt-004-trend-extraction] Harness detected, timeout adjusted: 3600 → 3780
[20:40:33] [clawbench_mkt-005-market-sizing_qwen3.6-27b_20260520_124029] Container started
[20:40:33] [mkt-005-market-sizing] Harness detected, timeout adjusted: 3600 → 3780
[20:41:31]   [container] [setup] 运行 setup.sh: /app/claw-bench/tasks/market-research/mkt-005-market-sizing/environment/setup.sh
[20:41:31]   [container] [setup] setup.sh 成功
[20:41:31]   [container] [setup] 工作空间文件: ['instruction.md', 'market_data.csv', 'company_data.json']
[20:41:31]   [container] DONE
[20:41:31]   [container-err] Loading weights:   0%|          | 0/103 [00:00<?, ?it/s]
[20:41:31]   [container-err] Loading weights: 100%|██████████| 103/103 [00:00<00:00, 20177.17it/s]
[20:41:31]   [container-err] [1mBertModel LOAD REPORT[0m from: sentence-transformers/all-MiniLM-L6-v2
[20:41:31]   [container-err] Key                     | Status     |  | 
[20:41:31]   [container-err] ------------------------+------------+--+-
[20:41:31]   [container-err] embeddings.position_ids | UNEXPECTED |  | 
[20:41:31]   [container-err] 
[20:41:31]   [container-err] Notes:
[20:41:31]   [container-err] - UNEXPECTED:	can be ignored when loading from different task/architecture; not ok if you expect identical arch.
[20:41:31] [clawbench_mkt-005-market-sizing_qwen3.6-27b_20260520_124029] Agent finished in 57.82s, returncode=0
[20:41:31] [clawbench_mkt-005-market-sizing_qwen3.6-27b_20260520_124029] Agent result: passed=True, score=1.0000
[20:41:32] [mkt-005-market-sizing] Result saved to /Volumes/F/work/ClawEvalkit-private-emnlp/outputs/harness/memory/clawbench-official/qwen3.6-27b/mkt-005-market-sizing.json
[20:41:34] [clawbench_mem-001_qwen3.6-27b_20260520_124132] Container started
[20:41:34] [mem-001] Harness detected, timeout adjusted: 120 → 300
[20:42:46]   [container] [setup] 运行 setup.sh: /app/claw-bench/tasks/memory/mem-001-recall-given-name/environment/setup.sh
[20:42:46]   [container] [setup] setup.sh 成功
[20:42:46]   [container] [setup] 工作空间文件: ['notes.txt', 'instruction.md', 'inventory.csv']
[20:42:46]   [container] DONE
[20:42:46]   [container-err] Loading weights:   0%|          | 0/103 [00:00<?, ?it/s]
[20:42:46]   [container-err] Loading weights: 100%|██████████| 103/103 [00:00<00:00, 23378.61it/s]
[20:42:46]   [container-err] [1mBertModel LOAD REPORT[0m from: sentence-transformers/all-MiniLM-L6-v2
[20:42:46]   [container-err] Key                     | Status     |  | 
[20:42:46]   [container-err] ------------------------+------------+--+-
[20:42:46]   [container-err] embeddings.position_ids | UNEXPECTED |  | 
[20:42:46]   [container-err] 
[20:42:46]   [container-err] Notes:
[20:42:46]   [container-err] - UNEXPECTED:	can be ignored when loading from different task/architecture; not ok if you expect identical arch.
[20:42:46] [clawbench_mem-001_qwen3.6-27b_20260520_124132] Agent finished in 71.41s, returncode=0
[20:42:46] [clawbench_mem-001_qwen3.6-27b_20260520_124132] Agent result: passed=True, score=1.0000
[20:42:46] [mem-001] Result saved to /Volumes/F/work/ClawEvalkit-private-emnlp/outputs/harness/memory/clawbench-official/qwen3.6-27b/mem-001.json
[20:42:52]   [container] [setup] 运行 setup.sh: /app/claw-bench/tasks/market-research/mkt-004-trend-extraction/environment/setup.sh
[20:42:52]   [container] [setup] setup.sh 成功
[20:42:52]   [container] [setup] 工作空间文件: ['monthly_sales.csv', 'instruction.md']
[20:42:52]   [container] DONE
[20:42:52]   [container-err] Loading weights:   0%|          | 0/103 [00:00<?, ?it/s]
[20:42:52]   [container-err] Loading weights: 100%|██████████| 103/103 [00:00<00:00, 84791.62it/s]
[20:42:52]   [container-err] [1mBertModel LOAD REPORT[0m from: sentence-transformers/all-MiniLM-L6-v2
[20:42:52]   [container-err] Key                     | Status     |  | 
[20:42:52]   [container-err] ------------------------+------------+--+-
[20:42:52]   [container-err] embeddings.position_ids | UNEXPECTED |  | 
[20:42:52]   [container-err] 
[20:42:52]   [container-err] Notes:
[20:42:52]   [container-err] - UNEXPECTED:	can be ignored when loading from different task/architecture; not ok if you expect identical arch.
[20:42:52] [clawbench_mkt-004-trend-extraction_qwen3.6-27b_20260520_124027] Agent finished in 141.00s, returncode=0
[20:42:52] [clawbench_mkt-004-trend-extraction_qwen3.6-27b_20260520_124027] Agent result: passed=True, score=1.0000
[20:42:52] [clawbench_mem-002_qwen3.6-27b_20260520_124246] Container started
[20:42:52] [mem-002] Harness detected, timeout adjusted: 180 → 360
[20:42:53] [mkt-004-trend-extraction] Result saved to /Volumes/F/work/ClawEvalkit-private-emnlp/outputs/harness/memory/clawbench-official/qwen3.6-27b/mkt-004-trend-extraction.json
[20:42:55] [clawbench_mem-003_qwen3.6-27b_20260520_124253] Container started
[20:42:55] [mem-003] Harness detected, timeout adjusted: 180 → 360
[20:43:40]   [container] [setup] 运行 setup.sh: /app/claw-bench/tasks/memory/mem-003-context-carry-over/environment/setup.sh
[20:43:40]   [container] [setup] setup.sh 成功
[20:43:40]   [container] [setup] 工作空间文件: ['config.json', 'instruction.md']
[20:43:40]   [container] DONE
[20:43:40]   [container-err] Loading weights:   0%|          | 0/103 [00:00<?, ?it/s]
[20:43:40]   [container-err] Loading weights: 100%|██████████| 103/103 [00:00<00:00, 22810.78it/s]
[20:43:40]   [container-err] [1mBertModel LOAD REPORT[0m from: sentence-transformers/all-MiniLM-L6-v2
[20:43:40]   [container-err] Key                     | Status     |  | 
[20:43:40]   [container-err] ------------------------+------------+--+-
[20:43:40]   [container-err] embeddings.position_ids | UNEXPECTED |  | 
[20:43:40]   [container-err] 
[20:43:40]   [container-err] Notes:
[20:43:40]   [container-err] - UNEXPECTED:	can be ignored when loading from different task/architecture; not ok if you expect identical arch.
[20:43:40] [clawbench_mem-003_qwen3.6-27b_20260520_124253] Agent finished in 44.67s, returncode=0
[20:43:40] [clawbench_mem-003_qwen3.6-27b_20260520_124253] Agent result: passed=True, score=1.0000
[20:43:41] [mem-003] Result saved to /Volumes/F/work/ClawEvalkit-private-emnlp/outputs/harness/memory/clawbench-official/qwen3.6-27b/mem-003.json
[20:43:46] [clawbench_mem-004_qwen3.6-27b_20260520_124341] Container started
[20:43:46] [mem-004] Harness detected, timeout adjusted: 180 → 360
[20:44:40]   [container] [setup] 运行 setup.sh: /app/claw-bench/tasks/memory/mem-002-multi-step-instructions/environment/setup.sh
[20:44:40]   [container] [setup] setup.sh 成功
[20:44:40]   [container] [setup] 工作空间文件: ['instruction.md', 'words.txt']
[20:44:40]   [container] DONE
[20:44:40]   [container-err] Loading weights:   0%|          | 0/103 [00:00<?, ?it/s]
[20:44:40]   [container-err] Loading weights: 100%|██████████| 103/103 [00:00<00:00, 11769.88it/s]
[20:44:40]   [container-err] [1mBertModel LOAD REPORT[0m from: sentence-transformers/all-MiniLM-L6-v2
[20:44:40]   [container-err] Key                     | Status     |  | 
[20:44:40]   [container-err] ------------------------+------------+--+-
[20:44:40]   [container-err] embeddings.position_ids | UNEXPECTED |  | 
[20:44:40]   [container-err] 
[20:44:40]   [container-err] Notes:
[20:44:40]   [container-err] - UNEXPECTED:	can be ignored when loading from different task/architecture; not ok if you expect identical arch.
[20:44:40] [clawbench_mem-002_qwen3.6-27b_20260520_124246] Agent finished in 108.19s, returncode=0
[20:44:41] [clawbench_mem-002_qwen3.6-27b_20260520_124246] Agent result: passed=True, score=1.0000
[20:44:41] [mem-002] Result saved to /Volumes/F/work/ClawEvalkit-private-emnlp/outputs/harness/memory/clawbench-official/qwen3.6-27b/mem-002.json
[20:44:44] [clawbench_mem-005_qwen3.6-27b_20260520_124441] Container started
[20:44:44] [mem-005] Harness detected, timeout adjusted: 300 → 480
[20:45:30]   [container] [setup] 运行 setup.sh: /app/claw-bench/tasks/memory/mem-004-contradiction-resolution/environment/setup.sh
[20:45:30]   [container] [setup] setup.sh 成功
[20:45:30]   [container] [setup] 工作空间文件: ['spec.txt', 'instruction.md']
[20:45:30]   [container] DONE
[20:45:30]   [container-err] Loading weights:   0%|          | 0/103 [00:00<?, ?it/s]
[20:45:30]   [container-err] Loading weights: 100%|██████████| 103/103 [00:00<00:00, 45104.75it/s]
[20:45:30]   [container-err] [1mBertModel LOAD REPORT[0m from: sentence-transformers/all-MiniLM-L6-v2
[20:45:30]   [container-err] Key                     | Status     |  | 
[20:45:30]   [container-err] ------------------------+------------+--+-
[20:45:30]   [container-err] embeddings.position_ids | UNEXPECTED |  | 
[20:45:30]   [container-err] 
[20:45:30]   [container-err] Notes:
[20:45:30]   [container-err] - UNEXPECTED:	can be ignored when loading from different task/architecture; not ok if you expect identical arch.
[20:45:30] [clawbench_mem-004_qwen3.6-27b_20260520_124341] Agent finished in 103.67s, returncode=0
[20:45:30] [clawbench_mem-004_qwen3.6-27b_20260520_124341] Agent result: passed=False, score=0.9524
[20:45:30] [mem-004] Result saved to /Volumes/F/work/ClawEvalkit-private-emnlp/outputs/harness/memory/clawbench-official/qwen3.6-27b/mem-004.json
[20:45:35] [clawbench_mem-006_qwen3.6-27b_20260520_124530] Container started
[20:45:35] [mem-006] Harness detected, timeout adjusted: 300 → 480
[20:47:35]   [container] [setup] 运行 setup.sh: /app/claw-bench/tasks/memory/mem-006-cross-reference-synthesis/environment/setup.sh
[20:47:35]   [container] [setup] setup.sh 成功
[20:47:35]   [container] [setup] 工作空间文件: ['performance.csv', 'instruction.md', 'employees.csv', 'projects.csv']
[20:47:35]   [container] DONE
[20:47:35]   [container-err] Loading weights:   0%|          | 0/103 [00:00<?, ?it/s]
[20:47:35]   [container-err] Loading weights: 100%|██████████| 103/103 [00:00<00:00, 34503.10it/s]
[20:47:35]   [container-err] [1mBertModel LOAD REPORT[0m from: sentence-transformers/all-MiniLM-L6-v2
[20:47:35]   [container-err] Key                     | Status     |  | 
[20:47:35]   [container-err] ------------------------+------------+--+-
[20:47:35]   [container-err] embeddings.position_ids | UNEXPECTED |  | 
[20:47:35]   [container-err] 
[20:47:35]   [container-err] Notes:
[20:47:35]   [container-err] - UNEXPECTED:	can be ignored when loading from different task/architecture; not ok if you expect identical arch.
[20:47:35] [clawbench_mem-006_qwen3.6-27b_20260520_124530] Agent finished in 119.65s, returncode=0
[20:47:35] [clawbench_mem-006_qwen3.6-27b_20260520_124530] Agent result: passed=True, score=1.0000
[20:47:35] [mem-006] Result saved to /Volumes/F/work/ClawEvalkit-private-emnlp/outputs/harness/memory/clawbench-official/qwen3.6-27b/mem-006.json
[20:47:38] [clawbench_mem-007_qwen3.6-27b_20260520_124735] Container started
[20:47:38] [mem-007] Harness detected, timeout adjusted: 300 → 480
[20:49:43]   [container] [setup] 运行 setup.sh: /app/claw-bench/tasks/memory/mem-007-instruction-chaining/environment/setup.sh
[20:49:43]   [container] [setup] setup.sh 成功
[20:49:43]   [container] [setup] 工作空间文件: ['raw_data.txt', 'instruction.md']
[20:49:43]   [container] DONE
[20:49:43]   [container-err] Loading weights:   0%|          | 0/103 [00:00<?, ?it/s]
[20:49:43]   [container-err] Loading weights: 100%|██████████| 103/103 [00:00<00:00, 48815.06it/s]
[20:49:43]   [container-err] [1mBertModel LOAD REPORT[0m from: sentence-transformers/all-MiniLM-L6-v2
[20:49:43]   [container-err] Key                     | Status     |  | 
[20:49:43]   [container-err] ------------------------+------------+--+-
[20:49:43]   [container-err] embeddings.position_ids | UNEXPECTED |  | 
[20:49:43]   [container-err] 
[20:49:43]   [container-err] Notes:
[20:49:43]   [container-err] - UNEXPECTED:	can be ignored when loading from different task/architecture; not ok if you expect identical arch.
[20:49:43] [clawbench_mem-007_qwen3.6-27b_20260520_124735] Agent finished in 125.57s, returncode=0
[20:49:44] [clawbench_mem-007_qwen3.6-27b_20260520_124735] Agent result: passed=True, score=1.0000
[20:49:44] [mem-007] Result saved to /Volumes/F/work/ClawEvalkit-private-emnlp/outputs/harness/memory/clawbench-official/qwen3.6-27b/mem-007.json
[20:49:47] [clawbench_mem-008_qwen3.6-27b_20260520_124944] Container started
[20:49:47] [mem-008] Harness detected, timeout adjusted: 300 → 480
[20:51:46]   [container] [setup] 运行 setup.sh: /app/claw-bench/tasks/memory/mem-008-ambiguous-requirements/environment/setup.sh
[20:51:46]   [container] [setup] setup.sh 成功
[20:51:46]   [container] [setup] 工作空间文件: ['requirements.txt', 'instruction.md']
[20:51:46]   [container] DONE
[20:51:46]   [container-err] Loading weights:   0%|          | 0/103 [00:00<?, ?it/s]
[20:51:46]   [container-err] Loading weights: 100%|██████████| 103/103 [00:00<00:00, 16329.50it/s]
[20:51:46]   [container-err] [1mBertModel LOAD REPORT[0m from: sentence-transformers/all-MiniLM-L6-v2
[20:51:46]   [container-err] Key                     | Status     |  | 
[20:51:46]   [container-err] ------------------------+------------+--+-
[20:51:46]   [container-err] embeddings.position_ids | UNEXPECTED |  | 
[20:51:46]   [container-err] 
[20:51:46]   [container-err] Notes:
[20:51:46]   [container-err] - UNEXPECTED:	can be ignored when loading from different task/architecture; not ok if you expect identical arch.
[20:51:46] [clawbench_mem-008_qwen3.6-27b_20260520_124944] Agent finished in 118.37s, returncode=0
[20:51:46] [clawbench_mem-008_qwen3.6-27b_20260520_124944] Agent result: passed=True, score=1.0000
[20:51:46] [mem-008] Result saved to /Volumes/F/work/ClawEvalkit-private-emnlp/outputs/harness/memory/clawbench-official/qwen3.6-27b/mem-008.json
[20:51:48] [clawbench_mem-009_qwen3.6-27b_20260520_125146] Container started
[20:51:48] [mem-009] Harness detected, timeout adjusted: 180 → 360
[20:53:24]   [container] [setup] 运行 setup.sh: /app/claw-bench/tasks/memory/mem-005-long-document-summarization/environment/setup.sh
[20:53:24]   [container] [setup] setup.sh 成功
[20:53:24]   [container] [setup] 工作空间文件: ['instruction.md', 'report.txt']
[20:53:24]   [container] DONE
[20:53:24]   [container-err] Loading weights:   0%|          | 0/103 [00:00<?, ?it/s]
[20:53:24]   [container-err] Loading weights: 100%|██████████| 103/103 [00:00<00:00, 18603.62it/s]
[20:53:24]   [container-err] [1mBertModel LOAD REPORT[0m from: sentence-transformers/all-MiniLM-L6-v2
[20:53:24]   [container-err] Key                     | Status     |  | 
[20:53:24]   [container-err] ------------------------+------------+--+-
[20:53:24]   [container-err] embeddings.position_ids | UNEXPECTED |  | 
[20:53:24]   [container-err] 
[20:53:24]   [container-err] Notes:
[20:53:24]   [container-err] - UNEXPECTED:	can be ignored when loading from different task/architecture; not ok if you expect identical arch.
[20:53:24] [clawbench_mem-005_qwen3.6-27b_20260520_124441] Agent finished in 519.73s, returncode=0
[20:53:24] [clawbench_mem-005_qwen3.6-27b_20260520_124441] Agent result: passed=False, score=0.6957
[20:53:25] [mem-005] Result saved to /Volumes/F/work/ClawEvalkit-private-emnlp/outputs/harness/memory/clawbench-official/qwen3.6-27b/mem-005.json
[20:53:28] [clawbench_mem-010_qwen3.6-27b_20260520_125325] Container started
[20:53:28] [mem-010] Harness detected, timeout adjusted: 180 → 360
[20:54:10]   [container] [setup] 运行 setup.sh: /app/claw-bench/tasks/memory/mem-010-multi-file-context-correlation/environment/setup.sh
[20:54:10]   [container] [setup] setup.sh 成功
[20:54:10]   [container] [setup] 工作空间文件: ['file_a.txt', 'file_b.txt', 'file_c.txt', 'file_d.txt', 'file_e.txt', 'instruction.md']
[20:54:10]   [container] DONE
[20:54:10]   [container-err] Loading weights:   0%|          | 0/103 [00:00<?, ?it/s]
[20:54:10]   [container-err] Loading weights: 100%|██████████| 103/103 [00:00<00:00, 36996.94it/s]
[20:54:10]   [container-err] [1mBertModel LOAD REPORT[0m from: sentence-transformers/all-MiniLM-L6-v2
[20:54:10]   [container-err] Key                     | Status     |  | 
[20:54:10]   [container-err] ------------------------+------------+--+-
[20:54:10]   [container-err] embeddings.position_ids | UNEXPECTED |  | 
[20:54:10]   [container-err] 
[20:54:10]   [container-err] Notes:
[20:54:10]   [container-err] - UNEXPECTED:	can be ignored when loading from different task/architecture; not ok if you expect identical arch.
[20:54:10] [clawbench_mem-010_qwen3.6-27b_20260520_125325] Agent finished in 41.56s, returncode=0
[20:54:10] [clawbench_mem-010_qwen3.6-27b_20260520_125325] Agent result: passed=True, score=1.0000
[20:54:11] [mem-010] Result saved to /Volumes/F/work/ClawEvalkit-private-emnlp/outputs/harness/memory/clawbench-official/qwen3.6-27b/mem-010.json
[20:54:15] [clawbench_mem-011_qwen3.6-27b_20260520_125411] Container started
[20:54:15] [mem-011] Harness detected, timeout adjusted: 180 → 360
[20:55:14]   [container] [setup] 运行 setup.sh: /app/claw-bench/tasks/memory/mem-009-sequential-state-tracking/environment/setup.sh
[20:55:14]   [container] [setup] setup.sh 成功
[20:55:14]   [container] [setup] 工作空间文件: ['instruction.md', 'transitions.txt']
[20:55:14]   [container] DONE
[20:55:14]   [container-err] Loading weights:   0%|          | 0/103 [00:00<?, ?it/s]
[20:55:14]   [container-err] Loading weights: 100%|██████████| 103/103 [00:00<00:00, 28312.03it/s]
[20:55:14]   [container-err] [1mBertModel LOAD REPORT[0m from: sentence-transformers/all-MiniLM-L6-v2
[20:55:14]   [container-err] Key                     | Status     |  | 
[20:55:14]   [container-err] ------------------------+------------+--+-
[20:55:14]   [container-err] embeddings.position_ids | UNEXPECTED |  | 
[20:55:14]   [container-err] 
[20:55:14]   [container-err] Notes:
[20:55:14]   [container-err] - UNEXPECTED:	can be ignored when loading from different task/architecture; not ok if you expect identical arch.
[20:55:14] [clawbench_mem-009_qwen3.6-27b_20260520_125146] Agent finished in 206.12s, returncode=0
[20:55:14] [clawbench_mem-009_qwen3.6-27b_20260520_125146] Agent result: passed=True, score=1.0000
[20:55:15] [mem-009] Result saved to /Volumes/F/work/ClawEvalkit-private-emnlp/outputs/harness/memory/clawbench-official/qwen3.6-27b/mem-009.json
[20:55:19] [clawbench_mem-012_qwen3.6-27b_20260520_125515] Container started
[20:55:19] [mem-012] Harness detected, timeout adjusted: 180 → 360
[20:55:54]   [container] [setup] 运行 setup.sh: /app/claw-bench/tasks/memory/mem-011-conversation-tracker/environment/setup.sh
[20:55:54]   [container] [setup] setup.sh 成功
[20:55:54]   [container] [setup] 工作空间文件: ['conversation.jsonl', 'instruction.md']
[20:55:54]   [container] DONE
[20:55:54]   [container-err] Loading weights:   0%|          | 0/103 [00:00<?, ?it/s]
[20:55:54]   [container-err] Loading weights: 100%|██████████| 103/103 [00:00<00:00, 14764.64it/s]
[20:55:54]   [container-err] [1mBertModel LOAD REPORT[0m from: sentence-transformers/all-MiniLM-L6-v2
[20:55:54]   [container-err] Key                     | Status     |  | 
[20:55:54]   [container-err] ------------------------+------------+--+-
[20:55:54]   [container-err] embeddings.position_ids | UNEXPECTED |  | 
[20:55:54]   [container-err] 
[20:55:54]   [container-err] Notes:
[20:55:54]   [container-err] - UNEXPECTED:	can be ignored when loading from different task/architecture; not ok if you expect identical arch.
[20:55:54] [clawbench_mem-011_qwen3.6-27b_20260520_125411] Agent finished in 99.38s, returncode=0
[20:55:54] [clawbench_mem-011_qwen3.6-27b_20260520_125411] Agent result: passed=False, score=0.9500
[20:55:55] [mem-011] Result saved to /Volumes/F/work/ClawEvalkit-private-emnlp/outputs/harness/memory/clawbench-official/qwen3.6-27b/mem-011.json
[20:55:58] [clawbench_mem-013_qwen3.6-27b_20260520_125555] Container started
[20:55:58] [mem-013] Harness detected, timeout adjusted: 240 → 420
[20:57:58]   [container] [setup] 运行 setup.sh: /app/claw-bench/tasks/memory/mem-012-fact-extraction-and-update/environment/setup.sh
[20:57:58]   [container] [setup] setup.sh 成功
[20:57:58]   [container] [setup] 工作空间文件: ['updates.jsonl', 'instruction.md']
[20:57:58]   [container] DONE
[20:57:58]   [container-err] Loading weights:   0%|          | 0/103 [00:00<?, ?it/s]
[20:57:58]   [container-err] Loading weights: 100%|██████████| 103/103 [00:00<00:00, 29320.84it/s]
[20:57:58]   [container-err] [1mBertModel LOAD REPORT[0m from: sentence-transformers/all-MiniLM-L6-v2
[20:57:58]   [container-err] Key                     | Status     |  | 
[20:57:58]   [container-err] ------------------------+------------+--+-
[20:57:58]   [container-err] embeddings.position_ids | UNEXPECTED |  | 
[20:57:58]   [container-err] 
[20:57:58]   [container-err] Notes:
[20:57:58]   [container-err] - UNEXPECTED:	can be ignored when loading from different task/architecture; not ok if you expect identical arch.
[20:57:58] [clawbench_mem-012_qwen3.6-27b_20260520_125515] Agent finished in 158.54s, returncode=0
[20:57:58] [clawbench_mem-012_qwen3.6-27b_20260520_125515] Agent result: passed=True, score=1.0000
[20:57:58] [mem-012] Result saved to /Volumes/F/work/ClawEvalkit-private-emnlp/outputs/harness/memory/clawbench-official/qwen3.6-27b/mem-012.json
[20:58:01] [clawbench_mem-014_qwen3.6-27b_20260520_125758] Container started
[20:58:01] [mem-014] Harness detected, timeout adjusted: 240 → 420
[20:58:49]   [container] [setup] 运行 setup.sh: /app/claw-bench/tasks/memory/mem-013-entity-relationship-tracker/environment/setup.sh
[20:58:49]   [container] [setup] setup.sh 成功
[20:58:49]   [container] [setup] 工作空间文件: ['instruction.md', 'events.jsonl']
[20:58:49]   [container] DONE
[20:58:49]   [container-err] Loading weights:   0%|          | 0/103 [00:00<?, ?it/s]
[20:58:49]   [container-err] Loading weights: 100%|██████████| 103/103 [00:00<00:00, 16841.97it/s]
[20:58:49]   [container-err] [1mBertModel LOAD REPORT[0m from: sentence-transformers/all-MiniLM-L6-v2
[20:58:49]   [container-err] Key                     | Status     |  | 
[20:58:49]   [container-err] ------------------------+------------+--+-
[20:58:49]   [container-err] embeddings.position_ids | UNEXPECTED |  | 
[20:58:49]   [container-err] 
[20:58:49]   [container-err] Notes:
[20:58:49]   [container-err] - UNEXPECTED:	can be ignored when loading from different task/architecture; not ok if you expect identical arch.
[20:58:49] [clawbench_mem-013_qwen3.6-27b_20260520_125555] Agent finished in 171.26s, returncode=0
[20:58:49] [clawbench_mem-013_qwen3.6-27b_20260520_125555] Agent result: passed=True, score=1.0000
[20:58:50] [mem-013] Result saved to /Volumes/F/work/ClawEvalkit-private-emnlp/outputs/harness/memory/clawbench-official/qwen3.6-27b/mem-013.json
[20:58:53] [clawbench_mem-015_qwen3.6-27b_20260520_125850] Container started
[20:58:53] [mem-015] Harness detected, timeout adjusted: 240 → 420
[21:00:17]   [container] [setup] 运行 setup.sh: /app/claw-bench/tasks/memory/mem-014-preference-learning/environment/setup.sh
[21:00:17]   [container] [setup] setup.sh 成功
[21:00:17]   [container] [setup] 工作空间文件: ['instruction.md', 'interactions.jsonl']
[21:00:17]   [container] DONE
[21:00:17]   [container-err] Loading weights:   0%|          | 0/103 [00:00<?, ?it/s]
[21:00:17]   [container-err] Loading weights: 100%|██████████| 103/103 [00:00<00:00, 70326.11it/s]
[21:00:17]   [container-err] [1mBertModel LOAD REPORT[0m from: sentence-transformers/all-MiniLM-L6-v2
[21:00:17]   [container-err] Key                     | Status     |  | 
[21:00:17]   [container-err] ------------------------+------------+--+-
[21:00:17]   [container-err] embeddings.position_ids | UNEXPECTED |  | 
[21:00:17]   [container-err] 
[21:00:17]   [container-err] Notes:
[21:00:17]   [container-err] - UNEXPECTED:	can be ignored when loading from different task/architecture; not ok if you expect identical arch.
[21:00:17] [clawbench_mem-014_qwen3.6-27b_20260520_125758] Agent finished in 135.80s, returncode=0
[21:00:17] [clawbench_mem-014_qwen3.6-27b_20260520_125758] Agent result: passed=True, score=1.0000
[21:00:17] [mem-014] Result saved to /Volumes/F/work/ClawEvalkit-private-emnlp/outputs/harness/memory/clawbench-official/qwen3.6-27b/mem-014.json
[21:00:21] [clawbench_mag-001_qwen3.6-27b_20260520_130017] Container started
[21:00:21] [mag-001] Harness detected, timeout adjusted: 600 → 780
[21:00:36]   [container] [setup] 运行 setup.sh: /app/claw-bench/tasks/memory/mem-015-timeline-reconstructor/environment/setup.sh
[21:00:36]   [container] [setup] setup.sh 成功
[21:00:36]   [container] [setup] 工作空间文件: ['anchors.json', 'instruction.md', 'fragments.json']
[21:00:36]   [container] DONE
[21:00:36]   [container-err] Loading weights:   0%|          | 0/103 [00:00<?, ?it/s]
[21:00:36]   [container-err] Loading weights: 100%|██████████| 103/103 [00:00<00:00, 10458.60it/s]
[21:00:36]   [container-err] [1mBertModel LOAD REPORT[0m from: sentence-transformers/all-MiniLM-L6-v2
[21:00:36]   [container-err] Key                     | Status     |  | 
[21:00:36]   [container-err] ------------------------+------------+--+-
[21:00:36]   [container-err] embeddings.position_ids | UNEXPECTED |  | 
[21:00:36]   [container-err] 
[21:00:36]   [container-err] Notes:
[21:00:36]   [container-err] - UNEXPECTED:	can be ignored when loading from different task/architecture; not ok if you expect identical arch.
[21:00:36] [clawbench_mem-015_qwen3.6-27b_20260520_125850] Agent finished in 102.47s, returncode=0
[21:00:36] [clawbench_mem-015_qwen3.6-27b_20260520_125850] Agent result: passed=False, score=0.9615
[21:00:36] [mem-015] Result saved to /Volumes/F/work/ClawEvalkit-private-emnlp/outputs/harness/memory/clawbench-official/qwen3.6-27b/mem-015.json
[21:00:39] [clawbench_mag-002_qwen3.6-27b_20260520_130036] Container started
[21:00:39] [mag-002] Harness detected, timeout adjusted: 600 → 780
[21:08:23]   [container] [setup] 运行 setup.sh: /app/claw-bench/tasks/multi-agent/mag-002-research-debate/environment/setup.sh
[21:08:23]   [container] [setup] setup.sh 成功
[21:08:23]   [container] [setup] 工作空间文件: ['topic.md', 'instruction.md']
[21:08:23]   [container] DONE
[21:08:23]   [container-err] Loading weights:   0%|          | 0/103 [00:00<?, ?it/s]
[21:08:23]   [container-err] Loading weights: 100%|██████████| 103/103 [00:00<00:00, 16672.97it/s]
[21:08:23]   [container-err] [1mBertModel LOAD REPORT[0m from: sentence-transformers/all-MiniLM-L6-v2
[21:08:23]   [container-err] Key                     | Status     |  | 
[21:08:23]   [container-err] ------------------------+------------+--+-
[21:08:23]   [container-err] embeddings.position_ids | UNEXPECTED |  | 
[21:08:23]   [container-err] 
[21:08:23]   [container-err] Notes:
[21:08:23]   [container-err] - UNEXPECTED:	can be ignored when loading from different task/architecture; not ok if you expect identical arch.
[21:08:23] [clawbench_mag-002_qwen3.6-27b_20260520_130036] Agent finished in 464.57s, returncode=0
[21:08:23] [clawbench_mag-002_qwen3.6-27b_20260520_130036] Agent result: passed=True, score=1.0000
[21:08:25] [mag-002] Result saved to /Volumes/F/work/ClawEvalkit-private-emnlp/outputs/harness/memory/clawbench-official/qwen3.6-27b/mag-002.json
[21:08:27] [clawbench_mag-003_qwen3.6-27b_20260520_130825] Container started
[21:08:27] [mag-003] Harness detected, timeout adjusted: 600 → 780
[21:14:21] [mag-001] Result saved to /Volumes/F/work/ClawEvalkit-private-emnlp/outputs/harness/memory/clawbench-official/qwen3.6-27b/mag-001.json
[21:14:25] [clawbench_mag-004_qwen3.6-27b_20260520_131421] Container started
[21:14:25] [mag-004] Harness detected, timeout adjusted: 900 → 1080
[21:19:16]   [container] [setup] 运行 setup.sh: /app/claw-bench/tasks/multi-agent/mag-003-data-pipeline-handoff/environment/setup.sh
[21:19:16]   [container] [setup] setup.sh 成功
[21:19:16]   [container] [setup] 工作空间文件: ['instruction.md', 'raw_data.csv']
[21:19:16]   [container] DONE
[21:19:16]   [container-err] Loading weights:   0%|          | 0/103 [00:00<?, ?it/s]
[21:19:16]   [container-err] Loading weights: 100%|██████████| 103/103 [00:00<00:00, 22142.04it/s]
[21:19:16]   [container-err] [1mBertModel LOAD REPORT[0m from: sentence-transformers/all-MiniLM-L6-v2
[21:19:16]   [container-err] Key                     | Status     |  | 
[21:19:16]   [container-err] ------------------------+------------+--+-
[21:19:16]   [container-err] embeddings.position_ids | UNEXPECTED |  | 
[21:19:16]   [container-err] 
[21:19:16]   [container-err] Notes:
[21:19:16]   [container-err] - UNEXPECTED:	can be ignored when loading from different task/architecture; not ok if you expect identical arch.
[21:19:16] [clawbench_mag-003_qwen3.6-27b_20260520_130825] Agent finished in 648.78s, returncode=0
[21:19:16] [clawbench_mag-003_qwen3.6-27b_20260520_130825] Agent result: passed=False, score=0.8182
[21:19:16] [mag-003] Result saved to /Volumes/F/work/ClawEvalkit-private-emnlp/outputs/harness/memory/clawbench-official/qwen3.6-27b/mag-003.json
[21:19:19] [clawbench_mm-001_qwen3.6-27b_20260520_131916] Container started
[21:19:19] [mm-001] Harness detected, timeout adjusted: 120 → 300
[21:20:07]   [container] [setup] 运行 setup.sh: /app/claw-bench/tasks/multimodal/mm-001-json-to-yaml/environment/setup.sh
[21:20:07]   [container] [setup] setup.sh 成功
[21:20:07]   [container] [setup] 工作空间文件: ['config.json', 'instruction.md']
[21:20:07]   [container] DONE
[21:20:07]   [container-err] Loading weights:   0%|          | 0/103 [00:00<?, ?it/s]
[21:20:07]   [container-err] Loading weights: 100%|██████████| 103/103 [00:00<00:00, 26710.36it/s]
[21:20:07]   [container-err] [1mBertModel LOAD REPORT[0m from: sentence-transformers/all-MiniLM-L6-v2
[21:20:07]   [container-err] Key                     | Status     |  | 
[21:20:07]   [container-err] ------------------------+------------+--+-
[21:20:07]   [container-err] embeddings.position_ids | UNEXPECTED |  | 
[21:20:07]   [container-err] 
[21:20:07]   [container-err] Notes:
[21:20:07]   [container-err] - UNEXPECTED:	can be ignored when loading from different task/architecture; not ok if you expect identical arch.
[21:20:07] [clawbench_mm-001_qwen3.6-27b_20260520_131916] Agent finished in 47.94s, returncode=0
[21:20:07] [clawbench_mm-001_qwen3.6-27b_20260520_131916] Agent result: passed=True, score=1.0000
[21:20:08] [mm-001] Result saved to /Volumes/F/work/ClawEvalkit-private-emnlp/outputs/harness/memory/clawbench-official/qwen3.6-27b/mm-001.json
[21:20:10] [clawbench_mm-002_qwen3.6-27b_20260520_132008] Container started
[21:20:10] [mm-002] Harness detected, timeout adjusted: 180 → 360
[21:21:14]   [container] [setup] 运行 setup.sh: /app/claw-bench/tasks/multi-agent/mag-004-project-decomposition/environment/setup.sh
[21:21:14]   [container] [setup] setup.sh 成功
[21:21:14]   [container] [setup] 工作空间文件: ['requirements.md', 'instruction.md']
[21:21:14]   [container] DONE
[21:21:14]   [container-err] Loading weights:   0%|          | 0/103 [00:00<?, ?it/s]
[21:21:14]   [container-err] Loading weights: 100%|██████████| 103/103 [00:00<00:00, 104149.79it/s]
[21:21:14]   [container-err] [1mBertModel LOAD REPORT[0m from: sentence-transformers/all-MiniLM-L6-v2
[21:21:14]   [container-err] Key                     | Status     |  | 
[21:21:14]   [container-err] ------------------------+------------+--+-
[21:21:14]   [container-err] embeddings.position_ids | UNEXPECTED |  | 
[21:21:14]   [container-err] 
[21:21:14]   [container-err] Notes:
[21:21:14]   [container-err] - UNEXPECTED:	can be ignored when loading from different task/architecture; not ok if you expect identical arch.
[21:21:14] [clawbench_mag-004_qwen3.6-27b_20260520_131421] Agent finished in 408.88s, returncode=0
[21:21:14] [clawbench_mag-004_qwen3.6-27b_20260520_131421] Agent result: passed=True, score=1.0000
[21:21:15] [mag-004] Result saved to /Volumes/F/work/ClawEvalkit-private-emnlp/outputs/harness/memory/clawbench-official/qwen3.6-27b/mag-004.json
[21:21:17] [clawbench_mm-003_qwen3.6-27b_20260520_132115] Container started
[21:21:17] [mm-003] Harness detected, timeout adjusted: 180 → 360
[21:21:48]   [container] [setup] 运行 setup.sh: /app/claw-bench/tasks/multimodal/mm-002-csv-json-merge/environment/setup.sh
[21:21:48]   [container] [setup] setup.sh 成功
[21:21:48]   [container] [setup] 工作空间文件: ['instruction.md', 'performance.json', 'employees.csv']
[21:21:48]   [container] DONE
[21:21:48]   [container-err] Loading weights:   0%|          | 0/103 [00:00<?, ?it/s]
[21:21:48]   [container-err] Loading weights: 100%|██████████| 103/103 [00:00<00:00, 14191.36it/s]
[21:21:48]   [container-err] [1mBertModel LOAD REPORT[0m from: sentence-transformers/all-MiniLM-L6-v2
[21:21:48]   [container-err] Key                     | Status     |  | 
[21:21:48]   [container-err] ------------------------+------------+--+-
[21:21:48]   [container-err] embeddings.position_ids | UNEXPECTED |  | 
[21:21:48]   [container-err] 
[21:21:48]   [container-err] Notes:
[21:21:48]   [container-err] - UNEXPECTED:	can be ignored when loading from different task/architecture; not ok if you expect identical arch.
[21:21:48] [clawbench_mm-002_qwen3.6-27b_20260520_132008] Agent finished in 97.05s, returncode=0
[21:21:48] [clawbench_mm-002_qwen3.6-27b_20260520_132008] Agent result: passed=True, score=1.0000
[21:21:48] [mm-002] Result saved to /Volumes/F/work/ClawEvalkit-private-emnlp/outputs/harness/memory/clawbench-official/qwen3.6-27b/mm-002.json
[21:21:51] [clawbench_mm-004_qwen3.6-27b_20260520_132148] Container started
[21:21:51] [mm-004] Harness detected, timeout adjusted: 180 → 360
[21:22:32]   [container] [setup] 运行 setup.sh: /app/claw-bench/tasks/multimodal/mm-003-code-doc-extraction/environment/setup.sh
[21:22:32]   [container] [setup] setup.sh 成功
[21:22:32]   [container] [setup] 工作空间文件: ['data_processor.py', 'instruction.md']
[21:22:32]   [container] DONE
[21:22:32]   [container-err] Loading weights:   0%|          | 0/103 [00:00<?, ?it/s]
[21:22:32]   [container-err] Loading weights: 100%|██████████| 103/103 [00:00<00:00, 22939.17it/s]
[21:22:32]   [container-err] [1mBertModel LOAD REPORT[0m from: sentence-transformers/all-MiniLM-L6-v2
[21:22:32]   [container-err] Key                     | Status     |  | 
[21:22:32]   [container-err] ------------------------+------------+--+-
[21:22:32]   [container-err] embeddings.position_ids | UNEXPECTED |  | 
[21:22:32]   [container-err] 
[21:22:32]   [container-err] Notes:
[21:22:32]   [container-err] - UNEXPECTED:	can be ignored when loading from different task/architecture; not ok if you expect identical arch.
[21:22:32] [clawbench_mm-003_qwen3.6-27b_20260520_132115] Agent finished in 74.56s, returncode=0
[21:22:32] [clawbench_mm-003_qwen3.6-27b_20260520_132115] Agent result: passed=True, score=1.0000
[21:22:33] [mm-003] Result saved to /Volumes/F/work/ClawEvalkit-private-emnlp/outputs/harness/memory/clawbench-official/qwen3.6-27b/mm-003.json
[21:22:35] [clawbench_mm-005_qwen3.6-27b_20260520_132233] Container started
[21:22:35] [mm-005] Harness detected, timeout adjusted: 240 → 420
[21:25:13]   [container] [setup] 运行 setup.sh: /app/claw-bench/tasks/multimodal/mm-005-multi-format-pipeline/environment/setup.sh
[21:25:13]   [container] [setup] setup.sh 成功
[21:25:13]   [container] [setup] 工作空间文件: ['products.csv', 'rules.toml', 'instruction.md', 'discounts.json', 'tags.txt']
[21:25:13]   [container] DONE
[21:25:13]   [container-err] Loading weights:   0%|          | 0/103 [00:00<?, ?it/s]
[21:25:13]   [container-err] Loading weights: 100%|██████████| 103/103 [00:00<00:00, 34683.15it/s]
[21:25:13]   [container-err] [1mBertModel LOAD REPORT[0m from: sentence-transformers/all-MiniLM-L6-v2
[21:25:13]   [container-err] Key                     | Status     |  | 
[21:25:13]   [container-err] ------------------------+------------+--+-
[21:25:13]   [container-err] embeddings.position_ids | UNEXPECTED |  | 
[21:25:13]   [container-err] 
[21:25:13]   [container-err] Notes:
[21:25:13]   [container-err] - UNEXPECTED:	can be ignored when loading from different task/architecture; not ok if you expect identical arch.
[21:25:13] [clawbench_mm-005_qwen3.6-27b_20260520_132233] Agent finished in 157.72s, returncode=0
[21:25:13] [clawbench_mm-005_qwen3.6-27b_20260520_132233] Agent result: passed=False, score=0.9091
[21:25:14] [mm-005] Result saved to /Volumes/F/work/ClawEvalkit-private-emnlp/outputs/harness/memory/clawbench-official/qwen3.6-27b/mm-005.json
[21:25:19] [clawbench_mm-006_qwen3.6-27b_20260520_132514] Container started
[21:25:19] [mm-006] Harness detected, timeout adjusted: 300 → 480
[21:26:42]   [container] [setup] 运行 setup.sh: /app/claw-bench/tasks/multimodal/mm-006-schema-migration/environment/setup.sh
[21:26:42]   [container] [setup] setup.sh 成功
[21:26:42]   [container] [setup] 工作空间文件: ['instruction.md', 'old_schema.sql', 'new_schema.sql']
[21:26:42]   [container] DONE
[21:26:42]   [container-err] Loading weights:   0%|          | 0/103 [00:00<?, ?it/s]
[21:26:42]   [container-err] Loading weights: 100%|██████████| 103/103 [00:00<00:00, 8598.65it/s]
[21:26:42]   [container-err] [1mBertModel LOAD REPORT[0m from: sentence-transformers/all-MiniLM-L6-v2
[21:26:42]   [container-err] Key                     | Status     |  | 
[21:26:42]   [container-err] ------------------------+------------+--+-
[21:26:42]   [container-err] embeddings.position_ids | UNEXPECTED |  | 
[21:26:42]   [container-err] 
[21:26:42]   [container-err] Notes:
[21:26:42]   [container-err] - UNEXPECTED:	can be ignored when loading from different task/architecture; not ok if you expect identical arch.
[21:26:42] [clawbench_mm-006_qwen3.6-27b_20260520_132514] Agent finished in 83.34s, returncode=0
[21:26:42] [clawbench_mm-006_qwen3.6-27b_20260520_132514] Agent result: passed=True, score=1.0000
[21:26:42] [mm-006] Result saved to /Volumes/F/work/ClawEvalkit-private-emnlp/outputs/harness/memory/clawbench-official/qwen3.6-27b/mm-006.json
[21:26:46] [clawbench_mm-007_qwen3.6-27b_20260520_132642] Container started
[21:26:46] [mm-007] Harness detected, timeout adjusted: 600 → 780
[21:27:46]   [container] [setup] 运行 setup.sh: /app/claw-bench/tasks/multimodal/mm-004-log-analysis-config/environment/setup.sh
[21:27:46]   [container] [setup] setup.sh 成功
[21:27:46]   [container] [setup] 工作空间文件: ['config.yaml', 'instruction.md']
[21:27:46]   [container] DONE
[21:27:46]   [container-err] Loading weights:   0%|          | 0/103 [00:00<?, ?it/s]
[21:27:46]   [container-err] Loading weights: 100%|██████████| 103/103 [00:00<00:00, 14125.93it/s]
[21:27:46]   [container-err] [1mBertModel LOAD REPORT[0m from: sentence-transformers/all-MiniLM-L6-v2
[21:27:46]   [container-err] Key                     | Status     |  | 
[21:27:46]   [container-err] ------------------------+------------+--+-
[21:27:46]   [container-err] embeddings.position_ids | UNEXPECTED |  | 
[21:27:46]   [container-err] 
[21:27:46]   [container-err] Notes:
[21:27:46]   [container-err] - UNEXPECTED:	can be ignored when loading from different task/architecture; not ok if you expect identical arch.
[21:27:46] [clawbench_mm-004_qwen3.6-27b_20260520_132148] Agent finished in 355.28s, returncode=0
[21:27:47] [clawbench_mm-004_qwen3.6-27b_20260520_132148] Agent result: passed=False, score=0.9474
[21:27:47] [mm-004] Result saved to /Volumes/F/work/ClawEvalkit-private-emnlp/outputs/harness/memory/clawbench-official/qwen3.6-27b/mm-004.json
[21:27:50] [clawbench_mm-008_qwen3.6-27b_20260520_132747] Container started
[21:27:50] [mm-008] Harness detected, timeout adjusted: 180 → 360
[21:29:58]   [container] [setup] 运行 setup.sh: /app/claw-bench/tasks/multimodal/mm-008-xml-to-json/environment/setup.sh
[21:29:58]   [container] [setup] setup.sh 成功
[21:29:58]   [container] [setup] 工作空间文件: ['config.xml', 'instruction.md']
[21:29:58]   [container] DONE
[21:29:58]   [container-err] Loading weights:   0%|          | 0/103 [00:00<?, ?it/s]
[21:29:58]   [container-err] Loading weights: 100%|██████████| 103/103 [00:00<00:00, 45441.60it/s]
[21:29:58]   [container-err] [1mBertModel LOAD REPORT[0m from: sentence-transformers/all-MiniLM-L6-v2
[21:29:58]   [container-err] Key                     | Status     |  | 
[21:29:58]   [container-err] ------------------------+------------+--+-
[21:29:58]   [container-err] embeddings.position_ids | UNEXPECTED |  | 
[21:29:58]   [container-err] 
[21:29:58]   [container-err] Notes:
[21:29:58]   [container-err] - UNEXPECTED:	can be ignored when loading from different task/architecture; not ok if you expect identical arch.
[21:29:58] [clawbench_mm-008_qwen3.6-27b_20260520_132747] Agent finished in 128.52s, returncode=0
[21:29:58] [clawbench_mm-008_qwen3.6-27b_20260520_132747] Agent result: passed=True, score=1.0000
[21:29:59] [mm-008] Result saved to /Volumes/F/work/ClawEvalkit-private-emnlp/outputs/harness/memory/clawbench-official/qwen3.6-27b/mm-008.json
[21:30:01] [clawbench_mm-009_qwen3.6-27b_20260520_132959] Container started
[21:30:01] [mm-009] Harness detected, timeout adjusted: 300 → 480
[21:30:40]   [container] [setup] 运行 setup.sh: /app/claw-bench/tasks/multimodal/mm-007-architecture-doc/environment/setup.sh
[21:30:40]   [container] [setup] setup.sh 成功
[21:30:40]   [container] [setup] 工作空间文件: ['instruction.md']
[21:30:40]   [container] DONE
[21:30:40]   [container-err] Loading weights:   0%|          | 0/103 [00:00<?, ?it/s]
[21:30:40]   [container-err] Loading weights: 100%|██████████| 103/103 [00:00<00:00, 27172.36it/s]
[21:30:40]   [container-err] [1mBertModel LOAD REPORT[0m from: sentence-transformers/all-MiniLM-L6-v2
[21:30:40]   [container-err] Key                     | Status     |  | 
[21:30:40]   [container-err] ------------------------+------------+--+-
[21:30:40]   [container-err] embeddings.position_ids | UNEXPECTED |  | 
[21:30:40]   [container-err] 
[21:30:40]   [container-err] Notes:
[21:30:40]   [container-err] - UNEXPECTED:	can be ignored when loading from different task/architecture; not ok if you expect identical arch.
[21:30:40] [clawbench_mm-007_qwen3.6-27b_20260520_132642] Agent finished in 233.69s, returncode=0
[21:30:40] [clawbench_mm-007_qwen3.6-27b_20260520_132642] Agent result: passed=True, score=1.0000
[21:30:41] [mm-007] Result saved to /Volumes/F/work/ClawEvalkit-private-emnlp/outputs/harness/memory/clawbench-official/qwen3.6-27b/mm-007.json
[21:30:44] [clawbench_mm-010_qwen3.6-27b_20260520_133041] Container started
[21:30:44] [mm-010] Harness detected, timeout adjusted: 300 → 480
[21:31:18]   [container] [setup] 运行 setup.sh: /app/claw-bench/tasks/multimodal/mm-009-markdown-report/environment/setup.sh
[21:31:18]   [container] [setup] setup.sh 成功
[21:31:18]   [container] [setup] 工作空间文件: ['template.md', 'targets.json', 'instruction.md', 'sales.csv']
[21:31:18]   [container] DONE
[21:31:18]   [container-err] Loading weights:   0%|          | 0/103 [00:00<?, ?it/s]
[21:31:18]   [container-err] Loading weights: 100%|██████████| 103/103 [00:00<00:00, 23473.88it/s]
[21:31:18]   [container-err] [1mBertModel LOAD REPORT[0m from: sentence-transformers/all-MiniLM-L6-v2
[21:31:18]   [container-err] Key                     | Status     |  | 
[21:31:18]   [container-err] ------------------------+------------+--+-
[21:31:18]   [container-err] embeddings.position_ids | UNEXPECTED |  | 
[21:31:18]   [container-err] 
[21:31:18]   [container-err] Notes:
[21:31:18]   [container-err] - UNEXPECTED:	can be ignored when loading from different task/architecture; not ok if you expect identical arch.
[21:31:18] [clawbench_mm-009_qwen3.6-27b_20260520_132959] Agent finished in 76.86s, returncode=0
[21:31:18] [clawbench_mm-009_qwen3.6-27b_20260520_132959] Agent result: passed=False, score=0.9474
[21:31:18] [mm-009] Result saved to /Volumes/F/work/ClawEvalkit-private-emnlp/outputs/harness/memory/clawbench-official/qwen3.6-27b/mm-009.json
[21:31:22] [clawbench_mm-011_qwen3.6-27b_20260520_133118] Container started
[21:31:22] [mm-011] Harness detected, timeout adjusted: 300 → 480
[21:33:11]   [container] [setup] 运行 setup.sh: /app/claw-bench/tasks/multimodal/mm-010-db-schema-docs/environment/setup.sh
[21:33:11]   [container] [setup] setup.sh 成功
[21:33:11]   [container] [setup] 工作空间文件: ['schema.sql', 'instruction.md']
[21:33:11]   [container] DONE
[21:33:11]   [container-err] Loading weights:   0%|          | 0/103 [00:00<?, ?it/s]
[21:33:11]   [container-err] Loading weights: 100%|██████████| 103/103 [00:00<00:00, 44368.22it/s]
[21:33:11]   [container-err] [1mBertModel LOAD REPORT[0m from: sentence-transformers/all-MiniLM-L6-v2
[21:33:11]   [container-err] Key                     | Status     |  | 
[21:33:11]   [container-err] ------------------------+------------+--+-
[21:33:11]   [container-err] embeddings.position_ids | UNEXPECTED |  | 
[21:33:11]   [container-err] 
[21:33:11]   [container-err] Notes:
[21:33:11]   [container-err] - UNEXPECTED:	can be ignored when loading from different task/architecture; not ok if you expect identical arch.
[21:33:11] [clawbench_mm-010_qwen3.6-27b_20260520_133041] Agent finished in 146.80s, returncode=0
[21:33:11] [clawbench_mm-010_qwen3.6-27b_20260520_133041] Agent result: passed=True, score=1.0000
[21:33:11] [mm-010] Result saved to /Volumes/F/work/ClawEvalkit-private-emnlp/outputs/harness/memory/clawbench-official/qwen3.6-27b/mm-010.json
[21:33:14] [clawbench_mm-012_qwen3.6-27b_20260520_133311] Container started
[21:33:14] [mm-012] Harness detected, timeout adjusted: 300 → 480
[21:33:14]   [container] [setup] 运行 setup.sh: /app/claw-bench/tasks/multimodal/mm-011-svg-chart-generator/environment/setup.sh
[21:33:14]   [container] [setup] setup.sh 成功
[21:33:14]   [container] [setup] 工作空间文件: ['chart_data.json', 'instruction.md']
[21:33:14]   [container] DONE
[21:33:14]   [container-err] Loading weights:   0%|          | 0/103 [00:00<?, ?it/s]
[21:33:14]   [container-err] Loading weights: 100%|██████████| 103/103 [00:00<00:00, 18862.74it/s]
[21:33:14]   [container-err] [1mBertModel LOAD REPORT[0m from: sentence-transformers/all-MiniLM-L6-v2
[21:33:14]   [container-err] Key                     | Status     |  | 
[21:33:14]   [container-err] ------------------------+------------+--+-
[21:33:14]   [container-err] embeddings.position_ids | UNEXPECTED |  | 
[21:33:14]   [container-err] 
[21:33:14]   [container-err] Notes:
[21:33:14]   [container-err] - UNEXPECTED:	can be ignored when loading from different task/architecture; not ok if you expect identical arch.
[21:33:14] [clawbench_mm-011_qwen3.6-27b_20260520_133118] Agent finished in 112.15s, returncode=0
[21:33:14] [clawbench_mm-011_qwen3.6-27b_20260520_133118] Agent result: passed=False, score=0.8750
[21:33:14] [mm-011] Result saved to /Volumes/F/work/ClawEvalkit-private-emnlp/outputs/harness/memory/clawbench-official/qwen3.6-27b/mm-011.json
[21:33:18] [clawbench_mm-013_qwen3.6-27b_20260520_133314] Container started
[21:33:18] [mm-013] Harness detected, timeout adjusted: 300 → 480
[21:33:58]   [container] [setup] 运行 setup.sh: /app/claw-bench/tasks/multimodal/mm-013-data-format-converter/environment/setup.sh
[21:33:58]   [container] [setup] setup.sh 成功
[21:33:58]   [container] [setup] 工作空间文件: ['input.csv', 'instruction.md', 'schema.json']
[21:33:58]   [container] DONE
[21:33:58]   [container-err] Loading weights:   0%|          | 0/103 [00:00<?, ?it/s]
[21:33:58]   [container-err] Loading weights: 100%|██████████| 103/103 [00:00<00:00, 63270.84it/s]
[21:33:58]   [container-err] [1mBertModel LOAD REPORT[0m from: sentence-transformers/all-MiniLM-L6-v2
[21:33:58]   [container-err] Key                     | Status     |  | 
[21:33:58]   [container-err] ------------------------+------------+--+-
[21:33:58]   [container-err] embeddings.position_ids | UNEXPECTED |  | 
[21:33:58]   [container-err] 
[21:33:58]   [container-err] Notes:
[21:33:58]   [container-err] - UNEXPECTED:	can be ignored when loading from different task/architecture; not ok if you expect identical arch.
[21:33:58] [clawbench_mm-013_qwen3.6-27b_20260520_133314] Agent finished in 40.47s, returncode=0
[21:33:58] [clawbench_mm-013_qwen3.6-27b_20260520_133314] Agent result: passed=True, score=1.0000
[21:33:59] [mm-013] Result saved to /Volumes/F/work/ClawEvalkit-private-emnlp/outputs/harness/memory/clawbench-official/qwen3.6-27b/mm-013.json
[21:34:02] [clawbench_mm-014_qwen3.6-27b_20260520_133359] Container started
[21:34:02] [mm-014] Harness detected, timeout adjusted: 300 → 480
[21:34:17]   [container] [setup] 运行 setup.sh: /app/claw-bench/tasks/multimodal/mm-012-html-report-from-mixed-sources/environment/setup.sh
[21:34:17]   [container] [setup] setup.sh 成功
[21:34:17]   [container] [setup] 工作空间文件: ['metadata.json', 'instruction.md', 'text_summary.txt', 'data_table.csv']
[21:34:17]   [container] DONE
[21:34:17]   [container-err] Loading weights:   0%|          | 0/103 [00:00<?, ?it/s]
[21:34:17]   [container-err] Loading weights: 100%|██████████| 103/103 [00:00<00:00, 18753.83it/s]
[21:34:17]   [container-err] [1mBertModel LOAD REPORT[0m from: sentence-transformers/all-MiniLM-L6-v2
[21:34:17]   [container-err] Key                     | Status     |  | 
[21:34:17]   [container-err] ------------------------+------------+--+-
[21:34:17]   [container-err] embeddings.position_ids | UNEXPECTED |  | 
[21:34:17]   [container-err] 
[21:34:17]   [container-err] Notes:
[21:34:17]   [container-err] - UNEXPECTED:	can be ignored when loading from different task/architecture; not ok if you expect identical arch.
[21:34:17] [clawbench_mm-012_qwen3.6-27b_20260520_133311] Agent finished in 63.62s, returncode=0
[21:34:17] [clawbench_mm-012_qwen3.6-27b_20260520_133311] Agent result: passed=True, score=1.0000
[21:34:19] [mm-012] Result saved to /Volumes/F/work/ClawEvalkit-private-emnlp/outputs/harness/memory/clawbench-official/qwen3.6-27b/mm-012.json
[21:34:22] [clawbench_mm-015_qwen3.6-27b_20260520_133419] Container started
[21:34:22] [mm-015] Harness detected, timeout adjusted: 300 → 480
[21:35:18]   [container] [setup] 运行 setup.sh: /app/claw-bench/tasks/multimodal/mm-014-structured-diff-reporter/environment/setup.sh
[21:35:18]   [container] [setup] setup.sh 成功
[21:35:18]   [container] [setup] 工作空间文件: ['before.json', 'after.json', 'instruction.md']
[21:35:18]   [container] DONE
[21:35:18]   [container-err] Loading weights:   0%|          | 0/103 [00:00<?, ?it/s]
[21:35:18]   [container-err] Loading weights: 100%|██████████| 103/103 [00:00<00:00, 71786.86it/s]
[21:35:18]   [container-err] [1mBertModel LOAD REPORT[0m from: sentence-transformers/all-MiniLM-L6-v2
[21:35:18]   [container-err] Key                     | Status     |  | 
[21:35:18]   [container-err] ------------------------+------------+--+-
[21:35:18]   [container-err] embeddings.position_ids | UNEXPECTED |  | 
[21:35:18]   [container-err] 
[21:35:18]   [container-err] Notes:
[21:35:18]   [container-err] - UNEXPECTED:	can be ignored when loading from different task/architecture; not ok if you expect identical arch.
[21:35:18] [clawbench_mm-014_qwen3.6-27b_20260520_133359] Agent finished in 76.02s, returncode=0
[21:35:18] [clawbench_mm-014_qwen3.6-27b_20260520_133359] Agent result: passed=True, score=1.0000
[21:35:18] [mm-014] Result saved to /Volumes/F/work/ClawEvalkit-private-emnlp/outputs/harness/memory/clawbench-official/qwen3.6-27b/mm-014.json
[21:35:21] [clawbench_plan-001_qwen3.6-27b_20260520_133518] Container started
[21:35:21] [plan-001] Harness detected, timeout adjusted: 180 → 360
[21:35:29]   [container] [setup] 运行 setup.sh: /app/claw-bench/tasks/multimodal/mm-015-multi-format-aggregator/environment/setup.sh
[21:35:29]   [container] [setup] setup.sh 成功
[21:35:29]   [container] [setup] 工作空间文件: ['notes.txt', 'instruction.md', 'inventory.json', 'sales.csv']
[21:35:29]   [container] DONE
[21:35:29]   [container-err] Loading weights:   0%|          | 0/103 [00:00<?, ?it/s]
[21:35:29]   [container-err] Loading weights: 100%|██████████| 103/103 [00:00<00:00, 16177.24it/s]
[21:35:29]   [container-err] [1mBertModel LOAD REPORT[0m from: sentence-transformers/all-MiniLM-L6-v2
[21:35:29]   [container-err] Key                     | Status     |  | 
[21:35:29]   [container-err] ------------------------+------------+--+-
[21:35:29]   [container-err] embeddings.position_ids | UNEXPECTED |  | 
[21:35:29]   [container-err] 
[21:35:29]   [container-err] Notes:
[21:35:29]   [container-err] - UNEXPECTED:	can be ignored when loading from different task/architecture; not ok if you expect identical arch.
[21:35:29] [clawbench_mm-015_qwen3.6-27b_20260520_133419] Agent finished in 67.24s, returncode=0
[21:35:29] [clawbench_mm-015_qwen3.6-27b_20260520_133419] Agent result: passed=True, score=1.0000
[21:35:30] [mm-015] Result saved to /Volumes/F/work/ClawEvalkit-private-emnlp/outputs/harness/memory/clawbench-official/qwen3.6-27b/mm-015.json
[21:35:33] [clawbench_plan-002_qwen3.6-27b_20260520_133530] Container started
[21:35:33] [plan-002] Harness detected, timeout adjusted: 240 → 420
[21:37:34]   [container] [setup] 运行 setup.sh: /app/claw-bench/tasks/planning/plan-002/environment/setup.sh
[21:37:34]   [container] [setup] setup.sh 失败 (rc=1)
[21:37:34]   [container] [setup] stderr: cp: cannot stat '/app/claw-bench/tasks/planning/plan-002/environment/data/*': No such file or directory
[21:37:34]   [container] 
[21:37:34]   [container] [setup] 重试 (bash -x) ...
[21:37:34]   [container] [setup] 重试也失败 (rc=1)
[21:37:34]   [container] [setup] stderr: + set -euo pipefail
[21:37:34]   [container] +++ dirname /app/claw-bench/tasks/planning/plan-002/environment/setup.sh
[21:37:34]   [container] ++ cd /app/claw-bench/tasks/planning/plan-002/environment/..
[21:37:34]   [container] ++ pwd
[21:37:34]   [container] + TASK_DIR=/app/claw-bench/tasks/planning/plan-002
[21:37:34]   [container] + WORKSPACE=/tmp/clawbench_workspace
[21:37:34]   [container] + mkdir -p /tmp/clawbench_workspace
[21:37:34]   [container] + cp '/app/claw-bench/tasks/planning/plan-002/environment/data/*' /tmp/clawbench_workspace/
[21:37:34]   [container] cp: cannot stat '/app/claw-bench/tasks/planning/plan-002/environment/data/*': No such file or directory
[21:37:34]   [container] 
[21:37:34]   [container] [setup] 工作空间文件: ['instruction.md']
[21:37:34]   [container] DONE
[21:37:34]   [container-err] Loading weights:   0%|          | 0/103 [00:00<?, ?it/s]
[21:37:34]   [container-err] Loading weights: 100%|██████████| 103/103 [00:00<00:00, 29890.91it/s]
[21:37:34]   [container-err] [1mBertModel LOAD REPORT[0m from: sentence-transformers/all-MiniLM-L6-v2
[21:37:34]   [container-err] Key                     | Status     |  | 
[21:37:34]   [container-err] ------------------------+------------+--+-
[21:37:34]   [container-err] embeddings.position_ids | UNEXPECTED |  | 
[21:37:34]   [container-err] 
[21:37:34]   [container-err] Notes:
[21:37:34]   [container-err] - UNEXPECTED:	can be ignored when loading from different task/architecture; not ok if you expect identical arch.
[21:37:34] [clawbench_plan-002_qwen3.6-27b_20260520_133530] Agent finished in 120.67s, returncode=0
[21:37:34] [clawbench_plan-002_qwen3.6-27b_20260520_133530] Agent result: passed=True, score=1.0000
[21:37:34] [plan-002] Result saved to /Volumes/F/work/ClawEvalkit-private-emnlp/outputs/harness/memory/clawbench-official/qwen3.6-27b/plan-002.json
[21:37:36]   [container] [setup] 运行 setup.sh: /app/claw-bench/tasks/planning/plan-001/environment/setup.sh
[21:37:36]   [container] [setup] setup.sh 失败 (rc=1)
[21:37:36]   [container] [setup] stderr: cp: cannot stat '/app/claw-bench/tasks/planning/plan-001/environment/data/*': No such file or directory
[21:37:36]   [container] 
[21:37:36]   [container] [setup] 重试 (bash -x) ...
[21:37:36]   [container] [setup] 重试也失败 (rc=1)
[21:37:36]   [container] [setup] stderr: + set -euo pipefail
[21:37:36]   [container] +++ dirname /app/claw-bench/tasks/planning/plan-001/environment/setup.sh
[21:37:36]   [container] ++ cd /app/claw-bench/tasks/planning/plan-001/environment/..
[21:37:36]   [container] ++ pwd
[21:37:36]   [container] + TASK_DIR=/app/claw-bench/tasks/planning/plan-001
[21:37:36]   [container] + WORKSPACE=/tmp/clawbench_workspace
[21:37:36]   [container] + mkdir -p /tmp/clawbench_workspace
[21:37:36]   [container] + cp '/app/claw-bench/tasks/planning/plan-001/environment/data/*' /tmp/clawbench_workspace/
[21:37:36]   [container] cp: cannot stat '/app/claw-bench/tasks/planning/plan-001/environment/data/*': No such file or directory
[21:37:36]   [container] 
[21:37:36]   [container] [setup] 工作空间文件: ['instruction.md']
[21:37:36]   [container] DONE
[21:37:36]   [container-err] Loading weights:   0%|          | 0/103 [00:00<?, ?it/s]
[21:37:36]   [container-err] Loading weights: 100%|██████████| 103/103 [00:00<00:00, 22494.84it/s]
[21:37:36]   [container-err] [1mBertModel LOAD REPORT[0m from: sentence-transformers/all-MiniLM-L6-v2
[21:37:36]   [container-err] Key                     | Status     |  | 
[21:37:36]   [container-err] ------------------------+------------+--+-
[21:37:36]   [container-err] embeddings.position_ids | UNEXPECTED |  | 
[21:37:36]   [container-err] 
[21:37:36]   [container-err] Notes:
[21:37:36]   [container-err] - UNEXPECTED:	can be ignored when loading from different task/architecture; not ok if you expect identical arch.
[21:37:36] [clawbench_plan-001_qwen3.6-27b_20260520_133518] Agent finished in 134.71s, returncode=0
[21:37:36] [clawbench_plan-001_qwen3.6-27b_20260520_133518] Agent result: passed=False, score=0.9333
[21:37:36] [plan-001] Result saved to /Volumes/F/work/ClawEvalkit-private-emnlp/outputs/harness/memory/clawbench-official/qwen3.6-27b/plan-001.json
[21:37:37] [clawbench_plan-003_qwen3.6-27b_20260520_133734] Container started
[21:37:37] [plan-003] Harness detected, timeout adjusted: 240 → 420
[21:37:39] [clawbench_plan-004_qwen3.6-27b_20260520_133736] Container started
[21:37:39] [plan-004] Harness detected, timeout adjusted: 300 → 480
[21:38:43]   [container] [setup] 运行 setup.sh: /app/claw-bench/tasks/planning/plan-003/environment/setup.sh
[21:38:43]   [container] [setup] setup.sh 失败 (rc=1)
[21:38:43]   [container] [setup] stderr: cp: cannot stat '/app/claw-bench/tasks/planning/plan-003/environment/data/*': No such file or directory
[21:38:43]   [container] 
[21:38:43]   [container] [setup] 重试 (bash -x) ...
[21:38:43]   [container] [setup] 重试也失败 (rc=1)
[21:38:43]   [container] [setup] stderr: + set -euo pipefail
[21:38:43]   [container] +++ dirname /app/claw-bench/tasks/planning/plan-003/environment/setup.sh
[21:38:43]   [container] ++ cd /app/claw-bench/tasks/planning/plan-003/environment/..
[21:38:43]   [container] ++ pwd
[21:38:43]   [container] + TASK_DIR=/app/claw-bench/tasks/planning/plan-003
[21:38:43]   [container] + WORKSPACE=/tmp/clawbench_workspace
[21:38:43]   [container] + mkdir -p /tmp/clawbench_workspace
[21:38:43]   [container] + cp '/app/claw-bench/tasks/planning/plan-003/environment/data/*' /tmp/clawbench_workspace/
[21:38:43]   [container] cp: cannot stat '/app/claw-bench/tasks/planning/plan-003/environment/data/*': No such file or directory
[21:38:43]   [container] 
[21:38:43]   [container] [setup] 工作空间文件: ['instruction.md']
[21:38:43]   [container] DONE
[21:38:43]   [container-err] Loading weights:   0%|          | 0/103 [00:00<?, ?it/s]
[21:38:43]   [container-err] Loading weights: 100%|██████████| 103/103 [00:00<00:00, 29056.59it/s]
[21:38:43]   [container-err] [1mBertModel LOAD REPORT[0m from: sentence-transformers/all-MiniLM-L6-v2
[21:38:43]   [container-err] Key                     | Status     |  | 
[21:38:43]   [container-err] ------------------------+------------+--+-
[21:38:43]   [container-err] embeddings.position_ids | UNEXPECTED |  | 
[21:38:43]   [container-err] 
[21:38:43]   [container-err] Notes:
[21:38:43]   [container-err] - UNEXPECTED:	can be ignored when loading from different task/architecture; not ok if you expect identical arch.
[21:38:43] [clawbench_plan-003_qwen3.6-27b_20260520_133734] Agent finished in 66.08s, returncode=0
[21:38:43] [clawbench_plan-003_qwen3.6-27b_20260520_133734] Agent result: passed=False, score=0.9375
[21:38:44] [plan-003] Result saved to /Volumes/F/work/ClawEvalkit-private-emnlp/outputs/harness/memory/clawbench-official/qwen3.6-27b/plan-003.json
[21:38:48] [clawbench_plan-005_qwen3.6-27b_20260520_133844] Container started
[21:38:48] [plan-005] Harness detected, timeout adjusted: 360 → 540
[21:38:53]   [container] [setup] 运行 setup.sh: /app/claw-bench/tasks/planning/plan-005/environment/setup.sh
[21:38:53]   [container] [setup] setup.sh 失败 (rc=1)
[21:38:53]   [container] [setup] stderr: cp: cannot stat '/app/claw-bench/tasks/planning/plan-005/environment/data/*': No such file or directory
[21:38:53]   [container] 
[21:38:53]   [container] [setup] 重试 (bash -x) ...
[21:38:53]   [container] [setup] 重试也失败 (rc=1)
[21:38:53]   [container] [setup] stderr: + set -euo pipefail
[21:38:53]   [container] +++ dirname /app/claw-bench/tasks/planning/plan-005/environment/setup.sh
[21:38:53]   [container] ++ cd /app/claw-bench/tasks/planning/plan-005/environment/..
[21:38:53]   [container] ++ pwd
[21:38:53]   [container] + TASK_DIR=/app/claw-bench/tasks/planning/plan-005
[21:38:53]   [container] + WORKSPACE=/tmp/clawbench_workspace
[21:38:53]   [container] + mkdir -p /tmp/clawbench_workspace
[21:38:53]   [container] + cp '/app/claw-bench/tasks/planning/plan-005/environment/data/*' /tmp/clawbench_workspace/
[21:38:53]   [container] cp: cannot stat '/app/claw-bench/tasks/planning/plan-005/environment/data/*': No such file or directory
[21:38:53]   [container] 
[21:38:53]   [container] [setup] 工作空间文件: ['instruction.md']
[21:38:53]   [container] DONE
[21:38:53] [clawbench_plan-005_qwen3.6-27b_20260520_133844] Agent finished in 5.87s, returncode=0
[21:38:53] [clawbench_plan-005_qwen3.6-27b_20260520_133844] Agent result: passed=False, score=0.0000
[21:38:54] [plan-005] Result saved to /Volumes/F/work/ClawEvalkit-private-emnlp/outputs/harness/memory/clawbench-official/qwen3.6-27b/plan-005.json
[21:38:56] [clawbench_reg-001-gdpr-audit_qwen3.6-27b_20260520_133854] Container started
[21:38:56] [reg-001-gdpr-audit] Harness detected, timeout adjusted: 3600 → 3780
[21:39:03]   [container] [setup] 运行 setup.sh: /app/claw-bench/tasks/regulatory-compliance/reg-001-gdpr-audit/environment/setup.sh
[21:39:03]   [container] [setup] setup.sh 成功
[21:39:03]   [container] [setup] 工作空间文件: ['processing_records.csv', 'instruction.md']
[21:39:03]   [container] DONE
[21:39:03] [clawbench_reg-001-gdpr-audit_qwen3.6-27b_20260520_133854] Agent finished in 6.91s, returncode=0
[21:39:03] [clawbench_reg-001-gdpr-audit_qwen3.6-27b_20260520_133854] Agent result: passed=False, score=0.0000
[21:39:03] [reg-001-gdpr-audit] Result saved to /Volumes/F/work/ClawEvalkit-private-emnlp/outputs/harness/memory/clawbench-official/qwen3.6-27b/reg-001-gdpr-audit.json
[21:39:05] [clawbench_reg-002-sox-controls_qwen3.6-27b_20260520_133903] Container started
[21:39:05] [reg-002-sox-controls] Harness detected, timeout adjusted: 3600 → 3780
[21:39:11]   [container] [setup] 运行 setup.sh: /app/claw-bench/tasks/regulatory-compliance/reg-002-sox-controls/environment/setup.sh
[21:39:11]   [container] [setup] setup.sh 成功
[21:39:11]   [container] [setup] 工作空间文件: ['controls.csv', 'instruction.md']
[21:39:11]   [container] DONE
[21:39:11] [clawbench_reg-002-sox-controls_qwen3.6-27b_20260520_133903] Agent finished in 6.19s, returncode=0
[21:39:11] [clawbench_reg-002-sox-controls_qwen3.6-27b_20260520_133903] Agent result: passed=False, score=0.0000
[21:39:11] [reg-002-sox-controls] Result saved to /Volumes/F/work/ClawEvalkit-private-emnlp/outputs/harness/memory/clawbench-official/qwen3.6-27b/reg-002-sox-controls.json
[21:39:13] [clawbench_reg-003-aml-screening_qwen3.6-27b_20260520_133911] Container started
[21:39:13] [reg-003-aml-screening] Harness detected, timeout adjusted: 3600 → 3780
[21:39:40]   [container] [setup] 运行 setup.sh: /app/claw-bench/tasks/planning/plan-004/environment/setup.sh
[21:39:40]   [container] [setup] setup.sh 失败 (rc=1)
[21:39:40]   [container] [setup] stderr: cp: cannot stat '/app/claw-bench/tasks/planning/plan-004/environment/data/*': No such file or directory
[21:39:40]   [container] 
[21:39:40]   [container] [setup] 重试 (bash -x) ...
[21:39:40]   [container] [setup] 重试也失败 (rc=1)
[21:39:40]   [container] [setup] stderr: + set -euo pipefail
[21:39:40]   [container] +++ dirname /app/claw-bench/tasks/planning/plan-004/environment/setup.sh
[21:39:40]   [container] ++ cd /app/claw-bench/tasks/planning/plan-004/environment/..
[21:39:40]   [container] ++ pwd
[21:39:40]   [container] + TASK_DIR=/app/claw-bench/tasks/planning/plan-004
[21:39:40]   [container] + WORKSPACE=/tmp/clawbench_workspace
[21:39:40]   [container] + mkdir -p /tmp/clawbench_workspace
[21:39:40]   [container] + cp '/app/claw-bench/tasks/planning/plan-004/environment/data/*' /tmp/clawbench_workspace/
[21:39:40]   [container] cp: cannot stat '/app/claw-bench/tasks/planning/plan-004/environment/data/*': No such file or directory
[21:39:40]   [container] 
[21:39:40]   [container] [setup] 工作空间文件: ['instruction.md']
[21:39:40]   [container] DONE
[21:39:40]   [container-err] Loading weights:   0%|          | 0/103 [00:00<?, ?it/s]
[21:39:40]   [container-err] Loading weights: 100%|██████████| 103/103 [00:00<00:00, 19718.53it/s]
[21:39:40]   [container-err] [1mBertModel LOAD REPORT[0m from: sentence-transformers/all-MiniLM-L6-v2
[21:39:40]   [container-err] Key                     | Status     |  | 
[21:39:40]   [container-err] ------------------------+------------+--+-
[21:39:40]   [container-err] embeddings.position_ids | UNEXPECTED |  | 
[21:39:40]   [container-err] 
[21:39:40]   [container-err] Notes:
[21:39:40]   [container-err] - UNEXPECTED:	can be ignored when loading from different task/architecture; not ok if you expect identical arch.
[21:39:40] [clawbench_plan-004_qwen3.6-27b_20260520_133736] Agent finished in 121.19s, returncode=0
[21:39:40] [clawbench_plan-004_qwen3.6-27b_20260520_133736] Agent result: passed=False, score=0.9500
[21:39:40] [plan-004] Result saved to /Volumes/F/work/ClawEvalkit-private-emnlp/outputs/harness/memory/clawbench-official/qwen3.6-27b/plan-004.json
[21:39:45] [clawbench_reg-004-hipaa-assessment_qwen3.6-27b_20260520_133941] Container started
[21:39:45] [reg-004-hipaa-assessment] Harness detected, timeout adjusted: 3600 → 3780
[21:40:20]   [container] [setup] 运行 setup.sh: /app/claw-bench/tasks/regulatory-compliance/reg-003-aml-screening/environment/setup.sh
[21:40:20]   [container] [setup] setup.sh 成功
[21:40:20]   [container] [setup] 工作空间文件: ['instruction.md', 'transactions.csv']
[21:40:20]   [container] DONE
[21:40:20]   [container-err] Loading weights:   0%|          | 0/103 [00:00<?, ?it/s]
[21:40:20]   [container-err] Loading weights: 100%|██████████| 103/103 [00:00<00:00, 35074.56it/s]
[21:40:20]   [container-err] [1mBertModel LOAD REPORT[0m from: sentence-transformers/all-MiniLM-L6-v2
[21:40:20]   [container-err] Key                     | Status     |  | 
[21:40:20]   [container-err] ------------------------+------------+--+-
[21:40:20]   [container-err] embeddings.position_ids | UNEXPECTED |  | 
[21:40:20]   [container-err] 
[21:40:20]   [container-err] Notes:
[21:40:20]   [container-err] - UNEXPECTED:	can be ignored when loading from different task/architecture; not ok if you expect identical arch.
[21:40:20] [clawbench_reg-003-aml-screening_qwen3.6-27b_20260520_133911] Agent finished in 66.91s, returncode=0
[21:40:20]   [container] [setup] 运行 setup.sh: /app/claw-bench/tasks/regulatory-compliance/reg-004-hipaa-assessment/environment/setup.sh
[21:40:20]   [container] [setup] setup.sh 成功
[21:40:20]   [container] [setup] 工作空间文件: ['system_config.json', 'instruction.md']
[21:40:20]   [container] DONE
[21:40:20]   [container-err] Loading weights:   0%|          | 0/103 [00:00<?, ?it/s]
[21:40:20]   [container-err] Loading weights: 100%|██████████| 103/103 [00:00<00:00, 38638.16it/s]
[21:40:20]   [container-err] [1mBertModel LOAD REPORT[0m from: sentence-transformers/all-MiniLM-L6-v2
[21:40:20]   [container-err] Key                     | Status     |  | 
[21:40:20]   [container-err] ------------------------+------------+--+-
[21:40:20]   [container-err] embeddings.position_ids | UNEXPECTED |  | 
[21:40:20]   [container-err] 
[21:40:20]   [container-err] Notes:
[21:40:20]   [container-err] - UNEXPECTED:	can be ignored when loading from different task/architecture; not ok if you expect identical arch.
[21:40:20] [clawbench_reg-004-hipaa-assessment_qwen3.6-27b_20260520_133941] Agent finished in 35.03s, returncode=0
[21:40:20] [clawbench_reg-004-hipaa-assessment_qwen3.6-27b_20260520_133941] Agent result: passed=True, score=1.0000
[21:40:20] [clawbench_reg-003-aml-screening_qwen3.6-27b_20260520_133911] Agent result: passed=True, score=1.0000
[21:40:21] [reg-004-hipaa-assessment] Result saved to /Volumes/F/work/ClawEvalkit-private-emnlp/outputs/harness/memory/clawbench-official/qwen3.6-27b/reg-004-hipaa-assessment.json
[21:40:21] [reg-003-aml-screening] Result saved to /Volumes/F/work/ClawEvalkit-private-emnlp/outputs/harness/memory/clawbench-official/qwen3.6-27b/reg-003-aml-screening.json
[21:40:24] [clawbench_reg-005-environmental-report_qwen3.6-27b_20260520_134021] Container started
[21:40:24] [reg-005-environmental-report] Harness detected, timeout adjusted: 3600 → 3780
[21:40:24] [clawbench_sci-001-ode-solver_qwen3.6-27b_20260520_134021] Container started
[21:40:24] [sci-001-ode-solver] Harness detected, timeout adjusted: 3600 → 3780
[21:40:32]   [container] [setup] 运行 setup.sh: /app/claw-bench/tasks/regulatory-compliance/reg-005-environmental-report/environment/setup.sh
[21:40:32]   [container] [setup] setup.sh 成功
[21:40:32]   [container] [setup] 工作空间文件: ['emissions_data.csv', 'instruction.md']
[21:40:32]   [container] DONE
[21:40:32] [clawbench_reg-005-environmental-report_qwen3.6-27b_20260520_134021] Agent finished in 7.31s, returncode=0
[21:40:32] [clawbench_reg-005-environmental-report_qwen3.6-27b_20260520_134021] Agent result: passed=False, score=0.0000
[21:40:32] [reg-005-environmental-report] Result saved to /Volumes/F/work/ClawEvalkit-private-emnlp/outputs/harness/memory/clawbench-official/qwen3.6-27b/reg-005-environmental-report.json
[21:40:35] [clawbench_sci-002-monte-carlo_qwen3.6-27b_20260520_134032] Container started
[21:40:35] [sci-002-monte-carlo] Harness detected, timeout adjusted: 3600 → 3780
[21:42:05]   [container] [setup] 运行 setup.sh: /app/claw-bench/tasks/scientific-computing/sci-002-monte-carlo/environment/setup.sh
[21:42:05]   [container] [setup] setup.sh 成功
[21:42:05]   [container] [setup] 工作空间文件: ['instruction.md', '.placeholder']
[21:42:05]   [container] DONE
[21:42:05] [clawbench_sci-002-monte-carlo_qwen3.6-27b_20260520_134032] Agent finished in 90.18s, returncode=0
[21:42:05] [clawbench_sci-002-monte-carlo_qwen3.6-27b_20260520_134032] Agent result: passed=False, score=0.0000
[21:42:06] [sci-002-monte-carlo] Result saved to /Volumes/F/work/ClawEvalkit-private-emnlp/outputs/harness/memory/clawbench-official/qwen3.6-27b/sci-002-monte-carlo.json
[21:42:10]   [container] [setup] 运行 setup.sh: /app/claw-bench/tasks/scientific-computing/sci-001-ode-solver/environment/setup.sh
[21:42:10]   [container] [setup] setup.sh 成功
[21:42:10]   [container] [setup] 工作空间文件: ['parameters.json', 'instruction.md']
[21:42:10]   [container] DONE
[21:42:10]   [container-err] Loading weights:   0%|          | 0/103 [00:00<?, ?it/s]
[21:42:10]   [container-err] Loading weights: 100%|██████████| 103/103 [00:00<00:00, 21940.75it/s]
[21:42:10]   [container-err] [1mBertModel LOAD REPORT[0m from: sentence-transformers/all-MiniLM-L6-v2
[21:42:10]   [container-err] Key                     | Status     |  | 
[21:42:10]   [container-err] ------------------------+------------+--+-
[21:42:10]   [container-err] embeddings.position_ids | UNEXPECTED |  | 
[21:42:10]   [container-err] 
[21:42:10]   [container-err] Notes:
[21:42:10]   [container-err] - UNEXPECTED:	can be ignored when loading from different task/architecture; not ok if you expect identical arch.
[21:42:10] [clawbench_sci-001-ode-solver_qwen3.6-27b_20260520_134021] Agent finished in 106.07s, returncode=0
[21:42:11] [clawbench_sci-001-ode-solver_qwen3.6-27b_20260520_134021] Agent result: passed=True, score=1.0000
[21:42:11] [sci-001-ode-solver] Result saved to /Volumes/F/work/ClawEvalkit-private-emnlp/outputs/harness/memory/clawbench-official/qwen3.6-27b/sci-001-ode-solver.json
[21:42:11] [clawbench_sci-003-matrix-decomposition_qwen3.6-27b_20260520_134206] Container started
[21:42:11] [sci-003-matrix-decomposition] Harness detected, timeout adjusted: 3600 → 3780
[21:42:13] [clawbench_sci-004-signal-processing_qwen3.6-27b_20260520_134211] Container started
[21:42:13] [sci-004-signal-processing] Harness detected, timeout adjusted: 3600 → 3780
[21:43:17]   [container] [setup] 运行 setup.sh: /app/claw-bench/tasks/scientific-computing/sci-003-matrix-decomposition/environment/setup.sh
[21:43:17]   [container] [setup] setup.sh 成功
[21:43:17]   [container] [setup] 工作空间文件: ['instruction.md', 'data_matrix.csv']
[21:43:17]   [container] DONE
[21:43:17]   [container-err] Loading weights:   0%|          | 0/103 [00:00<?, ?it/s]
[21:43:17]   [container-err] Loading weights: 100%|██████████| 103/103 [00:00<00:00, 20985.78it/s]
[21:43:17]   [container-err] [1mBertModel LOAD REPORT[0m from: sentence-transformers/all-MiniLM-L6-v2
[21:43:17]   [container-err] Key                     | Status     |  | 
[21:43:17]   [container-err] ------------------------+------------+--+-
[21:43:17]   [container-err] embeddings.position_ids | UNEXPECTED |  | 
[21:43:17]   [container-err] 
[21:43:17]   [container-err] Notes:
[21:43:17]   [container-err] - UNEXPECTED:	can be ignored when loading from different task/architecture; not ok if you expect identical arch.
[21:43:17] [clawbench_sci-003-matrix-decomposition_qwen3.6-27b_20260520_134206] Agent finished in 65.79s, returncode=0
[21:43:17] [clawbench_sci-003-matrix-decomposition_qwen3.6-27b_20260520_134206] Agent result: passed=True, score=1.0000
[21:43:18] [sci-003-matrix-decomposition] Result saved to /Volumes/F/work/ClawEvalkit-private-emnlp/outputs/harness/memory/clawbench-official/qwen3.6-27b/sci-003-matrix-decomposition.json
[21:43:20] [clawbench_sci-005-optimization_qwen3.6-27b_20260520_134318] Container started
[21:43:20] [sci-005-optimization] Harness detected, timeout adjusted: 3600 → 3780
[21:44:06]   [container] [setup] 运行 setup.sh: /app/claw-bench/tasks/scientific-computing/sci-004-signal-processing/environment/setup.sh
[21:44:06]   [container] [setup] setup.sh 失败 (rc=1)
[21:44:06]   [container] [setup] stderr: Traceback (most recent call last):
[21:44:06]   [container]   File "<stdin>", line 3, in <module>
[21:44:06]   [container] ModuleNotFoundError: No module named 'pandas'
[21:44:06]   [container] 
[21:44:06]   [container] [setup] 重试 (bash -x) ...
[21:44:06]   [container] [setup] 重试也失败 (rc=1)
[21:44:06]   [container] [setup] stderr: + set -euo pipefail
[21:44:06]   [container] + WORKSPACE=/tmp/clawbench_workspace
[21:44:06]   [container] + export WORKSPACE
[21:44:06]   [container] + mkdir -p /tmp/clawbench_workspace
[21:44:06]   [container] + python3 -
[21:44:06]   [container] Traceback (most recent call last):
[21:44:06]   [container]   File "<stdin>", line 3, in <module>
[21:44:06]   [container] ModuleNotFoundError: No module named 'pandas'
[21:44:06]   [container] 
[21:44:06]   [container] [setup] 工作空间文件: ['instruction.md']
[21:44:06]   [container] DONE
[21:44:06]   [container-err] Loading weights:   0%|          | 0/103 [00:00<?, ?it/s]
[21:44:06]   [container-err] Loading weights: 100%|██████████| 103/103 [00:00<00:00, 18304.87it/s]
[21:44:06]   [container-err] [1mBertModel LOAD REPORT[0m from: sentence-transformers/all-MiniLM-L6-v2
[21:44:06]   [container-err] Key                     | Status     |  | 
[21:44:06]   [container-err] ------------------------+------------+--+-
[21:44:06]   [container-err] embeddings.position_ids | UNEXPECTED |  | 
[21:44:06]   [container-err] 
[21:44:06]   [container-err] Notes:
[21:44:06]   [container-err] - UNEXPECTED:	can be ignored when loading from different task/architecture; not ok if you expect identical arch.
[21:44:06] [clawbench_sci-004-signal-processing_qwen3.6-27b_20260520_134211] Agent finished in 113.09s, returncode=0
[21:44:06] [clawbench_sci-004-signal-processing_qwen3.6-27b_20260520_134211] Agent result: passed=False, score=0.0000
[21:44:07] [sci-004-signal-processing] Result saved to /Volumes/F/work/ClawEvalkit-private-emnlp/outputs/harness/memory/clawbench-official/qwen3.6-27b/sci-004-signal-processing.json
[21:44:10] [clawbench_sec-001_qwen3.6-27b_20260520_134407] Container started
[21:44:10] [sec-001] Harness detected, timeout adjusted: 120 → 300
[21:44:29]   [container] [setup] 运行 setup.sh: /app/claw-bench/tasks/scientific-computing/sci-005-optimization/environment/setup.sh
[21:44:29]   [container] [setup] setup.sh 失败 (rc=1)
[21:44:29]   [container] [setup] stderr: Traceback (most recent call last):
[21:44:29]   [container]   File "<stdin>", line 38, in <module>
[21:44:29]   [container] FileNotFoundError: [Errno 2] No such file or directory: '$WORKSPACE/optimization_problem.json'
[21:44:29]   [container] 
[21:44:29]   [container] [setup] 重试 (bash -x) ...
[21:44:29]   [container] [setup] 重试也失败 (rc=1)
[21:44:29]   [container] [setup] stderr: + set -euo pipefail
[21:44:29]   [container] + WORKSPACE=/tmp/clawbench_workspace
[21:44:29]   [container] + mkdir -p /tmp/clawbench_workspace
[21:44:29]   [container] + python3 -
[21:44:29]   [container] Traceback (most recent call last):
[21:44:29]   [container]   File "<stdin>", line 38, in <module>
[21:44:29]   [container] FileNotFoundError: [Errno 2] No such file or directory: '$WORKSPACE/optimization_problem.json'
[21:44:29]   [container] 
[21:44:29]   [container] [setup] 工作空间文件: ['instruction.md']
[21:44:29]   [container] DONE
[21:44:29]   [container-err] Loading weights:   0%|          | 0/103 [00:00<?, ?it/s]
[21:44:29]   [container-err] Loading weights: 100%|██████████| 103/103 [00:00<00:00, 25209.39it/s]
[21:44:29]   [container-err] [1mBertModel LOAD REPORT[0m from: sentence-transformers/all-MiniLM-L6-v2
[21:44:29]   [container-err] Key                     | Status     |  | 
[21:44:29]   [container-err] ------------------------+------------+--+-
[21:44:29]   [container-err] embeddings.position_ids | UNEXPECTED |  | 
[21:44:29]   [container-err] 
[21:44:29]   [container-err] Notes:
[21:44:29]   [container-err] - UNEXPECTED:	can be ignored when loading from different task/architecture; not ok if you expect identical arch.
[21:44:29] [clawbench_sci-005-optimization_qwen3.6-27b_20260520_134318] Agent finished in 68.79s, returncode=0
[21:44:29] [clawbench_sci-005-optimization_qwen3.6-27b_20260520_134318] Agent result: passed=False, score=0.6667
[21:44:31] [sci-005-optimization] Result saved to /Volumes/F/work/ClawEvalkit-private-emnlp/outputs/harness/memory/clawbench-official/qwen3.6-27b/sci-005-optimization.json
[21:44:34] [clawbench_sec-002_qwen3.6-27b_20260520_134431] Container started
[21:44:34] [sec-002] Harness detected, timeout adjusted: 120 → 300
[21:44:56]   [container] [setup] 运行 setup.sh: /app/claw-bench/tasks/security/sec-001-detect-hardcoded-credentials/environment/setup.sh
[21:44:56]   [container] [setup] setup.sh 成功
[21:44:56]   [container] [setup] 工作空间文件: ['auth_service.py', 'config.py', 'instruction.md', 'api_client.py']
[21:44:56]   [container] DONE
[21:44:56]   [container-err] Loading weights:   0%|          | 0/103 [00:00<?, ?it/s]
[21:44:56]   [container-err] Loading weights: 100%|██████████| 103/103 [00:00<00:00, 11123.18it/s]
[21:44:56]   [container-err] [1mBertModel LOAD REPORT[0m from: sentence-transformers/all-MiniLM-L6-v2
[21:44:56]   [container-err] Key                     | Status     |  | 
[21:44:56]   [container-err] ------------------------+------------+--+-
[21:44:56]   [container-err] embeddings.position_ids | UNEXPECTED |  | 
[21:44:56]   [container-err] 
[21:44:56]   [container-err] Notes:
[21:44:56]   [container-err] - UNEXPECTED:	can be ignored when loading from different task/architecture; not ok if you expect identical arch.
[21:44:56] [clawbench_sec-001_qwen3.6-27b_20260520_134407] Agent finished in 46.75s, returncode=0
[21:44:57] [clawbench_sec-001_qwen3.6-27b_20260520_134407] Agent result: passed=False, score=0.9091
[21:44:58] [sec-001] Result saved to /Volumes/F/work/ClawEvalkit-private-emnlp/outputs/harness/memory/clawbench-official/qwen3.6-27b/sec-001.json
[21:45:02] [clawbench_sec-003_qwen3.6-27b_20260520_134458] Container started
[21:45:02] [sec-003] Harness detected, timeout adjusted: 120 → 300
[21:45:37]   [container] [setup] 运行 setup.sh: /app/claw-bench/tasks/security/sec-003-check-file-permissions/environment/setup.sh
[21:45:37]   [container] [setup] setup.sh 成功
[21:45:37]   [container] [setup] 工作空间文件: ['permissions.txt', 'instruction.md']
[21:45:37]   [container] DONE
[21:45:37]   [container-err] Loading weights:   0%|          | 0/103 [00:00<?, ?it/s]
[21:45:37]   [container-err] Loading weights: 100%|██████████| 103/103 [00:00<00:00, 17754.94it/s]
[21:45:37]   [container-err] [1mBertModel LOAD REPORT[0m from: sentence-transformers/all-MiniLM-L6-v2
[21:45:37]   [container-err] Key                     | Status     |  | 
[21:45:37]   [container-err] ------------------------+------------+--+-
[21:45:37]   [container-err] embeddings.position_ids | UNEXPECTED |  | 
[21:45:37]   [container-err] 
[21:45:37]   [container-err] Notes:
[21:45:37]   [container-err] - UNEXPECTED:	can be ignored when loading from different task/architecture; not ok if you expect identical arch.
[21:45:37] [clawbench_sec-003_qwen3.6-27b_20260520_134458] Agent finished in 34.48s, returncode=0
[21:45:37] [clawbench_sec-003_qwen3.6-27b_20260520_134458] Agent result: passed=True, score=1.0000
[21:45:38] [sec-003] Result saved to /Volumes/F/work/ClawEvalkit-private-emnlp/outputs/harness/memory/clawbench-official/qwen3.6-27b/sec-003.json
[21:45:41] [clawbench_sec-004_qwen3.6-27b_20260520_134538] Container started
[21:45:41] [sec-004] Harness detected, timeout adjusted: 180 → 360
[21:45:41]   [container] [setup] 运行 setup.sh: /app/claw-bench/tasks/security/sec-002-validate-password-strength/environment/setup.sh
[21:45:41]   [container] [setup] setup.sh 成功
[21:45:41]   [container] [setup] 工作空间文件: ['passwords.txt', 'instruction.md']
[21:45:41]   [container] DONE
[21:45:41]   [container-err] Loading weights:   0%|          | 0/103 [00:00<?, ?it/s]
[21:45:41]   [container-err] Loading weights: 100%|██████████| 103/103 [00:00<00:00, 18824.11it/s]
[21:45:41]   [container-err] [1mBertModel LOAD REPORT[0m from: sentence-transformers/all-MiniLM-L6-v2
[21:45:41]   [container-err] Key                     | Status     |  | 
[21:45:41]   [container-err] ------------------------+------------+--+-
[21:45:41]   [container-err] embeddings.position_ids | UNEXPECTED |  | 
[21:45:41]   [container-err] 
[21:45:41]   [container-err] Notes:
[21:45:41]   [container-err] - UNEXPECTED:	can be ignored when loading from different task/architecture; not ok if you expect identical arch.
[21:45:41] [clawbench_sec-002_qwen3.6-27b_20260520_134431] Agent finished in 67.17s, returncode=0
[21:45:41] [clawbench_sec-002_qwen3.6-27b_20260520_134431] Agent result: passed=True, score=1.0000
[21:45:42] [sec-002] Result saved to /Volumes/F/work/ClawEvalkit-private-emnlp/outputs/harness/memory/clawbench-official/qwen3.6-27b/sec-002.json
[21:45:46] [clawbench_sec-005_qwen3.6-27b_20260520_134542] Container started
[21:45:46] [sec-005] Harness detected, timeout adjusted: 180 → 360
[21:46:30]   [container] [setup] 运行 setup.sh: /app/claw-bench/tasks/security/sec-004-sql-injection-detection/environment/setup.sh
[21:46:30]   [container] [setup] setup.sh 成功
[21:46:30]   [container] [setup] 工作空间文件: ['instruction.md', 'queries.py']
[21:46:30]   [container] DONE
[21:46:30]   [container-err] Loading weights:   0%|          | 0/103 [00:00<?, ?it/s]
[21:46:30]   [container-err] Loading weights: 100%|██████████| 103/103 [00:00<00:00, 18371.82it/s]
[21:46:30]   [container-err] [1mBertModel LOAD REPORT[0m from: sentence-transformers/all-MiniLM-L6-v2
[21:46:30]   [container-err] Key                     | Status     |  | 
[21:46:30]   [container-err] ------------------------+------------+--+-
[21:46:30]   [container-err] embeddings.position_ids | UNEXPECTED |  | 
[21:46:30]   [container-err] 
[21:46:30]   [container-err] Notes:
[21:46:30]   [container-err] - UNEXPECTED:	can be ignored when loading from different task/architecture; not ok if you expect identical arch.
[21:46:30] [clawbench_sec-004_qwen3.6-27b_20260520_134538] Agent finished in 49.25s, returncode=0
[21:46:30] [clawbench_sec-004_qwen3.6-27b_20260520_134538] Agent result: passed=False, score=0.9333
[21:46:31] [sec-004] Result saved to /Volumes/F/work/ClawEvalkit-private-emnlp/outputs/harness/memory/clawbench-official/qwen3.6-27b/sec-004.json
[21:46:36] [clawbench_sec-006_qwen3.6-27b_20260520_134631] Container started
[21:46:36] [sec-006] Harness detected, timeout adjusted: 180 → 360
[21:46:45]   [container] [setup] 运行 setup.sh: /app/claw-bench/tasks/security/sec-005-xss-vulnerability-scan/environment/setup.sh
[21:46:45]   [container] [setup] setup.sh 成功
[21:46:45]   [container] [setup] 工作空间文件: ['profile.html', 'dashboard.html', 'instruction.md', 'comment.html', 'search.html', 'settings.html']
[21:46:45]   [container] DONE
[21:46:45]   [container-err] Loading weights:   0%|          | 0/103 [00:00<?, ?it/s]
[21:46:45]   [container-err] Loading weights: 100%|██████████| 103/103 [00:00<00:00, 34599.82it/s]
[21:46:45]   [container-err] [1mBertModel LOAD REPORT[0m from: sentence-transformers/all-MiniLM-L6-v2
[21:46:45]   [container-err] Key                     | Status     |  | 
[21:46:45]   [container-err] ------------------------+------------+--+-
[21:46:45]   [container-err] embeddings.position_ids | UNEXPECTED |  | 
[21:46:45]   [container-err] 
[21:46:45]   [container-err] Notes:
[21:46:45]   [container-err] - UNEXPECTED:	can be ignored when loading from different task/architecture; not ok if you expect identical arch.
[21:46:45] [clawbench_sec-005_qwen3.6-27b_20260520_134542] Agent finished in 59.05s, returncode=0
[21:46:45] [clawbench_sec-005_qwen3.6-27b_20260520_134542] Agent result: passed=True, score=1.0000
[21:46:45] [sec-005] Result saved to /Volumes/F/work/ClawEvalkit-private-emnlp/outputs/harness/memory/clawbench-official/qwen3.6-27b/sec-005.json
[21:46:48] [clawbench_sec-007_qwen3.6-27b_20260520_134645] Container started
[21:46:48] [sec-007] Harness detected, timeout adjusted: 180 → 360
[21:46:58]   [container] [setup] 运行 setup.sh: /app/claw-bench/tasks/security/sec-007-log-forensics/environment/setup.sh
[21:46:58]   [container] [setup] setup.sh 失败 (rc=1)
[21:46:58]   [container] [setup] stderr: cp: cannot stat '/app/claw-bench/tasks/security/sec-007-log-forensics/environment/data/access.log': No such file or directory
[21:46:58]   [container] 
[21:46:58]   [container] [setup] 重试 (bash -x) ...
[21:46:58]   [container] [setup] 重试也失败 (rc=1)
[21:46:58]   [container] [setup] stderr: + set -euo pipefail
[21:46:58]   [container] +++ dirname /app/claw-bench/tasks/security/sec-007-log-forensics/environment/setup.sh
[21:46:58]   [container] ++ cd /app/claw-bench/tasks/security/sec-007-log-forensics/environment/..
[21:46:58]   [container] ++ pwd
[21:46:58]   [container] + TASK_DIR=/app/claw-bench/tasks/security/sec-007-log-forensics
[21:46:58]   [container] + WORKSPACE=/tmp/clawbench_workspace
[21:46:58]   [container] + mkdir -p /tmp/clawbench_workspace
[21:46:58]   [container] + cp /app/claw-bench/tasks/security/sec-007-log-forensics/environment/data/access.log /tmp/clawbench_workspace/access.log
[21:46:58]   [container] cp: cannot stat '/app/claw-bench/tasks/security/sec-007-log-forensics/environment/data/access.log': No such file or directory
[21:46:58]   [container] 
[21:46:58]   [container] [setup] 工作空间文件: ['instruction.md']
[21:46:58]   [container] DONE
[21:46:58] [clawbench_sec-007_qwen3.6-27b_20260520_134645] Agent finished in 10.67s, returncode=0
[21:46:58] [clawbench_sec-007_qwen3.6-27b_20260520_134645] Agent result: passed=False, score=0.2500
[21:46:59] [sec-007] Result saved to /Volumes/F/work/ClawEvalkit-private-emnlp/outputs/harness/memory/clawbench-official/qwen3.6-27b/sec-007.json
[21:47:02] [clawbench_sec-008_qwen3.6-27b_20260520_134659] Container started
[21:47:02] [sec-008] Harness detected, timeout adjusted: 180 → 360
[21:47:21]   [container] [setup] 运行 setup.sh: /app/claw-bench/tasks/security/sec-008-encryption-validation/environment/setup.sh
[21:47:21]   [container] [setup] setup.sh 成功
[21:47:21]   [container] [setup] 工作空间文件: ['instruction.md', 'crypto_config.json']
[21:47:21]   [container] DONE
[21:47:21] [clawbench_sec-008_qwen3.6-27b_20260520_134659] Agent finished in 18.99s, returncode=0
[21:47:21] [clawbench_sec-008_qwen3.6-27b_20260520_134659] Agent result: passed=False, score=0.3889
[21:47:21] [sec-008] Result saved to /Volumes/F/work/ClawEvalkit-private-emnlp/outputs/harness/memory/clawbench-official/qwen3.6-27b/sec-008.json
[21:47:24] [clawbench_sec-009_qwen3.6-27b_20260520_134721] Container started
[21:47:24] [sec-009] Harness detected, timeout adjusted: 240 → 420
[21:47:33]   [container] [setup] 运行 setup.sh: /app/claw-bench/tasks/security/sec-006-dependency-vulnerability-check/environment/setup.sh
[21:47:33]   [container] [setup] setup.sh 成功
[21:47:33]   [container] [setup] 工作空间文件: ['vuln_database.json', 'requirements.txt', 'instruction.md']
[21:47:33]   [container] DONE
[21:47:33]   [container-err] Loading weights:   0%|          | 0/103 [00:00<?, ?it/s]
[21:47:33]   [container-err] Loading weights: 100%|██████████| 103/103 [00:00<00:00, 63196.80it/s]
[21:47:33]   [container-err] [1mBertModel LOAD REPORT[0m from: sentence-transformers/all-MiniLM-L6-v2
[21:47:33]   [container-err] Key                     | Status     |  | 
[21:47:33]   [container-err] ------------------------+------------+--+-
[21:47:33]   [container-err] embeddings.position_ids | UNEXPECTED |  | 
[21:47:33]   [container-err] 
[21:47:33]   [container-err] Notes:
[21:47:33]   [container-err] - UNEXPECTED:	can be ignored when loading from different task/architecture; not ok if you expect identical arch.
[21:47:33] [clawbench_sec-006_qwen3.6-27b_20260520_134631] Agent finished in 56.83s, returncode=0
[21:47:33] [clawbench_sec-006_qwen3.6-27b_20260520_134631] Agent result: passed=True, score=1.0000
[21:47:34] [sec-006] Result saved to /Volumes/F/work/ClawEvalkit-private-emnlp/outputs/harness/memory/clawbench-official/qwen3.6-27b/sec-006.json
[21:47:36] [clawbench_sec-010_qwen3.6-27b_20260520_134734] Container started
[21:47:36] [sec-010] Harness detected, timeout adjusted: 240 → 420
[21:47:38]   [container] [setup] 运行 setup.sh: /app/claw-bench/tasks/security/sec-009-api-security-audit/environment/setup.sh
[21:47:38]   [container] [setup] setup.sh 成功
[21:47:38]   [container] [setup] 工作空间文件: ['instruction.md', 'api_spec.json']
[21:47:38]   [container] DONE
[21:47:38] [clawbench_sec-009_qwen3.6-27b_20260520_134721] Agent finished in 13.94s, returncode=0
[21:47:38] [clawbench_sec-009_qwen3.6-27b_20260520_134721] Agent result: passed=False, score=0.3889
[21:47:39] [sec-009] Result saved to /Volumes/F/work/ClawEvalkit-private-emnlp/outputs/harness/memory/clawbench-official/qwen3.6-27b/sec-009.json
[21:47:41] [clawbench_sec-011_qwen3.6-27b_20260520_134739] Container started
[21:47:41] [sec-011] Harness detected, timeout adjusted: 240 → 420
[21:47:51]   [container] [setup] 运行 setup.sh: /app/claw-bench/tasks/security/sec-011-incident-response-plan/environment/setup.sh
[21:47:51]   [container] [setup] setup.sh 成功
[21:47:51]   [container] [setup] 工作空间文件: ['incident.json', 'instruction.md', 'playbooks.json']
[21:47:51]   [container] DONE
[21:47:51] [clawbench_sec-011_qwen3.6-27b_20260520_134739] Agent finished in 9.73s, returncode=0
[21:47:51] [clawbench_sec-011_qwen3.6-27b_20260520_134739] Agent result: passed=False, score=0.3684
[21:47:51] [sec-011] Result saved to /Volumes/F/work/ClawEvalkit-private-emnlp/outputs/harness/memory/clawbench-official/qwen3.6-27b/sec-011.json
[21:47:55] [clawbench_sec-012_qwen3.6-27b_20260520_134751] Container started
[21:47:55] [sec-012] Harness detected, timeout adjusted: 240 → 420
[21:48:00]   [container] [setup] 运行 setup.sh: /app/claw-bench/tasks/security/sec-012-secrets-scanning-git-history/environment/setup.sh
[21:48:00]   [container] [setup] setup.sh 成功
[21:48:00]   [container] [setup] 工作空间文件: ['commit_01.diff', 'commit_10.diff', 'commit_06.diff', 'commit_07.diff', 'instruction.md', 'commit_08.diff', 'commit_04.diff', 'commit_05.diff', 'commit_09.diff', 'commit_02.diff', 'commit_03.diff']
[21:48:00]   [container] DONE
[21:48:00] [clawbench_sec-012_qwen3.6-27b_20260520_134751] Agent finished in 5.66s, returncode=0
[21:48:00] [clawbench_sec-012_qwen3.6-27b_20260520_134751] Agent result: passed=False, score=0.1765
[21:48:01] [sec-012] Result saved to /Volumes/F/work/ClawEvalkit-private-emnlp/outputs/harness/memory/clawbench-official/qwen3.6-27b/sec-012.json
[21:48:03] [clawbench_sec-013_qwen3.6-27b_20260520_134801] Container started
[21:48:03] [sec-013] Harness detected, timeout adjusted: 300 → 480
[21:48:15]   [container] [setup] 运行 setup.sh: /app/claw-bench/tasks/security/sec-013-threat-model-generation/environment/setup.sh
[21:48:15]   [container] [setup] setup.sh 成功
[21:48:15]   [container] [setup] 工作空间文件: ['instruction.md', 'architecture.json']
[21:48:15]   [container] DONE
[21:48:15] [clawbench_sec-013_qwen3.6-27b_20260520_134801] Agent finished in 12.51s, returncode=0
[21:48:15] [clawbench_sec-013_qwen3.6-27b_20260520_134801] Agent result: passed=False, score=0.3684
[21:48:16] [sec-013] Result saved to /Volumes/F/work/ClawEvalkit-private-emnlp/outputs/harness/memory/clawbench-official/qwen3.6-27b/sec-013.json
[21:48:19] [clawbench_sec-014_qwen3.6-27b_20260520_134816] Container started
[21:48:19] [sec-014] Harness detected, timeout adjusted: 300 → 480
[21:48:24]   [container] [setup] 运行 setup.sh: /app/claw-bench/tasks/security/sec-010-network-policy-analysis/environment/setup.sh
[21:48:24]   [container] [setup] setup.sh 成功
[21:48:24]   [container] [setup] 工作空间文件: ['firewall_rules.json', 'instruction.md']
[21:48:24]   [container] DONE
[21:48:24] [clawbench_sec-010_qwen3.6-27b_20260520_134734] Agent finished in 47.88s, returncode=0
[21:48:24] [clawbench_sec-010_qwen3.6-27b_20260520_134734] Agent result: passed=False, score=0.3889
[21:48:25] [sec-010] Result saved to /Volumes/F/work/ClawEvalkit-private-emnlp/outputs/harness/memory/clawbench-official/qwen3.6-27b/sec-010.json
[21:48:26]   [container] [setup] 运行 setup.sh: /app/claw-bench/tasks/security/sec-014-compliance-audit/environment/setup.sh
[21:48:26]   [container] [setup] setup.sh 成功
[21:48:26]   [container] [setup] 工作空间文件: ['logging.json', 'compliance_rules.json', 'auth_config.json', 'web_server.json', 'instruction.md', 'database.json', 'network.json']
[21:48:26]   [container] DONE
[21:48:26] [clawbench_sec-014_qwen3.6-27b_20260520_134816] Agent finished in 6.83s, returncode=0
[21:48:26] [clawbench_sec-014_qwen3.6-27b_20260520_134816] Agent result: passed=False, score=0.4118
[21:48:27] [sec-014] Result saved to /Volumes/F/work/ClawEvalkit-private-emnlp/outputs/harness/memory/clawbench-official/qwen3.6-27b/sec-014.json
[21:48:28] [clawbench_sec-015_qwen3.6-27b_20260520_134825] Container started
[21:48:28] [sec-015] Harness detected, timeout adjusted: 360 → 540
[21:48:29] [clawbench_sys-001_qwen3.6-27b_20260520_134827] Container started
[21:48:29] [sys-001] Harness detected, timeout adjusted: 120 → 300
[21:48:35]   [container] [setup] 运行 setup.sh: /app/claw-bench/tasks/system-admin/sys-001-disk-usage-report/environment/setup.sh
[21:48:35]   [container] [setup] setup.sh 成功
[21:48:35]   [container] [setup] 工作空间文件: ['filesystem.txt', 'instruction.md']
[21:48:35]   [container] DONE
[21:48:35] [clawbench_sys-001_qwen3.6-27b_20260520_134827] Agent finished in 5.54s, returncode=0
[21:48:35] [clawbench_sys-001_qwen3.6-27b_20260520_134827] Agent result: passed=False, score=0.2353
[21:48:36]   [container] [setup] 运行 setup.sh: /app/claw-bench/tasks/security/sec-015-full-security-assessment/environment/setup.sh
[21:48:36]   [container] [setup] setup.sh 成功
[21:48:36]   [container] [setup] 工作空间文件: ['config.py', 'requirements.txt', 'Dockerfile', 'instruction.md', 'app.py', 'docker-compose.yml']
[21:48:36]   [container] DONE
[21:48:36] [clawbench_sec-015_qwen3.6-27b_20260520_134825] Agent finished in 7.73s, returncode=0
[21:48:36] [clawbench_sec-015_qwen3.6-27b_20260520_134825] Agent result: passed=False, score=0.1667
[21:48:38] [sys-001] Result saved to /Volumes/F/work/ClawEvalkit-private-emnlp/outputs/harness/memory/clawbench-official/qwen3.6-27b/sys-001.json
[21:48:38] [sec-015] Result saved to /Volumes/F/work/ClawEvalkit-private-emnlp/outputs/harness/memory/clawbench-official/qwen3.6-27b/sec-015.json
[21:48:41] [clawbench_sys-002_qwen3.6-27b_20260520_134838] Container started
[21:48:41] [sys-002] Harness detected, timeout adjusted: 120 → 300
[21:48:41] [clawbench_sys-003_qwen3.6-27b_20260520_134838] Container started
[21:48:41] [sys-003] Harness detected, timeout adjusted: 120 → 300
[21:48:48]   [container] [setup] 运行 setup.sh: /app/claw-bench/tasks/system-admin/sys-003-check-port-availability/environment/setup.sh
[21:48:48]   [container] [setup] setup.sh 成功
[21:48:48]   [container] [setup] 工作空间文件: ['instruction.md', 'ports.txt']
[21:48:48]   [container] DONE
[21:48:48] [clawbench_sys-003_qwen3.6-27b_20260520_134838] Agent finished in 7.33s, returncode=0
[21:48:48] [clawbench_sys-003_qwen3.6-27b_20260520_134838] Agent result: passed=False, score=0.2353
[21:48:49] [sys-003] Result saved to /Volumes/F/work/ClawEvalkit-private-emnlp/outputs/harness/memory/clawbench-official/qwen3.6-27b/sys-003.json
[21:48:52] [clawbench_sys-004_qwen3.6-27b_20260520_134849] Container started
[21:48:52] [sys-004] Harness detected, timeout adjusted: 180 → 360
[21:48:53]   [container] [setup] 运行 setup.sh: /app/claw-bench/tasks/system-admin/sys-002-parse-process-list/environment/setup.sh
[21:48:53]   [container] [setup] setup.sh 成功
[21:48:53]   [container] [setup] 工作空间文件: ['instruction.md', 'processes.txt']
[21:48:53]   [container] DONE
[21:48:53] [clawbench_sys-002_qwen3.6-27b_20260520_134838] Agent finished in 11.97s, returncode=0
[21:48:53] [clawbench_sys-002_qwen3.6-27b_20260520_134838] Agent result: passed=False, score=0.3636
[21:48:53] [sys-002] Result saved to /Volumes/F/work/ClawEvalkit-private-emnlp/outputs/harness/memory/clawbench-official/qwen3.6-27b/sys-002.json
[21:48:57] [clawbench_sys-005_qwen3.6-27b_20260520_134853] Container started
[21:48:57] [sys-005] Harness detected, timeout adjusted: 180 → 360
[21:49:07]   [container] [setup] 运行 setup.sh: /app/claw-bench/tasks/system-admin/sys-005-cron-expression-parser/environment/setup.sh
[21:49:07]   [container] [setup] setup.sh 成功
[21:49:07]   [container] [setup] 工作空间文件: ['instruction.md', 'crontab.txt']
[21:49:07]   [container] DONE
[21:49:07] [clawbench_sys-005_qwen3.6-27b_20260520_134853] Agent finished in 10.30s, returncode=0
[21:49:07] [clawbench_sys-005_qwen3.6-27b_20260520_134853] Agent result: passed=False, score=0.2105
[21:49:07] [sys-005] Result saved to /Volumes/F/work/ClawEvalkit-private-emnlp/outputs/harness/memory/clawbench-official/qwen3.6-27b/sys-005.json
[21:49:10] [clawbench_sys-006_qwen3.6-27b_20260520_134907] Container started
[21:49:10] [sys-006] Harness detected, timeout adjusted: 180 → 360
[21:49:18]   [container] [setup] 运行 setup.sh: /app/claw-bench/tasks/system-admin/sys-006-config-file-audit/environment/setup.sh
[21:49:18]   [container] [setup] setup.sh 成功
[21:49:18]   [container] [setup] 工作空间文件: ['my.cnf', 'ssh_config', 'instruction.md', 'nginx.conf']
[21:49:18]   [container] DONE
[21:49:18] [clawbench_sys-006_qwen3.6-27b_20260520_134907] Agent finished in 7.24s, returncode=0
[21:49:18] [clawbench_sys-006_qwen3.6-27b_20260520_134907] Agent result: passed=False, score=0.1818
[21:49:18] [sys-006] Result saved to /Volumes/F/work/ClawEvalkit-private-emnlp/outputs/harness/memory/clawbench-official/qwen3.6-27b/sys-006.json
[21:49:20] [clawbench_sys-007_qwen3.6-27b_20260520_134918] Container started
[21:49:20] [sys-007] Harness detected, timeout adjusted: 180 → 360
[21:49:26]   [container] [setup] 运行 setup.sh: /app/claw-bench/tasks/system-admin/sys-007-service-dependency-mapping/environment/setup.sh
[21:49:26]   [container] [setup] setup.sh 成功
[21:49:26]   [container] [setup] 工作空间文件: ['services.yaml', 'instruction.md']
[21:49:26]   [container] DONE
[21:49:26] [clawbench_sys-007_qwen3.6-27b_20260520_134918] Agent finished in 6.38s, returncode=0
[21:49:26] [clawbench_sys-007_qwen3.6-27b_20260520_134918] Agent result: passed=False, score=0.2222
[21:49:27] [sys-007] Result saved to /Volumes/F/work/ClawEvalkit-private-emnlp/outputs/harness/memory/clawbench-official/qwen3.6-27b/sys-007.json
[21:49:29] [clawbench_sys-008_qwen3.6-27b_20260520_134927] Container started
[21:49:29] [sys-008] Harness detected, timeout adjusted: 240 → 420
[21:49:35]   [container] [setup] 运行 setup.sh: /app/claw-bench/tasks/system-admin/sys-008-log-rotation-script/environment/setup.sh
[21:49:35]   [container] [setup] setup.sh 成功
[21:49:35]   [container] [setup] 工作空间文件: ['instruction.md', 'log_manifest.json']
[21:49:35]   [container] DONE
[21:49:35] [clawbench_sys-008_qwen3.6-27b_20260520_134927] Agent finished in 5.70s, returncode=0
[21:49:35] [clawbench_sys-008_qwen3.6-27b_20260520_134927] Agent result: passed=False, score=0.3333
[21:49:36] [sys-008] Result saved to /Volumes/F/work/ClawEvalkit-private-emnlp/outputs/harness/memory/clawbench-official/qwen3.6-27b/sys-008.json
[21:49:37]   [container] [setup] 运行 setup.sh: /app/claw-bench/tasks/system-admin/sys-004-log-analysis/environment/setup.sh
[21:49:37]   [container] [setup] setup.sh 成功
[21:49:37]   [container] [setup] 工作空间文件: ['instruction.md', 'syslog.txt']
[21:49:37]   [container] DONE
[21:49:37]   [container-err] Loading weights:   0%|          | 0/103 [00:00<?, ?it/s]
[21:49:37]   [container-err] Loading weights: 100%|██████████| 103/103 [00:00<00:00, 25661.62it/s]
[21:49:37]   [container-err] [1mBertModel LOAD REPORT[0m from: sentence-transformers/all-MiniLM-L6-v2
[21:49:37]   [container-err] Key                     | Status     |  | 
[21:49:37]   [container-err] ------------------------+------------+--+-
[21:49:37]   [container-err] embeddings.position_ids | UNEXPECTED |  | 
[21:49:37]   [container-err] 
[21:49:37]   [container-err] Notes:
[21:49:37]   [container-err] - UNEXPECTED:	can be ignored when loading from different task/architecture; not ok if you expect identical arch.
[21:49:37] [clawbench_sys-004_qwen3.6-27b_20260520_134849] Agent finished in 45.75s, returncode=0
[21:49:37] [clawbench_sys-004_qwen3.6-27b_20260520_134849] Agent result: passed=True, score=1.0000
[21:49:38] [sys-004] Result saved to /Volumes/F/work/ClawEvalkit-private-emnlp/outputs/harness/memory/clawbench-official/qwen3.6-27b/sys-004.json
[21:49:38] [clawbench_sys-009_qwen3.6-27b_20260520_134936] Container started
[21:49:38] [sys-009] Harness detected, timeout adjusted: 240 → 420
[21:49:40] [clawbench_sys-010_qwen3.6-27b_20260520_134938] Container started
[21:49:40] [sys-010] Harness detected, timeout adjusted: 300 → 480
[21:49:45]   [container] [setup] 运行 setup.sh: /app/claw-bench/tasks/system-admin/sys-009-performance-diagnostic/environment/setup.sh
[21:49:45]   [container] [setup] setup.sh 成功
[21:49:45]   [container] [setup] 工作空间文件: ['memory.csv', 'instruction.md', 'disk_io.csv', 'cpu.csv']
[21:49:45]   [container] DONE
[21:49:45] [clawbench_sys-009_qwen3.6-27b_20260520_134936] Agent finished in 7.18s, returncode=0
[21:49:45] [clawbench_sys-009_qwen3.6-27b_20260520_134936] Agent result: passed=False, score=0.1739
[21:49:46] [sys-009] Result saved to /Volumes/F/work/ClawEvalkit-private-emnlp/outputs/harness/memory/clawbench-official/qwen3.6-27b/sys-009.json
[21:49:50] [clawbench_sys-011_qwen3.6-27b_20260520_134946] Container started
[21:49:50] [sys-011] Harness detected, timeout adjusted: 120 → 300
[21:50:35]   [container] [setup] 运行 setup.sh: /app/claw-bench/tasks/system-admin/sys-011-disk-usage-analyzer/environment/setup.sh
[21:50:35]   [container] [setup] setup.sh 成功
[21:50:35]   [container] [setup] 工作空间文件: ['instruction.md', 'disk_usage.txt']
[21:50:35]   [container] DONE
[21:50:35]   [container-err] Loading weights:   0%|          | 0/103 [00:00<?, ?it/s]
[21:50:35]   [container-err] Loading weights: 100%|██████████| 103/103 [00:00<00:00, 33003.31it/s]
[21:50:35]   [container-err] [1mBertModel LOAD REPORT[0m from: sentence-transformers/all-MiniLM-L6-v2
[21:50:35]   [container-err] Key                     | Status     |  | 
[21:50:35]   [container-err] ------------------------+------------+--+-
[21:50:35]   [container-err] embeddings.position_ids | UNEXPECTED |  | 
[21:50:35]   [container-err] 
[21:50:35]   [container-err] Notes:
[21:50:35]   [container-err] - UNEXPECTED:	can be ignored when loading from different task/architecture; not ok if you expect identical arch.
[21:50:35] [clawbench_sys-011_qwen3.6-27b_20260520_134946] Agent finished in 45.49s, returncode=0
[21:50:35] [clawbench_sys-011_qwen3.6-27b_20260520_134946] Agent result: passed=False, score=0.5882
[21:50:36] [sys-011] Result saved to /Volumes/F/work/ClawEvalkit-private-emnlp/outputs/harness/memory/clawbench-official/qwen3.6-27b/sys-011.json
[21:50:42] [clawbench_sys-012_qwen3.6-27b_20260520_135036] Container started
[21:50:42] [sys-012] Harness detected, timeout adjusted: 120 → 300
[21:52:11]   [container] [setup] 运行 setup.sh: /app/claw-bench/tasks/system-admin/sys-012-cron-parser/environment/setup.sh
[21:52:11]   [container] [setup] setup.sh 成功
[21:52:11]   [container] [setup] 工作空间文件: ['instruction.md', 'crontab.txt']
[21:52:11]   [container] DONE
[21:52:11] [clawbench_sys-012_qwen3.6-27b_20260520_135036] Agent finished in 89.66s, returncode=0
[21:52:11] [clawbench_sys-012_qwen3.6-27b_20260520_135036] Agent result: passed=False, score=0.0000
[21:52:13] [sys-012] Result saved to /Volumes/F/work/ClawEvalkit-private-emnlp/outputs/harness/memory/clawbench-official/qwen3.6-27b/sys-012.json
[21:52:15] [clawbench_sys-013_qwen3.6-27b_20260520_135213] Container started
[21:52:15] [sys-013] Harness detected, timeout adjusted: 120 → 300
[21:52:41]   [container] [setup] 运行 setup.sh: /app/claw-bench/tasks/system-admin/sys-010-infrastructure-migration-plan/environment/setup.sh
[21:52:41]   [container] [setup] setup.sh 成功
[21:52:41]   [container] [setup] 工作空间文件: ['requirements.yaml', 'instruction.md', 'infrastructure.yaml']
[21:52:41]   [container] DONE
[21:52:41]   [container-err] Loading weights:   0%|          | 0/103 [00:00<?, ?it/s]
[21:52:41]   [container-err] Loading weights: 100%|██████████| 103/103 [00:00<00:00, 90873.65it/s]
[21:52:41]   [container-err] [1mBertModel LOAD REPORT[0m from: sentence-transformers/all-MiniLM-L6-v2
[21:52:41]   [container-err] Key                     | Status     |  | 
[21:52:41]   [container-err] ------------------------+------------+--+-
[21:52:41]   [container-err] embeddings.position_ids | UNEXPECTED |  | 
[21:52:41]   [container-err] 
[21:52:41]   [container-err] Notes:
[21:52:41]   [container-err] - UNEXPECTED:	can be ignored when loading from different task/architecture; not ok if you expect identical arch.
[21:52:41] [clawbench_sys-010_qwen3.6-27b_20260520_134938] Agent finished in 180.72s, returncode=0
[21:52:41] [clawbench_sys-010_qwen3.6-27b_20260520_134938] Agent result: passed=True, score=1.0000
[21:52:42] [sys-010] Result saved to /Volumes/F/work/ClawEvalkit-private-emnlp/outputs/harness/memory/clawbench-official/qwen3.6-27b/sys-010.json
[21:52:48] [clawbench_sys-014_qwen3.6-27b_20260520_135242] Container started
[21:52:48] [sys-014] Harness detected, timeout adjusted: 120 → 300
[21:53:00]   [container] [setup] 运行 setup.sh: /app/claw-bench/tasks/system-admin/sys-013-log-rotation-planner/environment/setup.sh
[21:53:00]   [container] [setup] setup.sh 成功
[21:53:00]   [container] [setup] 工作空间文件: ['instruction.md', 'log_inventory.json']
[21:53:00]   [container] DONE
[21:53:00]   [container-err] Loading weights:   0%|          | 0/103 [00:00<?, ?it/s]
[21:53:00]   [container-err] Loading weights: 100%|██████████| 103/103 [00:00<00:00, 25232.95it/s]
[21:53:00]   [container-err] [1mBertModel LOAD REPORT[0m from: sentence-transformers/all-MiniLM-L6-v2
[21:53:00]   [container-err] Key                     | Status     |  | 
[21:53:00]   [container-err] ------------------------+------------+--+-
[21:53:00]   [container-err] embeddings.position_ids | UNEXPECTED |  | 
[21:53:00]   [container-err] 
[21:53:00]   [container-err] Notes:
[21:53:00]   [container-err] - UNEXPECTED:	can be ignored when loading from different task/architecture; not ok if you expect identical arch.
[21:53:00] [clawbench_sys-013_qwen3.6-27b_20260520_135213] Agent finished in 44.78s, returncode=0
[21:53:00] [clawbench_sys-013_qwen3.6-27b_20260520_135213] Agent result: passed=False, score=0.7308
[21:53:01] [sys-013] Result saved to /Volumes/F/work/ClawEvalkit-private-emnlp/outputs/harness/memory/clawbench-official/qwen3.6-27b/sys-013.json
[21:53:05] [clawbench_sys-015_qwen3.6-27b_20260520_135301] Container started
[21:53:05] [sys-015] Harness detected, timeout adjusted: 120 → 300
[21:53:27]   [container] [setup] 运行 setup.sh: /app/claw-bench/tasks/system-admin/sys-014-service-dependency-resolver/environment/setup.sh
[21:53:27]   [container] [setup] setup.sh 成功
[21:53:27]   [container] [setup] 工作空间文件: ['services.json', 'instruction.md']
[21:53:27]   [container] DONE
[21:53:27]   [container-err] Loading weights:   0%|          | 0/103 [00:00<?, ?it/s]
[21:53:27]   [container-err] Loading weights: 100%|██████████| 103/103 [00:00<00:00, 55550.12it/s]
[21:53:27]   [container-err] [1mBertModel LOAD REPORT[0m from: sentence-transformers/all-MiniLM-L6-v2
[21:53:27]   [container-err] Key                     | Status     |  | 
[21:53:27]   [container-err] ------------------------+------------+--+-
[21:53:27]   [container-err] embeddings.position_ids | UNEXPECTED |  | 
[21:53:27]   [container-err] 
[21:53:27]   [container-err] Notes:
[21:53:27]   [container-err] - UNEXPECTED:	can be ignored when loading from different task/architecture; not ok if you expect identical arch.
[21:53:27] [clawbench_sys-014_qwen3.6-27b_20260520_135242] Agent finished in 38.28s, returncode=0
[21:53:27] [clawbench_sys-014_qwen3.6-27b_20260520_135242] Agent result: passed=False, score=0.6667
[21:53:27] [sys-014] Result saved to /Volumes/F/work/ClawEvalkit-private-emnlp/outputs/harness/memory/clawbench-official/qwen3.6-27b/sys-014.json
[21:53:30] [clawbench_web-001_qwen3.6-27b_20260520_135327] Container started
[21:53:30] [web-001] Harness detected, timeout adjusted: 120 → 300
[21:54:07]   [container] [setup] 运行 setup.sh: /app/claw-bench/tasks/system-admin/sys-015-network-config-validator/environment/setup.sh
[21:54:07]   [container] [setup] setup.sh 成功
[21:54:07]   [container] [setup] 工作空间文件: ['instruction.md', 'network_config.json']
[21:54:07]   [container] DONE
[21:54:07]   [container-err] Loading weights:   0%|          | 0/103 [00:00<?, ?it/s]
[21:54:07]   [container-err] Loading weights: 100%|██████████| 103/103 [00:00<00:00, 36555.53it/s]
[21:54:07]   [container-err] [1mBertModel LOAD REPORT[0m from: sentence-transformers/all-MiniLM-L6-v2
[21:54:07]   [container-err] Key                     | Status     |  | 
[21:54:07]   [container-err] ------------------------+------------+--+-
[21:54:07]   [container-err] embeddings.position_ids | UNEXPECTED |  | 
[21:54:07]   [container-err] 
[21:54:07]   [container-err] Notes:
[21:54:07]   [container-err] - UNEXPECTED:	can be ignored when loading from different task/architecture; not ok if you expect identical arch.
[21:54:07] [clawbench_sys-015_qwen3.6-27b_20260520_135301] Agent finished in 62.35s, returncode=0
[21:54:07] [clawbench_sys-015_qwen3.6-27b_20260520_135301] Agent result: passed=True, score=1.0000
[21:54:08] [sys-015] Result saved to /Volumes/F/work/ClawEvalkit-private-emnlp/outputs/harness/memory/clawbench-official/qwen3.6-27b/sys-015.json
[21:54:10]   [container] [setup] 运行 setup.sh: /app/claw-bench/tasks/web-browsing/web-001-extract-links/environment/setup.sh
[21:54:10]   [container] [setup] setup.sh 成功
[21:54:10]   [container] [setup] 工作空间文件: ['page.html', 'instruction.md']
[21:54:10]   [container] DONE
[21:54:10]   [container-err] Loading weights:   0%|          | 0/103 [00:00<?, ?it/s]
[21:54:10]   [container-err] Loading weights: 100%|██████████| 103/103 [00:00<00:00, 26756.68it/s]
[21:54:10]   [container-err] [1mBertModel LOAD REPORT[0m from: sentence-transformers/all-MiniLM-L6-v2
[21:54:10]   [container-err] Key                     | Status     |  | 
[21:54:10]   [container-err] ------------------------+------------+--+-
[21:54:10]   [container-err] embeddings.position_ids | UNEXPECTED |  | 
[21:54:10]   [container-err] 
[21:54:10]   [container-err] Notes:
[21:54:10]   [container-err] - UNEXPECTED:	can be ignored when loading from different task/architecture; not ok if you expect identical arch.
[21:54:10] [clawbench_web-001_qwen3.6-27b_20260520_135327] Agent finished in 39.44s, returncode=0
[21:54:10] [clawbench_web-001_qwen3.6-27b_20260520_135327] Agent result: passed=True, score=1.0000
[21:54:10] [web-001] Result saved to /Volumes/F/work/ClawEvalkit-private-emnlp/outputs/harness/memory/clawbench-official/qwen3.6-27b/web-001.json
[21:54:11] [clawbench_web-002_qwen3.6-27b_20260520_135408] Container started
[21:54:11] [web-002] Harness detected, timeout adjusted: 120 → 300
[21:54:13] [clawbench_web-003_qwen3.6-27b_20260520_135410] Container started
[21:54:13] [web-003] Harness detected, timeout adjusted: 120 → 300
[21:54:53]   [container] [setup] 运行 setup.sh: /app/claw-bench/tasks/web-browsing/web-002-parse-table/environment/setup.sh
[21:54:53]   [container] [setup] setup.sh 成功
[21:54:53]   [container] [setup] 工作空间文件: ['page.html', 'instruction.md']
[21:54:53]   [container] DONE
[21:54:53]   [container-err] Loading weights:   0%|          | 0/103 [00:00<?, ?it/s]
[21:54:53]   [container-err] Loading weights: 100%|██████████| 103/103 [00:00<00:00, 21539.28it/s]
[21:54:53]   [container-err] [1mBertModel LOAD REPORT[0m from: sentence-transformers/all-MiniLM-L6-v2
[21:54:53]   [container-err] Key                     | Status     |  | 
[21:54:53]   [container-err] ------------------------+------------+--+-
[21:54:53]   [container-err] embeddings.position_ids | UNEXPECTED |  | 
[21:54:53]   [container-err] 
[21:54:53]   [container-err] Notes:
[21:54:53]   [container-err] - UNEXPECTED:	can be ignored when loading from different task/architecture; not ok if you expect identical arch.
[21:54:53] [clawbench_web-002_qwen3.6-27b_20260520_135408] Agent finished in 41.92s, returncode=0
[21:54:53] [clawbench_web-002_qwen3.6-27b_20260520_135408] Agent result: passed=True, score=1.0000
[21:54:53]   [container] [setup] 运行 setup.sh: /app/claw-bench/tasks/web-browsing/web-003-extract-structured/environment/setup.sh
[21:54:53]   [container] [setup] setup.sh 成功
[21:54:53]   [container] [setup] 工作空间文件: ['instruction.md', 'product_page.html']
[21:54:53]   [container] DONE
[21:54:53]   [container-err] Loading weights:   0%|          | 0/103 [00:00<?, ?it/s]
[21:54:53]   [container-err] Loading weights: 100%|██████████| 103/103 [00:00<00:00, 19563.16it/s]
[21:54:53]   [container-err] [1mBertModel LOAD REPORT[0m from: sentence-transformers/all-MiniLM-L6-v2
[21:54:53]   [container-err] Key                     | Status     |  | 
[21:54:53]   [container-err] ------------------------+------------+--+-
[21:54:53]   [container-err] embeddings.position_ids | UNEXPECTED |  | 
[21:54:53]   [container-err] 
[21:54:53]   [container-err] Notes:
[21:54:53]   [container-err] - UNEXPECTED:	can be ignored when loading from different task/architecture; not ok if you expect identical arch.
[21:54:53] [clawbench_web-003_qwen3.6-27b_20260520_135410] Agent finished in 40.33s, returncode=0
[21:54:53] [clawbench_web-003_qwen3.6-27b_20260520_135410] Agent result: passed=True, score=1.0000
[21:54:55] [web-003] Result saved to /Volumes/F/work/ClawEvalkit-private-emnlp/outputs/harness/memory/clawbench-official/qwen3.6-27b/web-003.json
[21:54:55] [web-002] Result saved to /Volumes/F/work/ClawEvalkit-private-emnlp/outputs/harness/memory/clawbench-official/qwen3.6-27b/web-002.json
[21:54:59] [clawbench_web-005_qwen3.6-27b_20260520_135455] Container started
[21:54:59] [web-005] Harness detected, timeout adjusted: 180 → 360
[21:54:59] [clawbench_web-004_qwen3.6-27b_20260520_135455] Container started
[21:54:59] [web-004] Harness detected, timeout adjusted: 180 → 360
[21:55:38]   [container] [setup] 运行 setup.sh: /app/claw-bench/tasks/web-browsing/web-004-form-inventory/environment/setup.sh
[21:55:38]   [container] [setup] setup.sh 成功
[21:55:38]   [container] [setup] 工作空间文件: ['form.html', 'instruction.md']
[21:55:38]   [container] DONE
[21:55:38]   [container-err] Loading weights:   0%|          | 0/103 [00:00<?, ?it/s]
[21:55:38]   [container-err] Loading weights: 100%|██████████| 103/103 [00:00<00:00, 16519.32it/s]
[21:55:38]   [container-err] [1mBertModel LOAD REPORT[0m from: sentence-transformers/all-MiniLM-L6-v2
[21:55:38]   [container-err] Key                     | Status     |  | 
[21:55:38]   [container-err] ------------------------+------------+--+-
[21:55:38]   [container-err] embeddings.position_ids | UNEXPECTED |  | 
[21:55:38]   [container-err] 
[21:55:38]   [container-err] Notes:
[21:55:38]   [container-err] - UNEXPECTED:	can be ignored when loading from different task/architecture; not ok if you expect identical arch.
[21:55:38] [clawbench_web-004_qwen3.6-27b_20260520_135455] Agent finished in 38.35s, returncode=0
[21:55:38] [clawbench_web-004_qwen3.6-27b_20260520_135455] Agent result: passed=True, score=1.0000
[21:55:38] [web-004] Result saved to /Volumes/F/work/ClawEvalkit-private-emnlp/outputs/harness/memory/clawbench-official/qwen3.6-27b/web-004.json
[21:55:42] [clawbench_web-006_qwen3.6-27b_20260520_135538] Container started
[21:55:42] [web-006] Harness detected, timeout adjusted: 240 → 420
[21:55:47]   [container] [setup] 运行 setup.sh: /app/claw-bench/tasks/web-browsing/web-005-multi-page-aggregate/environment/setup.sh
[21:55:47]   [container] [setup] setup.sh 成功
[21:55:47]   [container] [setup] 工作空间文件: ['instruction.md']
[21:55:47]   [container] DONE
[21:55:47]   [container-err] Loading weights:   0%|          | 0/103 [00:00<?, ?it/s]
[21:55:47]   [container-err] Loading weights: 100%|██████████| 103/103 [00:00<00:00, 76952.85it/s]
[21:55:47]   [container-err] [1mBertModel LOAD REPORT[0m from: sentence-transformers/all-MiniLM-L6-v2
[21:55:47]   [container-err] Key                     | Status     |  | 
[21:55:47]   [container-err] ------------------------+------------+--+-
[21:55:47]   [container-err] embeddings.position_ids | UNEXPECTED |  | 
[21:55:47]   [container-err] 
[21:55:47]   [container-err] Notes:
[21:55:47]   [container-err] - UNEXPECTED:	can be ignored when loading from different task/architecture; not ok if you expect identical arch.
[21:55:47] [clawbench_web-005_qwen3.6-27b_20260520_135455] Agent finished in 48.18s, returncode=0
[21:55:47] [clawbench_web-005_qwen3.6-27b_20260520_135455] Agent result: passed=True, score=1.0000
[21:55:48] [web-005] Result saved to /Volumes/F/work/ClawEvalkit-private-emnlp/outputs/harness/memory/clawbench-official/qwen3.6-27b/web-005.json
[21:55:51] [clawbench_web-007_qwen3.6-27b_20260520_135548] Container started
[21:55:51] [web-007] Harness detected, timeout adjusted: 240 → 420
[21:56:38]   [container] [setup] 运行 setup.sh: /app/claw-bench/tasks/web-browsing/web-006-accessibility-audit/environment/setup.sh
[21:56:38]   [container] [setup] setup.sh 成功
[21:56:38]   [container] [setup] 工作空间文件: ['instruction.md']
[21:56:38]   [container] DONE
[21:56:38]   [container-err] Loading weights:   0%|          | 0/103 [00:00<?, ?it/s]
[21:56:38]   [container-err] Loading weights: 100%|██████████| 103/103 [00:00<00:00, 43422.79it/s]
[21:56:38]   [container-err] [1mBertModel LOAD REPORT[0m from: sentence-transformers/all-MiniLM-L6-v2
[21:56:38]   [container-err] Key                     | Status     |  | 
[21:56:38]   [container-err] ------------------------+------------+--+-
[21:56:38]   [container-err] embeddings.position_ids | UNEXPECTED |  | 
[21:56:38]   [container-err] 
[21:56:38]   [container-err] Notes:
[21:56:38]   [container-err] - UNEXPECTED:	can be ignored when loading from different task/architecture; not ok if you expect identical arch.
[21:56:38] [clawbench_web-006_qwen3.6-27b_20260520_135538] Agent finished in 55.93s, returncode=0
[21:56:38] [clawbench_web-006_qwen3.6-27b_20260520_135538] Agent result: passed=True, score=1.0000
[21:56:40] [web-006] Result saved to /Volumes/F/work/ClawEvalkit-private-emnlp/outputs/harness/memory/clawbench-official/qwen3.6-27b/web-006.json
[21:56:42] [clawbench_web-008_qwen3.6-27b_20260520_135640] Container started
[21:56:42] [web-008] Harness detected, timeout adjusted: 300 → 480
[21:56:58]   [container] [setup] 运行 setup.sh: /app/claw-bench/tasks/web-browsing/web-007-seo-analysis/environment/setup.sh
[21:56:58]   [container] [setup] setup.sh 成功
[21:56:58]   [container] [setup] 工作空间文件: ['instruction.md']
[21:56:58]   [container] DONE
[21:56:58]   [container-err] Loading weights:   0%|          | 0/103 [00:00<?, ?it/s]
[21:56:58]   [container-err] Loading weights: 100%|██████████| 103/103 [00:00<00:00, 43681.83it/s]
[21:56:58]   [container-err] [1mBertModel LOAD REPORT[0m from: sentence-transformers/all-MiniLM-L6-v2
[21:56:58]   [container-err] Key                     | Status     |  | 
[21:56:58]   [container-err] ------------------------+------------+--+-
[21:56:58]   [container-err] embeddings.position_ids | UNEXPECTED |  | 
[21:56:58]   [container-err] 
[21:56:58]   [container-err] Notes:
[21:56:58]   [container-err] - UNEXPECTED:	can be ignored when loading from different task/architecture; not ok if you expect identical arch.
[21:56:58] [clawbench_web-007_qwen3.6-27b_20260520_135548] Agent finished in 67.33s, returncode=0
[21:56:58] [clawbench_web-007_qwen3.6-27b_20260520_135548] Agent result: passed=True, score=1.0000
[21:56:58] [web-007] Result saved to /Volumes/F/work/ClawEvalkit-private-emnlp/outputs/harness/memory/clawbench-official/qwen3.6-27b/web-007.json
[21:57:01] [clawbench_web-009_qwen3.6-27b_20260520_135658] Container started
[21:57:01] [web-009] Harness detected, timeout adjusted: 180 → 360
[21:57:10]   [container] [setup] 运行 setup.sh: /app/claw-bench/tasks/web-browsing/web-009-rss-feed-parser/environment/setup.sh
[21:57:10]   [container] [setup] setup.sh 成功
[21:57:10]   [container] [setup] 工作空间文件: ['feed.xml', 'instruction.md']
[21:57:10]   [container] [_run_loop] Empty response at iteration 1, retrying once
[21:57:10]   [container] [_run_loop] Retry got tool_calls at iteration 1
[21:57:10]   [container] DONE
[21:57:10] [clawbench_web-009_qwen3.6-27b_20260520_135658] Agent finished in 9.00s, returncode=0
[21:57:10] [clawbench_web-009_qwen3.6-27b_20260520_135658] Agent result: passed=False, score=0.2000
[21:57:11] [web-009] Result saved to /Volumes/F/work/ClawEvalkit-private-emnlp/outputs/harness/memory/clawbench-official/qwen3.6-27b/web-009.json
[21:57:15] [clawbench_web-010_qwen3.6-27b_20260520_135711] Container started
[21:57:15] [web-010] Harness detected, timeout adjusted: 240 → 420
[21:57:34]   [container] [setup] 运行 setup.sh: /app/claw-bench/tasks/web-browsing/web-008-site-structure/environment/setup.sh
[21:57:34]   [container] [setup] setup.sh 成功
[21:57:34]   [container] [setup] 工作空间文件: ['instruction.md']
[21:57:34]   [container] DONE
[21:57:34] [clawbench_web-008_qwen3.6-27b_20260520_135640] Agent finished in 51.79s, returncode=0
[21:57:34] [clawbench_web-008_qwen3.6-27b_20260520_135640] Agent result: passed=False, score=0.2000
[21:57:34]   [container] [setup] 运行 setup.sh: /app/claw-bench/tasks/web-browsing/web-010-html-diff-report/environment/setup.sh
[21:57:34]   [container] [setup] setup.sh 成功
[21:57:34]   [container] [setup] 工作空间文件: ['instruction.md', 'after.html', 'before.html']
[21:57:34]   [container] DONE
[21:57:34] [clawbench_web-010_qwen3.6-27b_20260520_135711] Agent finished in 18.86s, returncode=0
[21:57:34] [clawbench_web-010_qwen3.6-27b_20260520_135711] Agent result: passed=False, score=0.1154
[21:57:34] [web-008] Result saved to /Volumes/F/work/ClawEvalkit-private-emnlp/outputs/harness/memory/clawbench-official/qwen3.6-27b/web-008.json
[21:57:35] [web-010] Result saved to /Volumes/F/work/ClawEvalkit-private-emnlp/outputs/harness/memory/clawbench-official/qwen3.6-27b/web-010.json
[21:57:38] [clawbench_web-011_qwen3.6-27b_20260520_135734] Container started
[21:57:38] [web-011] Harness detected, timeout adjusted: 120 → 300
[21:57:38] [clawbench_web-012_qwen3.6-27b_20260520_135735] Container started
[21:57:38] [web-012] Harness detected, timeout adjusted: 120 → 300
[21:58:03]   [container] [setup] 运行 setup.sh: /app/claw-bench/tasks/web-browsing/web-011-html-link-extractor/environment/setup.sh
[21:58:03]   [container] [setup] setup.sh 成功
[21:58:03]   [container] [setup] 工作空间文件: ['page.html', 'instruction.md']
[21:58:03]   [container] DONE
[21:58:03] [clawbench_web-011_qwen3.6-27b_20260520_135734] Agent finished in 25.18s, returncode=0
[21:58:03] [clawbench_web-011_qwen3.6-27b_20260520_135734] Agent result: passed=False, score=0.2353
[21:58:03] [web-011] Result saved to /Volumes/F/work/ClawEvalkit-private-emnlp/outputs/harness/memory/clawbench-official/qwen3.6-27b/web-011.json
[21:58:05] [clawbench_web-013_qwen3.6-27b_20260520_135803] Container started
[21:58:05] [web-013] Harness detected, timeout adjusted: 120 → 300
[21:58:09]   [container] [setup] 运行 setup.sh: /app/claw-bench/tasks/web-browsing/web-012-sitemap-generator/environment/setup.sh
[21:58:09]   [container] [setup] setup.sh 成功
[21:58:09]   [container] [setup] 工作空间文件: ['instruction.md']
[21:58:09]   [container] DONE
[21:58:09]   [container-err] Loading weights:   0%|          | 0/103 [00:00<?, ?it/s]
[21:58:09]   [container-err] Loading weights: 100%|██████████| 103/103 [00:00<00:00, 30487.88it/s]
[21:58:09]   [container-err] [1mBertModel LOAD REPORT[0m from: sentence-transformers/all-MiniLM-L6-v2
[21:58:09]   [container-err] Key                     | Status     |  | 
[21:58:09]   [container-err] ------------------------+------------+--+-
[21:58:09]   [container-err] embeddings.position_ids | UNEXPECTED |  | 
[21:58:09]   [container-err] 
[21:58:09]   [container-err] Notes:
[21:58:09]   [container-err] - UNEXPECTED:	can be ignored when loading from different task/architecture; not ok if you expect identical arch.
[21:58:09] [clawbench_web-012_qwen3.6-27b_20260520_135735] Agent finished in 31.01s, returncode=0
[21:58:09] [clawbench_web-012_qwen3.6-27b_20260520_135735] Agent result: passed=False, score=0.5882
[21:58:09] [web-012] Result saved to /Volumes/F/work/ClawEvalkit-private-emnlp/outputs/harness/memory/clawbench-official/qwen3.6-27b/web-012.json
[21:58:12]   [container] [setup] 运行 setup.sh: /app/claw-bench/tasks/web-browsing/web-013-form-data-extractor/environment/setup.sh
[21:58:12]   [container] [setup] setup.sh 成功
[21:58:12]   [container] [setup] 工作空间文件: ['form.html', 'instruction.md']
[21:58:12]   [container] DONE
[21:58:12] [clawbench_web-013_qwen3.6-27b_20260520_135803] Agent finished in 7.12s, returncode=0
[21:58:12] [clawbench_web-013_qwen3.6-27b_20260520_135803] Agent result: passed=False, score=0.0000
[21:58:13] [clawbench_web-014_qwen3.6-27b_20260520_135809] Container started
[21:58:13] [web-014] Harness detected, timeout adjusted: 120 → 300
[21:58:13] [web-013] Result saved to /Volumes/F/work/ClawEvalkit-private-emnlp/outputs/harness/memory/clawbench-official/qwen3.6-27b/web-013.json
[21:58:15] [clawbench_web-015_qwen3.6-27b_20260520_135813] Container started
[21:58:15] [web-015] Harness detected, timeout adjusted: 120 → 300
[21:58:20]   [container] [setup] 运行 setup.sh: /app/claw-bench/tasks/web-browsing/web-014-web-scraping-parser/environment/setup.sh
[21:58:20]   [container] [setup] setup.sh 成功
[21:58:20]   [container] [setup] 工作空间文件: ['products.html', 'instruction.md']
[21:58:20]   [container] DONE
[21:58:20] [clawbench_web-014_qwen3.6-27b_20260520_135809] Agent finished in 6.79s, returncode=0
[21:58:20] [clawbench_web-014_qwen3.6-27b_20260520_135809] Agent result: passed=False, score=0.2105
[21:58:20] [web-014] Result saved to /Volumes/F/work/ClawEvalkit-private-emnlp/outputs/harness/memory/clawbench-official/qwen3.6-27b/web-014.json
[21:58:24] [clawbench_wfl-001_qwen3.6-27b_20260520_135820] Container started
[21:58:24] [wfl-001] Harness detected, timeout adjusted: 120 → 300
[21:58:35]   [container] [setup] 运行 setup.sh: /app/claw-bench/tasks/workflow-automation/wfl-001-conditional-file-processing/environment/setup.sh
[21:58:35]   [container] [setup] setup.sh 成功
[21:58:35]   [container] [setup] 工作空间文件: ['config.json', 'instruction.md', 'input.txt']
[21:58:35]   [container] DONE
[21:58:35] [clawbench_wfl-001_qwen3.6-27b_20260520_135820] Agent finished in 10.20s, returncode=0
[21:58:35] [clawbench_wfl-001_qwen3.6-27b_20260520_135820] Agent result: passed=False, score=0.7000
[21:58:35] [wfl-001] Result saved to /Volumes/F/work/ClawEvalkit-private-emnlp/outputs/harness/memory/clawbench-official/qwen3.6-27b/wfl-001.json
[21:58:38] [clawbench_wfl-002_qwen3.6-27b_20260520_135835] Container started
[21:58:38] [wfl-002] Harness detected, timeout adjusted: 120 → 300
[21:58:45]   [container] [setup] 运行 setup.sh: /app/claw-bench/tasks/workflow-automation/wfl-002-sequential-task-execution/environment/setup.sh
[21:58:45]   [container] [setup] setup.sh 成功
[21:58:45]   [container] [setup] 工作空间文件: ['instruction.md', 'input.txt', 'tasks.json']
[21:58:45]   [container] DONE
[21:58:45] [clawbench_wfl-002_qwen3.6-27b_20260520_135835] Agent finished in 7.02s, returncode=0
[21:58:45] [clawbench_wfl-002_qwen3.6-27b_20260520_135835] Agent result: passed=False, score=0.4667
[21:58:45] [wfl-002] Result saved to /Volumes/F/work/ClawEvalkit-private-emnlp/outputs/harness/memory/clawbench-official/qwen3.6-27b/wfl-002.json
[21:58:48] [clawbench_wfl-003_qwen3.6-27b_20260520_135845] Container started
[21:58:48] [wfl-003] Harness detected, timeout adjusted: 180 → 360
[21:59:08]   [container] [setup] 运行 setup.sh: /app/claw-bench/tasks/web-browsing/web-015-cookie-policy-analyzer/environment/setup.sh
[21:59:08]   [container] [setup] setup.sh 成功
[21:59:08]   [container] [setup] 工作空间文件: ['instruction.md', 'cookies.json']
[21:59:08]   [container] DONE
[21:59:08]   [container-err] Loading weights:   0%|          | 0/103 [00:00<?, ?it/s]
[21:59:08]   [container-err] Loading weights: 100%|██████████| 103/103 [00:00<00:00, 26659.26it/s]
[21:59:08]   [container-err] [1mBertModel LOAD REPORT[0m from: sentence-transformers/all-MiniLM-L6-v2
[21:59:08]   [container-err] Key                     | Status     |  | 
[21:59:08]   [container-err] ------------------------+------------+--+-
[21:59:08]   [container-err] embeddings.position_ids | UNEXPECTED |  | 
[21:59:08]   [container-err] 
[21:59:08]   [container-err] Notes:
[21:59:08]   [container-err] - UNEXPECTED:	can be ignored when loading from different task/architecture; not ok if you expect identical arch.
[21:59:08] [clawbench_web-015_qwen3.6-27b_20260520_135813] Agent finished in 52.99s, returncode=0
[21:59:08] [clawbench_web-015_qwen3.6-27b_20260520_135813] Agent result: passed=False, score=0.6957
[21:59:09] [web-015] Result saved to /Volumes/F/work/ClawEvalkit-private-emnlp/outputs/harness/memory/clawbench-official/qwen3.6-27b/web-015.json
[21:59:15] [clawbench_wfl-004_qwen3.6-27b_20260520_135909] Container started
[21:59:15] [wfl-004] Harness detected, timeout adjusted: 180 → 360
[21:59:30]   [container] [setup] 运行 setup.sh: /app/claw-bench/tasks/workflow-automation/wfl-003-multi-step-data-pipeline/environment/setup.sh
[21:59:30]   [container] [setup] setup.sh 成功
[21:59:30]   [container] [setup] 工作空间文件: ['data.csv', 'instruction.md', 'pipeline.json']
[21:59:30]   [container] DONE
[21:59:30]   [container-err] Loading weights:   0%|          | 0/103 [00:00<?, ?it/s]
[21:59:30]   [container-err] Loading weights: 100%|██████████| 103/103 [00:00<00:00, 31944.20it/s]
[21:59:30]   [container-err] [1mBertModel LOAD REPORT[0m from: sentence-transformers/all-MiniLM-L6-v2
[21:59:30]   [container-err] Key                     | Status     |  | 
[21:59:30]   [container-err] ------------------------+------------+--+-
[21:59:30]   [container-err] embeddings.position_ids | UNEXPECTED |  | 
[21:59:30]   [container-err] 
[21:59:30]   [container-err] Notes:
[21:59:30]   [container-err] - UNEXPECTED:	can be ignored when loading from different task/architecture; not ok if you expect identical arch.
[21:59:30] [clawbench_wfl-003_qwen3.6-27b_20260520_135845] Agent finished in 41.29s, returncode=0
[21:59:30] [clawbench_wfl-003_qwen3.6-27b_20260520_135845] Agent result: passed=False, score=0.9444
[21:59:30] [wfl-003] Result saved to /Volumes/F/work/ClawEvalkit-private-emnlp/outputs/harness/memory/clawbench-official/qwen3.6-27b/wfl-003.json
[21:59:34]   [container] [setup] 运行 setup.sh: /app/claw-bench/tasks/workflow-automation/wfl-004-retry-with-backoff/environment/setup.sh
[21:59:34]   [container] [setup] setup.sh 成功
[21:59:34]   [container] [setup] 工作空间文件: ['instruction.md', 'jobs.json']
[21:59:34]   [container] DONE
[21:59:34] [clawbench_wfl-004_qwen3.6-27b_20260520_135909] Agent finished in 18.97s, returncode=0
[21:59:34] [clawbench_wfl-004_qwen3.6-27b_20260520_135909] Agent result: passed=False, score=0.4118
[21:59:34] [wfl-004] Result saved to /Volumes/F/work/ClawEvalkit-private-emnlp/outputs/harness/memory/clawbench-official/qwen3.6-27b/wfl-004.json
[21:59:35] [clawbench_wfl-005_qwen3.6-27b_20260520_135930] Container started
[21:59:35] [wfl-005] Harness detected, timeout adjusted: 180 → 360
[21:59:36] [clawbench_wfl-006_qwen3.6-27b_20260520_135934] Container started
[21:59:36] [wfl-006] Harness detected, timeout adjusted: 180 → 360
[21:59:44]   [container] [setup] 运行 setup.sh: /app/claw-bench/tasks/workflow-automation/wfl-005-parallel-task-fanout/environment/setup.sh
[21:59:44]   [container] [setup] setup.sh 成功
[21:59:44]   [container] [setup] 工作空间文件: ['instruction.md']
[21:59:44]   [container] DONE
[21:59:44] [clawbench_wfl-005_qwen3.6-27b_20260520_135930] Agent finished in 8.89s, returncode=0
[21:59:44] [clawbench_wfl-005_qwen3.6-27b_20260520_135930] Agent result: passed=False, score=0.2222
[21:59:45] [wfl-005] Result saved to /Volumes/F/work/ClawEvalkit-private-emnlp/outputs/harness/memory/clawbench-official/qwen3.6-27b/wfl-005.json
[21:59:48]   [container] [setup] 运行 setup.sh: /app/claw-bench/tasks/workflow-automation/wfl-006-event-driven-workflow/environment/setup.sh
[21:59:48]   [container] [setup] setup.sh 成功
[21:59:48]   [container] [setup] 工作空间文件: ['events.json', 'instruction.md', 'rules.json']
[21:59:48]   [container] DONE
[21:59:48] [clawbench_wfl-006_qwen3.6-27b_20260520_135934] Agent finished in 11.31s, returncode=0
[21:59:48] [clawbench_wfl-006_qwen3.6-27b_20260520_135934] Agent result: passed=False, score=0.3889
[21:59:48] [wfl-006] Result saved to /Volumes/F/work/ClawEvalkit-private-emnlp/outputs/harness/memory/clawbench-official/qwen3.6-27b/wfl-006.json
[21:59:48] [clawbench_wfl-007_qwen3.6-27b_20260520_135945] Container started
[21:59:48] [wfl-007] Harness detected, timeout adjusted: 240 → 420
[21:59:50] [clawbench_wfl-008_qwen3.6-27b_20260520_135948] Container started
[21:59:50] [wfl-008] Harness detected, timeout adjusted: 240 → 420
[22:00:14]   [container] [setup] 运行 setup.sh: /app/claw-bench/tasks/workflow-automation/wfl-008-error-handling-workflow/environment/setup.sh
[22:00:14]   [container] [setup] setup.sh 成功
[22:00:14]   [container] [setup] 工作空间文件: ['workflow_steps.json', 'instruction.md']
[22:00:14]   [container] DONE
[22:00:14] [clawbench_wfl-008_qwen3.6-27b_20260520_135948] Agent finished in 23.59s, returncode=0
[22:00:14] [clawbench_wfl-008_qwen3.6-27b_20260520_135948] Agent result: passed=False, score=0.2727
[22:00:15] [wfl-008] Result saved to /Volumes/F/work/ClawEvalkit-private-emnlp/outputs/harness/memory/clawbench-official/qwen3.6-27b/wfl-008.json
[22:00:18] [clawbench_wfl-009_qwen3.6-27b_20260520_140015] Container started
[22:00:18] [wfl-009] Harness detected, timeout adjusted: 300 → 480
[22:00:27]   [container] [setup] 运行 setup.sh: /app/claw-bench/tasks/workflow-automation/wfl-009-scheduled-workflow-plan/environment/setup.sh
[22:00:27]   [container] [setup] setup.sh 成功
[22:00:27]   [container] [setup] 工作空间文件: ['instruction.md', 'tasks.json']
[22:00:27]   [container] DONE
[22:00:27] [clawbench_wfl-009_qwen3.6-27b_20260520_140015] Agent finished in 8.51s, returncode=0
[22:00:27] [clawbench_wfl-009_qwen3.6-27b_20260520_140015] Agent result: passed=False, score=0.3182
[22:00:27] [wfl-009] Result saved to /Volumes/F/work/ClawEvalkit-private-emnlp/outputs/harness/memory/clawbench-official/qwen3.6-27b/wfl-009.json
[22:00:31] [clawbench_wfl-010_qwen3.6-27b_20260520_140027] Container started
[22:00:31] [wfl-010] Harness detected, timeout adjusted: 360 → 540
[22:00:57]   [container] [setup] 运行 setup.sh: /app/claw-bench/tasks/workflow-automation/wfl-007-branching-workflow/environment/setup.sh
[22:00:57]   [container] [setup] setup.sh 成功
[22:00:57]   [container] [setup] 工作空间文件: ['workflow.json', 'instruction.md', 'applications.json']
[22:00:57]   [container] DONE
[22:00:57]   [container-err] Loading weights:   0%|          | 0/103 [00:00<?, ?it/s]
[22:00:57]   [container-err] Loading weights: 100%|██████████| 103/103 [00:00<00:00, 10875.10it/s]
[22:00:57]   [container-err] [1mBertModel LOAD REPORT[0m from: sentence-transformers/all-MiniLM-L6-v2
[22:00:57]   [container-err] Key                     | Status     |  | 
[22:00:57]   [container-err] ------------------------+------------+--+-
[22:00:57]   [container-err] embeddings.position_ids | UNEXPECTED |  | 
[22:00:57]   [container-err] 
[22:00:57]   [container-err] Notes:
[22:00:57]   [container-err] - UNEXPECTED:	can be ignored when loading from different task/architecture; not ok if you expect identical arch.
[22:00:57] [clawbench_wfl-007_qwen3.6-27b_20260520_135945] Agent finished in 68.53s, returncode=0
[22:00:57] [clawbench_wfl-007_qwen3.6-27b_20260520_135945] Agent result: passed=True, score=1.0000
[22:00:58] [wfl-007] Result saved to /Volumes/F/work/ClawEvalkit-private-emnlp/outputs/harness/memory/clawbench-official/qwen3.6-27b/wfl-007.json
[22:01:00] [clawbench_wfl-011_qwen3.6-27b_20260520_140058] Container started
[22:01:00] [wfl-011] Harness detected, timeout adjusted: 120 → 300
[22:01:59]   [container] [setup] 运行 setup.sh: /app/claw-bench/tasks/workflow-automation/wfl-010-complex-multi-system-integration/environment/setup.sh
[22:01:59]   [container] [setup] setup.sh 成功
[22:01:59]   [container] [setup] 工作空间文件: ['orders.csv', 'pricing_rules.json', 'customers.json', 'instruction.md']
[22:01:59]   [container] DONE
[22:01:59] [clawbench_wfl-010_qwen3.6-27b_20260520_140027] Agent finished in 88.09s, returncode=0
[22:01:59] [clawbench_wfl-010_qwen3.6-27b_20260520_140027] Agent result: passed=False, score=0.2963
[22:01:59] [wfl-010] Result saved to /Volumes/F/work/ClawEvalkit-private-emnlp/outputs/harness/memory/clawbench-official/qwen3.6-27b/wfl-010.json
[22:02:02] [clawbench_wfl-012_qwen3.6-27b_20260520_140159] Container started
[22:02:02] [wfl-012] Harness detected, timeout adjusted: 120 → 300
[22:02:49]   [container] [setup] 运行 setup.sh: /app/claw-bench/tasks/workflow-automation/wfl-012-batch-file-renamer/environment/setup.sh
[22:02:49]   [container] [setup] setup.sh 成功
[22:02:49]   [container] [setup] 工作空间文件: ['rename_rules.json', 'file_list.json', 'instruction.md']
[22:02:49]   [container] DONE
[22:02:49] [clawbench_wfl-012_qwen3.6-27b_20260520_140159] Agent finished in 46.67s, returncode=0
[22:02:49] [clawbench_wfl-012_qwen3.6-27b_20260520_140159] Agent result: passed=False, score=0.0000
[22:02:49] [wfl-012] Result saved to /Volumes/F/work/ClawEvalkit-private-emnlp/outputs/harness/memory/clawbench-official/qwen3.6-27b/wfl-012.json
[22:02:55] [clawbench_wfl-013_qwen3.6-27b_20260520_140249] Container started
[22:02:55] [wfl-013] Harness detected, timeout adjusted: 120 → 300
[22:04:39]   [container] [setup] 运行 setup.sh: /app/claw-bench/tasks/workflow-automation/wfl-013-task-scheduler/environment/setup.sh
[22:04:39]   [container] [setup] setup.sh 成功
[22:04:39]   [container] [setup] 工作空间文件: ['instruction.md', 'tasks.json']
[22:04:39]   [container] DONE
[22:04:39]   [container-err] Loading weights:   0%|          | 0/103 [00:00<?, ?it/s]
[22:04:39]   [container-err] Loading weights: 100%|██████████| 103/103 [00:00<00:00, 75303.00it/s]
[22:04:39]   [container-err] [1mBertModel LOAD REPORT[0m from: sentence-transformers/all-MiniLM-L6-v2
[22:04:39]   [container-err] Key                     | Status     |  | 
[22:04:39]   [container-err] ------------------------+------------+--+-
[22:04:39]   [container-err] embeddings.position_ids | UNEXPECTED |  | 
[22:04:39]   [container-err] 
[22:04:39]   [container-err] Notes:
[22:04:39]   [container-err] - UNEXPECTED:	can be ignored when loading from different task/architecture; not ok if you expect identical arch.
[22:04:39] [clawbench_wfl-013_qwen3.6-27b_20260520_140249] Agent finished in 104.66s, returncode=0
[22:04:39] [clawbench_wfl-013_qwen3.6-27b_20260520_140249] Agent result: passed=True, score=1.0000
[22:04:40] [wfl-013] Result saved to /Volumes/F/work/ClawEvalkit-private-emnlp/outputs/harness/memory/clawbench-official/qwen3.6-27b/wfl-013.json
[22:04:43] [clawbench_wfl-014_qwen3.6-27b_20260520_140440] Container started
[22:04:43] [wfl-014] Harness detected, timeout adjusted: 120 → 300
[22:05:47]   [container] [setup] 运行 setup.sh: /app/claw-bench/tasks/workflow-automation/wfl-014-data-pipeline-orchestrator/environment/setup.sh
[22:05:47]   [container] [setup] setup.sh 成功
[22:05:47]   [container] [setup] 工作空间文件: ['instruction.md', 'transforms.json']
[22:05:47]   [container] DONE
[22:05:47]   [container-err] Loading weights:   0%|          | 0/103 [00:00<?, ?it/s]
[22:05:47]   [container-err] Loading weights: 100%|██████████| 103/103 [00:00<00:00, 30084.49it/s]
[22:05:47]   [container-err] [1mBertModel LOAD REPORT[0m from: sentence-transformers/all-MiniLM-L6-v2
[22:05:47]   [container-err] Key                     | Status     |  | 
[22:05:47]   [container-err] ------------------------+------------+--+-
[22:05:47]   [container-err] embeddings.position_ids | UNEXPECTED |  | 
[22:05:47]   [container-err] 
[22:05:47]   [container-err] Notes:
[22:05:47]   [container-err] - UNEXPECTED:	can be ignored when loading from different task/architecture; not ok if you expect identical arch.
[22:05:47] [clawbench_wfl-014_qwen3.6-27b_20260520_140440] Agent finished in 64.47s, returncode=0
[22:05:47] [clawbench_wfl-014_qwen3.6-27b_20260520_140440] Agent result: passed=True, score=1.0000
[22:05:48] [wfl-014] Result saved to /Volumes/F/work/ClawEvalkit-private-emnlp/outputs/harness/memory/clawbench-official/qwen3.6-27b/wfl-014.json
[22:05:51] [clawbench_wfl-015_qwen3.6-27b_20260520_140548] Container started
[22:05:51] [wfl-015] Harness detected, timeout adjusted: 120 → 300
[22:06:04]   [container] [setup] 运行 setup.sh: /app/claw-bench/tasks/workflow-automation/wfl-011-pipeline-validator/environment/setup.sh
[22:06:04]   [container] [setup] setup.sh 成功
[22:06:04]   [container] [setup] 工作空间文件: ['instruction.md', 'pipeline.json']
[22:06:04]   [container] [_run_loop] Empty response at iteration 1, retrying once
[22:06:04]   [container] [_run_loop] Retry got tool_calls at iteration 1
[22:06:04]   [container] DONE
[22:06:04] [clawbench_wfl-011_qwen3.6-27b_20260520_140058] Agent finished in 303.79s, returncode=0
[22:06:04] [clawbench_wfl-011_qwen3.6-27b_20260520_140058] Agent result: passed=False, score=0.0000
[22:06:04] [wfl-011] Result saved to /Volumes/F/work/ClawEvalkit-private-emnlp/outputs/harness/memory/clawbench-official/qwen3.6-27b/wfl-011.json
[22:06:08] [clawbench_wfl-016_qwen3.6-27b_20260520_140604] Container started
[22:06:08] [wfl-016] Harness detected, timeout adjusted: 240 → 420
[22:07:15]   [container] [setup] 运行 setup.sh: /app/claw-bench/tasks/workflow-automation/wfl-016-onboarding-checklist/environment/setup.sh
[22:07:15]   [container] [setup] setup.sh 成功
[22:07:15]   [container] [setup] 工作空间文件: ['instruction.md', 'new_hire.json', 'equipment_by_dept.json']
[22:07:15]   [container] DONE
[22:07:15]   [container-err] Loading weights:   0%|          | 0/103 [00:00<?, ?it/s]
[22:07:15]   [container-err] Loading weights: 100%|██████████| 103/103 [00:00<00:00, 39388.52it/s]
[22:07:15]   [container-err] [1mBertModel LOAD REPORT[0m from: sentence-transformers/all-MiniLM-L6-v2
[22:07:15]   [container-err] Key                     | Status     |  | 
[22:07:15]   [container-err] ------------------------+------------+--+-
[22:07:15]   [container-err] embeddings.position_ids | UNEXPECTED |  | 
[22:07:15]   [container-err] 
[22:07:15]   [container-err] Notes:
[22:07:15]   [container-err] - UNEXPECTED:	can be ignored when loading from different task/architecture; not ok if you expect identical arch.
[22:07:15] [clawbench_wfl-016_qwen3.6-27b_20260520_140604] Agent finished in 66.75s, returncode=0
[22:07:15] [clawbench_wfl-016_qwen3.6-27b_20260520_140604] Agent result: passed=True, score=1.0000
[22:07:16] [wfl-016] Result saved to /Volumes/F/work/ClawEvalkit-private-emnlp/outputs/harness/memory/clawbench-official/qwen3.6-27b/wfl-016.json
[22:07:18]   [container] [setup] 运行 setup.sh: /app/claw-bench/tasks/workflow-automation/wfl-015-notification-dispatcher/environment/setup.sh
[22:07:18]   [container] [setup] setup.sh 失败 (rc=1)
[22:07:18]   [container] [setup] stderr: cp: cannot stat '/app/claw-bench/tasks/workflow-automation/wfl-015-notification-dispatcher/environment/data/events.jsonl': No such file or directory
[22:07:18]   [container] 
[22:07:18]   [container] [setup] 重试 (bash -x) ...
[22:07:18]   [container] [setup] 重试也失败 (rc=1)
[22:07:18]   [container] [setup] stderr: + set -euo pipefail
[22:07:18]   [container] +++ dirname /app/claw-bench/tasks/workflow-automation/wfl-015-notification-dispatcher/environment/setup.sh
[22:07:18]   [container] ++ cd /app/claw-bench/tasks/workflow-automation/wfl-015-notification-dispatcher/environment/..
[22:07:18]   [container] ++ pwd
[22:07:18]   [container] + TASK_DIR=/app/claw-bench/tasks/workflow-automation/wfl-015-notification-dispatcher
[22:07:18]   [container] + WORKSPACE=/tmp/clawbench_workspace
[22:07:18]   [container] + mkdir -p /tmp/clawbench_workspace
[22:07:18]   [container] + cp /app/claw-bench/tasks/workflow-automation/wfl-015-notification-dispatcher/environment/data/events.jsonl /tmp/clawbench_workspace/
[22:07:18]   [container] cp: cannot stat '/app/claw-bench/tasks/workflow-automation/wfl-015-notification-dispatcher/environment/data/events.jsonl': No such file or directory
[22:07:18]   [container] 
[22:07:18]   [container] [setup] 工作空间文件: ['instruction.md', 'routing_rules.json']
[22:07:18]   [container] DONE
[22:07:18]   [container-err] Loading weights:   0%|          | 0/103 [00:00<?, ?it/s]
[22:07:18]   [container-err] Loading weights: 100%|██████████| 103/103 [00:00<00:00, 13566.55it/s]
[22:07:18]   [container-err] [1mBertModel LOAD REPORT[0m from: sentence-transformers/all-MiniLM-L6-v2
[22:07:18]   [container-err] Key                     | Status     |  | 
[22:07:18]   [container-err] ------------------------+------------+--+-
[22:07:18]   [container-err] embeddings.position_ids | UNEXPECTED |  | 
[22:07:18]   [container-err] 
[22:07:18]   [container-err] Notes:
[22:07:18]   [container-err] - UNEXPECTED:	can be ignored when loading from different task/architecture; not ok if you expect identical arch.
[22:07:18] [clawbench_wfl-015_qwen3.6-27b_20260520_140548] Agent finished in 87.12s, returncode=0
[22:07:18] [clawbench_wfl-015_qwen3.6-27b_20260520_140548] Agent result: passed=False, score=0.2500
[22:07:18] [wfl-015] Result saved to /Volumes/F/work/ClawEvalkit-private-emnlp/outputs/harness/memory/clawbench-official/qwen3.6-27b/wfl-015.json
[22:07:19] [clawbench_wfl-017_qwen3.6-27b_20260520_140716] Container started
[22:07:19] [wfl-017] Harness detected, timeout adjusted: 180 → 360
[22:08:55]   [container] [setup] 运行 setup.sh: /app/claw-bench/tasks/workflow-automation/wfl-017-standup-aggregator/environment/setup.sh
[22:08:55]   [container] [setup] setup.sh 成功
[22:08:55]   [container] [setup] 工作空间文件: ['dave.json', 'alice.json', 'instruction.md', 'carol.json', 'bob.json']
[22:08:55]   [container] DONE
[22:08:55]   [container-err] Loading weights:   0%|          | 0/103 [00:00<?, ?it/s]
[22:08:55]   [container-err] Loading weights: 100%|██████████| 103/103 [00:00<00:00, 29486.95it/s]
[22:08:55]   [container-err] [1mBertModel LOAD REPORT[0m from: sentence-transformers/all-MiniLM-L6-v2
[22:08:55]   [container-err] Key                     | Status     |  | 
[22:08:55]   [container-err] ------------------------+------------+--+-
[22:08:55]   [container-err] embeddings.position_ids | UNEXPECTED |  | 
[22:08:55]   [container-err] 
[22:08:55]   [container-err] Notes:
[22:08:55]   [container-err] - UNEXPECTED:	can be ignored when loading from different task/architecture; not ok if you expect identical arch.
[22:08:55] [clawbench_wfl-017_qwen3.6-27b_20260520_140716] Agent finished in 95.86s, returncode=0
[22:08:55] [clawbench_wfl-017_qwen3.6-27b_20260520_140716] Agent result: passed=True, score=1.0000
[22:08:55] [wfl-017] Result saved to /Volumes/F/work/ClawEvalkit-private-emnlp/outputs/harness/memory/clawbench-official/qwen3.6-27b/wfl-017.json
[22:08:55]   [clawbench-official×qwen3.6-27b] done: score=81.8, scored=175/303
[22:08:55] 

